source,target
MALTPTabcpp,MALTPTtexi
MALTPTabcpp,MLTG3
MALTPTabcpp,MLTP1
MALTPTabcpp,MLTP2
MALTPTabcpp,MLTG4
23DOGULNt4pp,DOGULNR
TSULabcpp,CYANST
TSULabcpp,TSULtex
TSULabcpp,CYANSTpp
RHAT1,TDPDRR
RHAT1,GLCTR1
RHAT1,MOAT3C
CBLAT,ADOCBLabcpp
CBLAT,CBL1abcpp
CBLAT,BIOMASS_Ec_iML1515_WT_75p37M
CBLAT,ADOCBLS
MOBDtex,EX_mobd_e
MOBDtex,MOBDabcpp
3HAD140,U23GAAT
3HAD140,EAR140y
3HAD140,EAR140x
3HAD140,3OAR140
3HAD140,UAGAAT
ACPPAT120,AACPS2
ACPPAT120,G3PAT120
ACPPAT120,AGPAT181
ACPPAT120,G3PAT141
ACPPAT120,3OAS140
ACPPAT120,AACPS8
ACPPAT120,G3PAT160
ACPPAT120,AACPS6
ACPPAT120,ACPPAT181
ACPPAT120,AGPAT140
ACPPAT120,AACPS3
ACPPAT120,EDTXS2
ACPPAT120,FA161ACPHi
ACPPAT120,G3PAT161
ACPPAT120,3OAS80
ACPPAT120,3OAS100
ACPPAT120,FA80ACPHi
ACPPAT120,U23GAAT
ACPPAT120,ACPPAT141
ACPPAT120,ACPPAT161
ACPPAT120,MCOATA
ACPPAT120,3OAS141
ACPPAT120,LIPOCT
ACPPAT120,ACOATA
ACPPAT120,AACPS1
ACPPAT120,G3PAT180
ACPPAT120,APG3PAT120
ACPPAT120,FA140ACPHi
ACPPAT120,EDTXS4
ACPPAT120,3OAS121
ACPPAT120,AGPAT160
ACPPAT120,AACPS7
ACPPAT120,EDTXS3
ACPPAT120,AGPAT161
ACPPAT120,EDTXS1
ACPPAT120,EAR120x
ACPPAT120,3OAS60
ACPPAT120,G3PAT140
ACPPAT120,3OAS180
ACPPAT120,UAGAAT
ACPPAT120,AACPS5
ACPPAT120,APH120
ACPPAT120,ACPS1
ACPPAT120,KAS14
ACPPAT120,OPMEACPS
ACPPAT120,FA120ACPHi
ACPPAT120,EAR120y
ACPPAT120,FA100ACPHi
ACPPAT120,AOXSr2
ACPPAT120,3OAS160
ACPPAT120,FA160ACPHi
ACPPAT120,AGPAT120
ACPPAT120,G3PAT181
ACPPAT120,3OAS181
ACPPAT120,AACPS9
ACPPAT120,AGPAT180
ACPPAT120,ACPPAT160
ACPPAT120,3OAS120
ACPPAT120,AACPS4
ACPPAT120,ACPPAT140
ACPPAT120,AGPAT141
ACPPAT120,FA141ACPHi
ACPPAT120,3OAS161
ACPPAT120,ACPPAT180
42A12BOOXpp,DOPAtex
42A12BOOXpp,PEAMNOpp
42A12BOOXpp,H2O2tex
42A12BOOXpp,SPODMpp
42A12BOOXpp,TYROXDApp
42A12BOOXpp,34dhpactex
RNDR2,RNDR4
RNDR2,RNDR3
RNDR2,PAPSR
RNDR2,THIORDXi
RNDR2,METSOXR2
RNDR2,RNDR1
RNDR2,TRDR
RNDR2,METSOXR1
RNDR2,DSBDR
N2Otpp,N2Otex
N2Otpp,FESD2s
N2Otpp,NHFRBO
CU2abcpp,BIOMASS_Ec_iML1515_WT_75p37M
CU2abcpp,CU2tpp
CU2abcpp,BIOMASS_Ec_iML1515_core_75p37M
CU2abcpp,MPTS
CU2abcpp,BWCOS
CU2abcpp,WCOS
CU2abcpp,CU1Opp
CU2abcpp,MOCOS
CU2abcpp,BMOCOS
TGBPA,PFK_2
EX_ala_B_e,BALAtex
EX_sel_e,SELtex
3OAR40,KAS15
3OAR40,KAS14
3OAR40,3HAD40
CU1Opp,CU2tpp
CU1Opp,CUtex
CU1Opp,CU1abcpp
CU1Opp,CUt2pp
O16GALFT,O16GLCT1
O16GALFT,O16GLCT2
O16GALFT,UDPGALM
CPPPGO2,PPPGO3
CPPPGO2,PPPGO
CPPPGO2,UPPDC1
CPPPGO2,CPPPGO
H2O2tex,PEAMNOpp
H2O2tex,EX_h2o2_e
H2O2tex,SPODMpp
H2O2tex,TYROXDApp
EX_galctn__L_e,GALCTNLtex
EX_mepn_e,MEPNtex
METGLCURt2pp,METGLCUR
METGLCURt2pp,METGLCURtex
EX_maltttr_e,MALTTTRtexi
ACOATA,AACPS2
ACOATA,G3PAT120
ACOATA,AGPAT181
ACOATA,G3PAT141
ACOATA,3OAS140
ACOATA,AACPS8
ACOATA,G3PAT160
ACOATA,AACPS6
ACOATA,ACPPAT181
ACOATA,AGPAT140
ACOATA,AACPS3
ACOATA,EDTXS2
ACOATA,FA161ACPHi
ACOATA,G3PAT161
ACOATA,3OAS80
ACOATA,3OAS100
ACOATA,FA80ACPHi
ACOATA,U23GAAT
ACOATA,ACPPAT141
ACOATA,ACPPAT161
ACOATA,MCOATA
ACOATA,3OAS141
ACOATA,LIPOCT
ACOATA,AACPS1
ACOATA,G3PAT180
ACOATA,FA140ACPHi
ACOATA,EDTXS4
ACOATA,3OAS121
ACOATA,AGPAT160
ACOATA,AACPS7
ACOATA,EDTXS3
ACOATA,AGPAT161
ACOATA,EDTXS1
ACOATA,3OAS60
ACOATA,G3PAT140
ACOATA,3OAS180
ACOATA,UAGAAT
ACOATA,AACPS5
ACOATA,ACPS1
ACOATA,KAS14
ACOATA,OPMEACPS
ACOATA,MACPD
ACOATA,FA120ACPHi
ACOATA,FA100ACPHi
ACOATA,AOXSr2
ACOATA,3OAS160
ACOATA,FA160ACPHi
ACOATA,AGPAT120
ACOATA,G3PAT181
ACOATA,3OAS181
ACOATA,AGPAT180
ACOATA,ACPPAT160
ACOATA,3OAS120
ACOATA,AACPS9
ACOATA,AACPS4
ACOATA,ACPPAT140
ACOATA,AGPAT141
ACOATA,FA141ACPHi
ACOATA,3OAS161
ACOATA,ACPPAT180
3OAS180,AACPS2
3OAS180,G3PAT120
3OAS180,EAR160x
3OAS180,AGPAT181
3OAS180,G3PAT141
3OAS180,3OAS140
3OAS180,AACPS8
3OAS180,G3PAT160
3OAS180,AACPS6
3OAS180,ACPPAT181
3OAS180,AGPAT140
3OAS180,AACPS3
3OAS180,EDTXS2
3OAS180,FA161ACPHi
3OAS180,G3PAT161
3OAS180,3OAS80
3OAS180,3OAR180
3OAS180,3OAS100
3OAS180,FA80ACPHi
3OAS180,U23GAAT
3OAS180,ACPPAT141
3OAS180,KAS15
3OAS180,ACPPAT161
3OAS180,MCOATA
3OAS180,3OAS141
3OAS180,LIPOCT
3OAS180,AACPS1
3OAS180,G3PAT180
3OAS180,FA140ACPHi
3OAS180,EDTXS4
3OAS180,3OAS121
3OAS180,AGPAT160
3OAS180,AACPS7
3OAS180,EDTXS3
3OAS180,AGPAT161
3OAS180,EDTXS1
3OAS180,3OAS60
3OAS180,G3PAT140
3OAS180,OGMEACPS
3OAS180,UAGAAT
3OAS180,AACPS5
3OAS180,ACPS1
3OAS180,KAS14
3OAS180,OPMEACPS
3OAS180,MACPD
3OAS180,EAR160y
3OAS180,FA120ACPHi
3OAS180,FA100ACPHi
3OAS180,AOXSr2
3OAS180,3OAS160
3OAS180,FA160ACPHi
3OAS180,AGPAT120
3OAS180,G3PAT181
3OAS180,3OAS181
3OAS180,AGPAT180
3OAS180,ACPPAT160
3OAS180,3OAS120
3OAS180,AACPS9
3OAS180,AACPS4
3OAS180,ACPPAT140
3OAS180,AGPAT141
3OAS180,FA141ACPHi
3OAS180,3OAS161
3OAS180,ACPPAT180
BSORy,BIOMASS_Ec_iML1515_core_75p37M
BSORy,BIOMASS_Ec_iML1515_WT_75p37M
BSORy,BTNt2ipp
BSORy,BTS5
BSORy,BSORx
ALPATG160pp,ALPATE160pp
GALCTNLt2pp,GALCTNLtex
GALCTNLt2pp,GALCTLO
ECAP3pp,O16AP2pp
ECAP3pp,UDCPDPpp
ECAP3pp,COLIPAKpp
ECAP3pp,ECAP1pp
ECAP3pp,ECAP2pp
ECAP3pp,ECA4OALpp
ECAP3pp,O16AP3pp
ECAP3pp,O16A4Lpp
ECAP3pp,O16AP1pp
ECAP3pp,ECAtpp
UDPGtex,UDPGPpp
UDPGtex,EX_udpg_e
3OAS60,AACPS2
3OAS60,G3PAT120
3OAS60,AGPAT181
3OAS60,G3PAT141
3OAS60,3OAS140
3OAS60,AACPS8
3OAS60,G3PAT160
3OAS60,AACPS6
3OAS60,ACPPAT181
3OAS60,AGPAT140
3OAS60,AACPS3
3OAS60,EDTXS2
3OAS60,FA161ACPHi
3OAS60,G3PAT161
3OAS60,3OAS80
3OAS60,3OAS100
3OAS60,FA80ACPHi
3OAS60,U23GAAT
3OAS60,ACPPAT141
3OAS60,KAS15
3OAS60,ACPPAT161
3OAS60,EAR40x
3OAS60,MCOATA
3OAS60,3OAS141
3OAS60,LIPOCT
3OAS60,AACPS1
3OAS60,G3PAT180
3OAS60,FA140ACPHi
3OAS60,EDTXS4
3OAS60,3OAS121
3OAS60,AGPAT160
3OAS60,AACPS7
3OAS60,EDTXS3
3OAS60,AGPAT161
3OAS60,EDTXS1
3OAS60,G3PAT140
3OAS60,OGMEACPS
3OAS60,UAGAAT
3OAS60,AACPS5
3OAS60,EAR40y
3OAS60,ACPS1
3OAS60,KAS14
3OAS60,OPMEACPS
3OAS60,MACPD
3OAS60,3OAR60
3OAS60,FA120ACPHi
3OAS60,FA100ACPHi
3OAS60,AOXSr2
3OAS60,3OAS160
3OAS60,FA160ACPHi
3OAS60,AGPAT120
3OAS60,G3PAT181
3OAS60,3OAS181
3OAS60,AGPAT180
3OAS60,ACPPAT160
3OAS60,3OAS120
3OAS60,AACPS9
3OAS60,AACPS4
3OAS60,ACPPAT140
3OAS60,AGPAT141
3OAS60,FA141ACPHi
3OAS60,3OAS161
3OAS60,ACPPAT180
ALTRH,DDGLK
ALTRH,TAGURr
ALTRH,MNNH
ALTRH,DDGLCNt2rpp
ZN2tpp,BIOMASS_Ec_iML1515_WT_75p37M
ZN2tpp,BIOMASS_Ec_iML1515_core_75p37M
ZN2tpp,ZNabcpp
ZN2tpp,ZN2abcpp
ZN2tpp,ZN2t3pp
CYANST,PAPSR2
CYANST,FDMO3
CYANST,SULR
CYANST,FDMO2
CYANST,PAPSR
CYANST,FDMO6
CYANST,MCPST
CYANST,FDMO
CYANST,TAUDO
CYANST,FDMO4
NOtex,NOtpp
NOtex,EX_no_e
ZNabcpp,BIOMASS_Ec_iML1515_WT_75p37M
ZNabcpp,BIOMASS_Ec_iML1515_core_75p37M
ZNabcpp,ZN2abcpp
ZNabcpp,ZN2t3pp
PDX5PO2,PYDXK
PDX5PO2,PYDXPP
PDX5PO2,BIOMASS_Ec_iML1515_WT_75p37M
PDX5PO2,BIOMASS_Ec_iML1515_core_75p37M
PDX5PO2,PDX5POi
PDX5PO2,PDXPP
PDX5PO2,PYDXNK
PDX5PO2,PYAM5PO
PDX5PO2,ALATA_D2
PDX5PO2,ALATA_L2
MINCYCtex,MINCYCtpp
NO2t2rpp,NO3t7pp
NO2t2rpp,NO3R1bpp
NO2t2rpp,NTRIR3pp
NO2t2rpp,NO3R1pp
NO2t2rpp,NTRIR4pp
NO2t2rpp,NO3R2bpp
NO2t2rpp,NO2tex
NO2t2rpp,NO3R2pp
NO2t2rpp,NTRIR2x
EX_inost_e,INSTtex
NTRIR3pp,NO3t7pp
NTRIR3pp,NO3R1bpp
NTRIR3pp,NTRIR4pp
NTRIR3pp,NO3R2bpp
NTRIR3pp,NO2tex
HPPPNtex,EX_3hpppn_e
HPPPNtex,HPPPNt2rpp
AGPAT160,AACPS2
AGPAT160,G3PAT120
AGPAT160,EAR160x
AGPAT160,AGPAT181
AGPAT160,G3PAT141
AGPAT160,3OAS140
AGPAT160,AACPS8
AGPAT160,G3PAT160
AGPAT160,AACPS6
AGPAT160,ACPPAT181
AGPAT160,AGPAT140
AGPAT160,AACPS3
AGPAT160,EDTXS2
AGPAT160,FA161ACPHi
AGPAT160,G3PAT161
AGPAT160,3OAS80
AGPAT160,APG3PAT160
AGPAT160,3OAS100
AGPAT160,FA80ACPHi
AGPAT160,U23GAAT
AGPAT160,ACPPAT141
AGPAT160,ACPPAT161
AGPAT160,MCOATA
AGPAT160,3OAS141
AGPAT160,LIPOCT
AGPAT160,AACPS1
AGPAT160,G3PAT180
AGPAT160,FA140ACPHi
AGPAT160,EDTXS4
AGPAT160,3OAS121
AGPAT160,AACPS7
AGPAT160,EDTXS3
AGPAT160,AGPAT161
AGPAT160,EDTXS1
AGPAT160,G3PAT140
AGPAT160,UAGAAT
AGPAT160,AACPS5
AGPAT160,ACPS1
AGPAT160,KAS14
AGPAT160,OPMEACPS
AGPAT160,EAR160y
AGPAT160,FA120ACPHi
AGPAT160,FA100ACPHi
AGPAT160,AOXSr2
AGPAT160,3OAS160
AGPAT160,FA160ACPHi
AGPAT160,AGPAT120
AGPAT160,G3PAT181
AGPAT160,3OAS181
AGPAT160,AGPAT180
AGPAT160,ACPPAT160
AGPAT160,3OAS120
AGPAT160,AACPS9
AGPAT160,AACPS4
AGPAT160,ACPPAT140
AGPAT160,AGPAT141
AGPAT160,FA141ACPHi
AGPAT160,3OAS161
AGPAT160,ACPPAT180
MEPNabcpp,ARMEPNS
MEPNabcpp,MEPNtex
CYSSADS,SO2tpp
CRNDabcpp,CRNDt2rpp
CRNDabcpp,CRNt8pp
EAR100y,FA100ACPHi
EAR100y,T2DECAI
EAR100y,AACPS8
EAR100y,3OAS120
EAR100y,EAR100x
EAR100y,3HAD100
SFGTHi,FALDH2
UACGAMtex,EX_uacgam_e
UACGAMtex,UACGAMPpp
3OAS100,AACPS2
3OAS100,G3PAT120
3OAS100,AGPAT181
3OAS100,G3PAT141
3OAS100,3OAS140
3OAS100,AACPS8
3OAS100,G3PAT160
3OAS100,AACPS6
3OAS100,ACPPAT181
3OAS100,AGPAT140
3OAS100,AACPS3
3OAS100,EDTXS2
3OAS100,FA161ACPHi
3OAS100,3OAS80
3OAS100,G3PAT161
3OAS100,FA80ACPHi
3OAS100,U23GAAT
3OAS100,KAS15
3OAS100,ACPPAT141
3OAS100,ACPPAT161
3OAS100,MCOATA
3OAS100,3OAS141
3OAS100,LIPOCT
3OAS100,AACPS1
3OAS100,EAR80x
3OAS100,G3PAT180
3OAS100,FA140ACPHi
3OAS100,EDTXS4
3OAS100,3OAS121
3OAS100,FA160ACPHi
3OAS100,AACPS7
3OAS100,EDTXS3
3OAS100,AGPAT161
3OAS100,EDTXS1
3OAS100,EAR80y
3OAS100,G3PAT140
3OAS100,OGMEACPS
3OAS100,UAGAAT
3OAS100,AACPS5
3OAS100,ACPS1
3OAS100,KAS14
3OAS100,OPMEACPS
3OAS100,FA120ACPHi
3OAS100,FA100ACPHi
3OAS100,3OAS181
3OAS100,3OAS160
3OAS100,MACPD
3OAS100,AOXSr2
3OAS100,AGPAT120
3OAS100,G3PAT181
3OAS100,AACPS9
3OAS100,3OAS120
3OAS100,AGPAT180
3OAS100,ACPPAT160
3OAS100,3OAR100
3OAS100,AACPS4
3OAS100,ACPPAT140
3OAS100,AGPAT141
3OAS100,FA141ACPHi
3OAS100,3OAS161
3OAS100,ACPPAT180
PSURItpp,PSURItex
PSURItpp,PSURIK
EAR100x,FA100ACPHi
EAR100x,T2DECAI
EAR100x,AACPS8
EAR100x,3OAS120
EAR100x,3HAD100
FA100ACPHi,AACPS2
FA100ACPHi,G3PAT120
FA100ACPHi,AGPAT181
FA100ACPHi,G3PAT141
FA100ACPHi,3OAS140
FA100ACPHi,AACPS8
FA100ACPHi,G3PAT160
FA100ACPHi,AACPS6
FA100ACPHi,ACPPAT181
FA100ACPHi,AGPAT140
FA100ACPHi,AACPS3
FA100ACPHi,EDTXS2
FA100ACPHi,FA161ACPHi
FA100ACPHi,G3PAT161
FA100ACPHi,3OAS80
FA100ACPHi,FA80ACPHi
FA100ACPHi,U23GAAT
FA100ACPHi,ACPPAT141
FA100ACPHi,ACPPAT161
FA100ACPHi,MCOATA
FA100ACPHi,3OAS141
FA100ACPHi,LIPOCT
FA100ACPHi,AACPS1
FA100ACPHi,G3PAT180
FA100ACPHi,FA140ACPHi
FA100ACPHi,EDTXS4
FA100ACPHi,3OAS121
FA100ACPHi,AACPS7
FA100ACPHi,EDTXS3
FA100ACPHi,AGPAT161
FA100ACPHi,EDTXS1
FA100ACPHi,G3PAT140
FA100ACPHi,ACPPAT140
FA100ACPHi,UAGAAT
FA100ACPHi,AACPS5
FA100ACPHi,ACPS1
FA100ACPHi,KAS14
FA100ACPHi,OPMEACPS
FA100ACPHi,FA120ACPHi
FA100ACPHi,AOXSr2
FA100ACPHi,3OAS160
FA100ACPHi,FA160ACPHi
FA100ACPHi,AGPAT120
FA100ACPHi,G3PAT181
FA100ACPHi,3OAS181
FA100ACPHi,AGPAT180
FA100ACPHi,ACPPAT160
FA100ACPHi,3OAS120
FA100ACPHi,AACPS9
FA100ACPHi,AACPS4
FA100ACPHi,FACOAE100
FA100ACPHi,AGPAT141
FA100ACPHi,FA141ACPHi
FA100ACPHi,3OAS161
FA100ACPHi,ACPPAT180
3OAS120,AACPS2
3OAS120,G3PAT120
3OAS120,AGPAT181
3OAS120,G3PAT141
3OAS120,3OAS140
3OAS120,AACPS8
3OAS120,G3PAT160
3OAS120,AACPS6
3OAS120,ACPPAT181
3OAS120,AGPAT140
3OAS120,AACPS3
3OAS120,EDTXS2
3OAS120,FA161ACPHi
3OAS120,G3PAT161
3OAS120,3OAS80
3OAS120,FA80ACPHi
3OAS120,U23GAAT
3OAS120,ACPPAT141
3OAS120,KAS15
3OAS120,ACPPAT161
3OAS120,MCOATA
3OAS120,3OAS141
3OAS120,LIPOCT
3OAS120,AACPS1
3OAS120,G3PAT180
3OAS120,FA140ACPHi
3OAS120,EDTXS4
3OAS120,3OAS121
3OAS120,AACPS7
3OAS120,EDTXS3
3OAS120,AGPAT161
3OAS120,EDTXS1
3OAS120,3OAR120
3OAS120,G3PAT140
3OAS120,OGMEACPS
3OAS120,UAGAAT
3OAS120,AACPS5
3OAS120,ACPS1
3OAS120,KAS14
3OAS120,OPMEACPS
3OAS120,FA120ACPHi
3OAS120,AOXSr2
3OAS120,3OAS160
3OAS120,FA160ACPHi
3OAS120,AGPAT120
3OAS120,G3PAT181
3OAS120,3OAS181
3OAS120,AGPAT180
3OAS120,ACPPAT160
3OAS120,AACPS9
3OAS120,MACPD
3OAS120,AACPS4
3OAS120,ACPPAT140
3OAS120,AGPAT141
3OAS120,FA141ACPHi
3OAS120,3OAS161
3OAS120,ACPPAT180
EX_thm_e,THMtex
FECRMR1,FECRMR2
FECRMR1,FECRMUtpp
FECRMR1,FECRMR3
FECRMR1,FECRMabcpp
CU2tpp,BIOMASS_Ec_iML1515_core_75p37M
CU2tpp,BIOMASS_Ec_iML1515_WT_75p37M
CU2tpp,MPTS
CU2tpp,BWCOS
CU2tpp,WCOS
CU2tpp,MOCOS
CU2tpp,BMOCOS
FEOXAMexs,FEOXAMtonex
FEOXAMexs,FEOXAMUtex
ARBTtex,EX_arbt_e
ARBTtex,ARBTptspp
AACPS4,AACPS2
AACPS4,G3PAT120
AACPS4,EAR161x
AACPS4,AGPAT181
AACPS4,G3PAT141
AACPS4,3OAS140
AACPS4,AACPS8
AACPS4,G3PAT160
AACPS4,AACPS6
AACPS4,ACPPAT181
AACPS4,AGPAT140
AACPS4,AACPS3
AACPS4,EDTXS2
AACPS4,FA161ACPHi
AACPS4,G3PAT161
AACPS4,3OAS80
AACPS4,FA80ACPHi
AACPS4,U23GAAT
AACPS4,ACPPAT141
AACPS4,ACPPAT161
AACPS4,EAR161y
AACPS4,MCOATA
AACPS4,3OAS141
AACPS4,LIPOCT
AACPS4,AACPS1
AACPS4,G3PAT180
AACPS4,FA140ACPHi
AACPS4,EDTXS4
AACPS4,3OAS121
AACPS4,AACPS7
AACPS4,EDTXS3
AACPS4,AGPAT161
AACPS4,EDTXS1
AACPS4,G3PAT140
AACPS4,UAGAAT
AACPS4,AACPS5
AACPS4,ACPS1
AACPS4,KAS14
AACPS4,OPMEACPS
AACPS4,FA120ACPHi
AACPS4,3OAS181
AACPS4,3OAS160
AACPS4,AOXSr2
AACPS4,AGPAT120
AACPS4,G3PAT181
AACPS4,FA160ACPHi
AACPS4,AGPAT180
AACPS4,ACPPAT160
AACPS4,AACPS9
AACPS4,AGPAT141
AACPS4,ACPPAT140
AACPS4,FA141ACPHi
AACPS4,3OAS161
AACPS4,ACPPAT180
MAN6Ptex,MAN6Pt6_2pp
MAN6Ptex,EX_man6p_e
ARABDI,RU5PP
EAR120y,3HAD120
EAR120y,EDTXS1
EAR120y,EAR120x
EAR120y,FA120ACPHi
EAR120y,G3PAT120
EAR120y,AGPAT120
EAR120y,3OAS140
EAR120y,AACPS7
EX_malttr_e,MALTTRtexi
EX_pydx_e,PYDXtex
DSBAO2,DSBAO1
EX_tym_e,TYMtex
METSOX1abcpp,METOX1s
METSOX1abcpp,METSOX1tex
METSOX1abcpp,METSOXR1
SLNTabcpp,SELGTHR
SLNTabcpp,SLNTtex
SLNTabcpp,SELR
ACPPAT140,APH140
ACPPAT140,AACPS2
ACPPAT140,G3PAT120
ACPPAT140,AGPAT181
ACPPAT140,APG3PAT140
ACPPAT140,G3PAT141
ACPPAT140,3OAS140
ACPPAT140,AACPS8
ACPPAT140,G3PAT160
ACPPAT140,AACPS6
ACPPAT140,ACPPAT181
ACPPAT140,AGPAT140
ACPPAT140,AACPS3
ACPPAT140,EDTXS2
ACPPAT140,FA161ACPHi
ACPPAT140,G3PAT161
ACPPAT140,3OAS80
ACPPAT140,FA80ACPHi
ACPPAT140,U23GAAT
ACPPAT140,ACPPAT141
ACPPAT140,ACPPAT161
ACPPAT140,MCOATA
ACPPAT140,3OAS141
ACPPAT140,LIPOCT
ACPPAT140,EAR140y
ACPPAT140,AACPS1
ACPPAT140,G3PAT180
ACPPAT140,EAR140x
ACPPAT140,FA140ACPHi
ACPPAT140,EDTXS4
ACPPAT140,3OAS121
ACPPAT140,AACPS7
ACPPAT140,EDTXS3
ACPPAT140,AGPAT161
ACPPAT140,EDTXS1
ACPPAT140,G3PAT140
ACPPAT140,UAGAAT
ACPPAT140,AACPS5
ACPPAT140,ACPS1
ACPPAT140,KAS14
ACPPAT140,OPMEACPS
ACPPAT140,FA120ACPHi
ACPPAT140,AOXSr2
ACPPAT140,3OAS160
ACPPAT140,FA160ACPHi
ACPPAT140,AGPAT120
ACPPAT140,G3PAT181
ACPPAT140,3OAS181
ACPPAT140,AGPAT180
ACPPAT140,ACPPAT160
ACPPAT140,AACPS9
ACPPAT140,AGPAT141
ACPPAT140,FA141ACPHi
ACPPAT140,3OAS161
ACPPAT140,ACPPAT180
CPGNexs,CPGNtonex
CPGNexs,CPGNUtex
BTS5,DBTS
BTS5,I2FE2ST
BTS5,BIOMASS_Ec_iML1515_WT_75p37M
BTS5,BIOMASS_Ec_iML1515_core_75p37M
BTS5,BTNt2ipp
BTS5,S2FE2SR
BTS5,I2FE2SR
BTS5,S2FE2ST
BTS5,BSORx
BTS5,LIPOS
MLTP3,AAMYL
MLTP3,MALTHXabcpp
MLTP3,MLTP2
MLTP3,MLTG5
MLTP3,MLTG4
WCOS,BIOMASS_Ec_iML1515_WT_75p37M
WCOS,BIOMASS_Ec_iML1515_core_75p37M
WCOS,MPTS
WCOS,TUNGSabcpp
WCOS,BWCOS
WCOS,MOCOS
WCOS,MPTAT
WCOS,BMOCOS
PYDAMK,PYDAMtpp
PYDAMK,HYPOE
PYDAMK,PYAM5PO
PYDAMK,ALATA_D2
PYDAMK,ALATA_L2
CRNBTCT,CRNt7pp
CRNBTCT,CRNt8pp
CRNBTCT,CRNabcpp
CRNBTCT,CRNt2rpp
BIOMASS_Ec_iML1515_WT_75p37M,COBALT2t3pp
BIOMASS_Ec_iML1515_WT_75p37M,I2FE2ST
BIOMASS_Ec_iML1515_WT_75p37M,SO4t2pp
BIOMASS_Ec_iML1515_WT_75p37M,HEMEOS
BIOMASS_Ec_iML1515_WT_75p37M,BTNt2ipp
BIOMASS_Ec_iML1515_WT_75p37M,SULabcpp
BIOMASS_Ec_iML1515_WT_75p37M,CLt3_2pp
BIOMASS_Ec_iML1515_WT_75p37M,NI2abcpp
BIOMASS_Ec_iML1515_WT_75p37M,S2FE2ST
BIOMASS_Ec_iML1515_WT_75p37M,COBALT2tpp
BIOMASS_Ec_iML1515_WT_75p37M,BSORx
BIOMASS_Ec_iML1515_WT_75p37M,ALATA_L2
BIOMASS_Ec_iML1515_WT_75p37M,MNt2pp
BIOMASS_Ec_iML1515_WT_75p37M,MALCOAMT
BIOMASS_Ec_iML1515_WT_75p37M,PHEMEabcpp
BIOMASS_Ec_iML1515_WT_75p37M,MCOATA
BIOMASS_Ec_iML1515_WT_75p37M,MN2tpp
BIOMASS_Ec_iML1515_WT_75p37M,BWCOS
BIOMASS_Ec_iML1515_WT_75p37M,CA2t3pp
BIOMASS_Ec_iML1515_WT_75p37M,PYAM5PO
BIOMASS_Ec_iML1515_WT_75p37M,FCLT
BIOMASS_Ec_iML1515_WT_75p37M,LIPAMPL
BIOMASS_Ec_iML1515_WT_75p37M,COBALT2abcpp
BIOMASS_Ec_iML1515_WT_75p37M,NI2uabcpp
BIOMASS_Ec_iML1515_WT_75p37M,LIPOS
BIOMASS_Ec_iML1515_WT_75p37M,CAt6pp
BIOMASS_Ec_iML1515_WT_75p37M,MN2tipp
BIOMASS_Ec_iML1515_WT_75p37M,CLtipp
BIOMASS_Ec_iML1515_WT_75p37M,PYDXK
BIOMASS_Ec_iML1515_WT_75p37M,BIOMASS_Ec_iML1515_core_75p37M
BIOMASS_Ec_iML1515_WT_75p37M,MOCDS
BIOMASS_Ec_iML1515_WT_75p37M,PYDXPP
BIOMASS_Ec_iML1515_WT_75p37M,PDX5POi
BIOMASS_Ec_iML1515_WT_75p37M,MPTS
BIOMASS_Ec_iML1515_WT_75p37M,LIPAHT2ex
BIOMASS_Ec_iML1515_WT_75p37M,MOBDabcpp
BIOMASS_Ec_iML1515_WT_75p37M,ACCOAC
BIOMASS_Ec_iML1515_WT_75p37M,MOGDS
BIOMASS_Ec_iML1515_WT_75p37M,H2SO
BIOMASS_Ec_iML1515_WT_75p37M,MN2t3pp
BIOMASS_Ec_iML1515_WT_75p37M,ADOCBLabcpp
BIOMASS_Ec_iML1515_WT_75p37M,NI2tpp
BIOMASS_Ec_iML1515_WT_75p37M,ZN2t3pp
BIOMASS_Ec_iML1515_WT_75p37M,SADT2
BIOMASS_Ec_iML1515_WT_75p37M,NI2t3pp
BIOMASS_Ec_iML1515_WT_75p37M,SHCHF
BIOMASS_Ec_iML1515_WT_75p37M,ALATA_D2
BIOMASS_Ec_iML1515_WT_75p37M,COLIPAabctex
BIOMASS_Ec_iML1515_WT_75p37M,ZN2abcpp
BIOMASS_Ec_iML1515_WT_75p37M,MOCOS
BIOMASS_Ec_iML1515_WT_75p37M,BMOCOS
BIOMASS_Ec_iML1515_WT_75p37M,ADOCBLS
G3PIabcpp,GPDDA5pp
G3PIabcpp,GPDDA5
G3PIabcpp,G3PItex
RMNtpp,RMNtex
RMNtpp,RMI
HG2t3pp,HG2tex
HG2t3pp,HG2abcpp
EDTXS4,AACPS2
EDTXS4,G3PAT120
EDTXS4,AGPAT181
EDTXS4,G3PAT141
EDTXS4,3OAS140
EDTXS4,AACPS8
EDTXS4,G3PAT160
EDTXS4,AACPS6
EDTXS4,ACPPAT181
EDTXS4,LIPACabcpp
EDTXS4,AGPAT140
EDTXS4,EDTXS2
EDTXS4,FA161ACPHi
EDTXS4,G3PAT161
EDTXS4,3OAS80
EDTXS4,AACPS3
EDTXS4,FA80ACPHi
EDTXS4,U23GAAT
EDTXS4,ACPPAT141
EDTXS4,ACPPAT161
EDTXS4,MCOATA
EDTXS4,3OAS141
EDTXS4,LIPOCT
EDTXS4,EAR140y
EDTXS4,AACPS1
EDTXS4,G3PAT180
EDTXS4,EAR140x
EDTXS4,FA140ACPHi
EDTXS4,3OAS121
EDTXS4,AACPS7
EDTXS4,EDTXS3
EDTXS4,AGPAT161
EDTXS4,EDTXS1
EDTXS4,G3PAT140
EDTXS4,UAGAAT
EDTXS4,AACPS5
EDTXS4,ACPS1
EDTXS4,KAS14
EDTXS4,OPMEACPS
EDTXS4,FA120ACPHi
EDTXS4,AOXSr2
EDTXS4,3OAS160
EDTXS4,FA160ACPHi
EDTXS4,AGPAT120
EDTXS4,G3PAT181
EDTXS4,3OAS181
EDTXS4,AGPAT180
EDTXS4,ACPPAT160
EDTXS4,AACPS9
EDTXS4,AGPAT141
EDTXS4,FA141ACPHi
EDTXS4,3OAS161
EDTXS4,ACPPAT180
RMI,RMK
NTD9pp,GMPtex
EX_no2_e,NO2tex
ACNAMtex,ACNAMt2pp
ACNAMtex,EX_acnam_e
GALCTtex,EX_galct__D_e
GALCTtex,GALCTt2rpp
T2DECAI,3HAD100
T2DECAI,3OAS121
G2PPpp,GLYC2Pabcpp
G2PPpp,GLYC2Ptex
BIOMASS_Ec_iML1515_core_75p37M,COBALT2t3pp
BIOMASS_Ec_iML1515_core_75p37M,I2FE2ST
BIOMASS_Ec_iML1515_core_75p37M,SO4t2pp
BIOMASS_Ec_iML1515_core_75p37M,HEMEOS
BIOMASS_Ec_iML1515_core_75p37M,BTNt2ipp
BIOMASS_Ec_iML1515_core_75p37M,SULabcpp
BIOMASS_Ec_iML1515_core_75p37M,CLt3_2pp
BIOMASS_Ec_iML1515_core_75p37M,COBALT2tpp
BIOMASS_Ec_iML1515_core_75p37M,NI2abcpp
BIOMASS_Ec_iML1515_core_75p37M,BSORx
BIOMASS_Ec_iML1515_core_75p37M,S2FE2ST
BIOMASS_Ec_iML1515_core_75p37M,ALATA_L2
BIOMASS_Ec_iML1515_core_75p37M,MNt2pp
BIOMASS_Ec_iML1515_core_75p37M,PHEMEabcpp
BIOMASS_Ec_iML1515_core_75p37M,MN2tpp
BIOMASS_Ec_iML1515_core_75p37M,FCLT
BIOMASS_Ec_iML1515_core_75p37M,BWCOS
BIOMASS_Ec_iML1515_core_75p37M,PYAM5PO
BIOMASS_Ec_iML1515_core_75p37M,CA2t3pp
BIOMASS_Ec_iML1515_core_75p37M,COBALT2abcpp
BIOMASS_Ec_iML1515_core_75p37M,NI2uabcpp
BIOMASS_Ec_iML1515_core_75p37M,LIPOS
BIOMASS_Ec_iML1515_core_75p37M,CAt6pp
BIOMASS_Ec_iML1515_core_75p37M,MN2tipp
BIOMASS_Ec_iML1515_core_75p37M,K2L4Aabctex
BIOMASS_Ec_iML1515_core_75p37M,PYDXK
BIOMASS_Ec_iML1515_core_75p37M,PYDXPP
BIOMASS_Ec_iML1515_core_75p37M,CLtipp
BIOMASS_Ec_iML1515_core_75p37M,PDX5POi
BIOMASS_Ec_iML1515_core_75p37M,MPTS
BIOMASS_Ec_iML1515_core_75p37M,MOBDabcpp
BIOMASS_Ec_iML1515_core_75p37M,H2SO
BIOMASS_Ec_iML1515_core_75p37M,MN2t3pp
BIOMASS_Ec_iML1515_core_75p37M,NI2tpp
BIOMASS_Ec_iML1515_core_75p37M,ZN2t3pp
BIOMASS_Ec_iML1515_core_75p37M,SADT2
BIOMASS_Ec_iML1515_core_75p37M,NI2t3pp
BIOMASS_Ec_iML1515_core_75p37M,SHCHF
BIOMASS_Ec_iML1515_core_75p37M,ALATA_D2
BIOMASS_Ec_iML1515_core_75p37M,ZN2abcpp
BIOMASS_Ec_iML1515_core_75p37M,MOCOS
BIOMASS_Ec_iML1515_core_75p37M,BMOCOS
ACPPAT181,AACPS2
ACPPAT181,G3PAT120
ACPPAT181,AGPAT181
ACPPAT181,G3PAT141
ACPPAT181,3OAS140
ACPPAT181,AACPS8
ACPPAT181,G3PAT160
ACPPAT181,AACPS6
ACPPAT181,AGPAT140
ACPPAT181,AACPS3
ACPPAT181,EDTXS2
ACPPAT181,FA161ACPHi
ACPPAT181,G3PAT161
ACPPAT181,3OAS80
ACPPAT181,FA80ACPHi
ACPPAT181,U23GAAT
ACPPAT181,ACPPAT141
ACPPAT181,ACPPAT161
ACPPAT181,APH181
ACPPAT181,MCOATA
ACPPAT181,3OAS141
ACPPAT181,LIPOCT
ACPPAT181,AACPS1
ACPPAT181,G3PAT180
ACPPAT181,FA140ACPHi
ACPPAT181,3OAS121
ACPPAT181,AACPS7
ACPPAT181,EDTXS3
ACPPAT181,AGPAT161
ACPPAT181,EDTXS1
ACPPAT181,G3PAT140
ACPPAT181,EAR181x
ACPPAT181,APG3PAT181
ACPPAT181,UAGAAT
ACPPAT181,AACPS5
ACPPAT181,ACPS1
ACPPAT181,KAS14
ACPPAT181,OPMEACPS
ACPPAT181,FA120ACPHi
ACPPAT181,AOXSr2
ACPPAT181,3OAS160
ACPPAT181,FA160ACPHi
ACPPAT181,G3PAT181
ACPPAT181,AGPAT120
ACPPAT181,3OAS181
ACPPAT181,AGPAT180
ACPPAT181,ACPPAT160
ACPPAT181,AACPS9
ACPPAT181,AGPAT141
ACPPAT181,FA141ACPHi
ACPPAT181,EAR181y
ACPPAT181,3OAS161
ACPPAT181,ACPPAT180
EX_acgal1p_e,ACGAL1Ptex
3OAS141,EAR121x
3OAS141,EAR121y
3OAS141,AACPS2
3OAS141,G3PAT120
3OAS141,AGPAT181
3OAS141,G3PAT141
3OAS141,3OAS140
3OAS141,AACPS8
3OAS141,G3PAT160
3OAS141,AACPS6
3OAS141,AGPAT140
3OAS141,AACPS3
3OAS141,EDTXS2
3OAS141,FA161ACPHi
3OAS141,G3PAT161
3OAS141,3OAS80
3OAS141,FA80ACPHi
3OAS141,U23GAAT
3OAS141,ACPPAT141
3OAS141,KAS15
3OAS141,ACPPAT161
3OAS141,MCOATA
3OAS141,LIPOCT
3OAS141,AACPS1
3OAS141,G3PAT180
3OAS141,FA140ACPHi
3OAS141,3OAS121
3OAS141,AACPS7
3OAS141,EDTXS3
3OAS141,AGPAT161
3OAS141,EDTXS1
3OAS141,G3PAT140
3OAS141,OGMEACPS
3OAS141,UAGAAT
3OAS141,AACPS5
3OAS141,ACPS1
3OAS141,KAS14
3OAS141,OPMEACPS
3OAS141,MACPD
3OAS141,FA120ACPHi
3OAS141,AOXSr2
3OAS141,3OAS160
3OAS141,FA160ACPHi
3OAS141,AGPAT120
3OAS141,G3PAT181
3OAS141,3OAS181
3OAS141,AGPAT180
3OAS141,ACPPAT160
3OAS141,AACPS9
3OAS141,AGPAT141
3OAS141,FA141ACPHi
3OAS141,3OAR141
3OAS141,3OAS161
3OAS141,ACPPAT180
METGLCUR,MEOHtrpp
METGLCUR,GUI1
METGLCUR,INOSTO
METGLCUR,PMEACPE
METGLCUR,GLCURt2rpp
AGPAT141,APG3PAT141
AGPAT141,AACPS2
AGPAT141,G3PAT120
AGPAT141,AGPAT181
AGPAT141,G3PAT141
AGPAT141,3OAS140
AGPAT141,AACPS8
AGPAT141,G3PAT160
AGPAT141,AACPS6
AGPAT141,AGPAT140
AGPAT141,AACPS3
AGPAT141,EDTXS2
AGPAT141,FA161ACPHi
AGPAT141,3OAS80
AGPAT141,G3PAT161
AGPAT141,FA80ACPHi
AGPAT141,ACPPAT141
AGPAT141,U23GAAT
AGPAT141,ACPPAT161
AGPAT141,MCOATA
AGPAT141,LIPOCT
AGPAT141,EAR141x
AGPAT141,AACPS1
AGPAT141,G3PAT180
AGPAT141,FA140ACPHi
AGPAT141,3OAS121
AGPAT141,AACPS7
AGPAT141,EDTXS3
AGPAT141,AGPAT161
AGPAT141,EDTXS1
AGPAT141,G3PAT140
AGPAT141,EAR141y
AGPAT141,UAGAAT
AGPAT141,AACPS5
AGPAT141,ACPS1
AGPAT141,KAS14
AGPAT141,OPMEACPS
AGPAT141,FA120ACPHi
AGPAT141,AOXSr2
AGPAT141,3OAS160
AGPAT141,FA160ACPHi
AGPAT141,AGPAT120
AGPAT141,G3PAT181
AGPAT141,3OAS181
AGPAT141,AGPAT180
AGPAT141,ACPPAT160
AGPAT141,AACPS9
AGPAT141,FA141ACPHi
AGPAT141,3OAS161
AGPAT141,ACPPAT180
FLDR2,RNTR2c2
FLDR2,POR5
FLDR2,RNTR3c2
FLDR2,RNTR4c2
FLDR2,RNTR1c2
MOAT2,MOAT3C
MOAT2,EDTXS3
MOAT2,K2L4Aabcpp
MOAT2,EDTXS1
MOAT2,MOAT
MOAT2,KDOCT2
TMAOR1,TMAOR2
BSORx,BTNt2ipp
LCTStpp,LCTSt3ipp
PPPNtex,PPPNt2rpp
PPPNtex,EX_pppn_e
FECRMUtex,FECRMUtpp
FECRMUtex,FECRMexs
DOXRBCNtex,DOXRBCNtpp
14GLUCANtexi,EX_14glucan_e
14GLUCANtexi,AAMYLpp
14GLUCANtexi,14GLUCANabcpp
GOFUCR,GDMANE
ARMEPNS,RPNTPH
HEPT2,AGMHE
HEPT2,HEPK1
HEPT2,HEPT4
HEPT2,HEPT1
HEPT2,HEPT3
QUIN2tex,QUIN2tpp
QUIN2tex,EX_quin_e
UPLA4FNF,UPLA4FNT
UPLA4FNF,ULA4Ntppi
EAR140x,3OAS160
EAR140x,EAR140y
EAR140x,AACPS1
EAR140x,AGPAT140
EAR140x,G3PAT140
EAR140x,FA140ACPHi
EAR140x,EDTXS2
HKNDDH,HPPPNDO
HKNDDH,OP4ENH
HKNDDH,HKNTDH
SELGTHR2,SELGTHR
SELGTHR2,SELGTHR3
3OAR141,3HAD141
EX_slnt_e,SLNTtex
TMAOtex,EX_tmao_e
TMAOtex,TMAOR2pp
TMAOtex,TMAOR1pp
3OAS80,AACPS2
3OAS80,G3PAT120
3OAS80,3OAR80
3OAS80,AGPAT181
3OAS80,G3PAT141
3OAS80,3OAS140
3OAS80,AACPS8
3OAS80,G3PAT160
3OAS80,AACPS6
3OAS80,AGPAT140
3OAS80,AACPS3
3OAS80,EDTXS2
3OAS80,FA161ACPHi
3OAS80,G3PAT161
3OAS80,FA80ACPHi
3OAS80,U23GAAT
3OAS80,ACPPAT141
3OAS80,KAS15
3OAS80,ACPPAT161
3OAS80,MCOATA
3OAS80,LIPOCT
3OAS80,AACPS1
3OAS80,EAR60y
3OAS80,G3PAT180
3OAS80,FA140ACPHi
3OAS80,3OAS121
3OAS80,AACPS7
3OAS80,EDTXS3
3OAS80,AGPAT161
3OAS80,EDTXS1
3OAS80,G3PAT140
3OAS80,OGMEACPS
3OAS80,UAGAAT
3OAS80,AACPS5
3OAS80,ACPS1
3OAS80,KAS14
3OAS80,OPMEACPS
3OAS80,MACPD
3OAS80,FA120ACPHi
3OAS80,EAR60x
3OAS80,AOXSr2
3OAS80,3OAS160
3OAS80,FA160ACPHi
3OAS80,AGPAT120
3OAS80,G3PAT181
3OAS80,3OAS181
3OAS80,AGPAT180
3OAS80,ACPPAT160
3OAS80,AACPS9
3OAS80,FA141ACPHi
3OAS80,3OAS161
3OAS80,ACPPAT180
CYNTtex,CYNTt2pp
CYNTtex,EX_cynt_e
APG3PAT161,G3PAT161
APG3PAT161,ACPPAT161
APG3PAT161,APH161
APG3PAT161,AGPAT161
FRUptspp,F1PP
FRUptspp,FRUtex
FRUptspp,FRUK
FRUptspp,FRUpts2pp
NMNtex,NMNPtpp
NMNtex,NMNt7pp
NMNtex,EX_nmn_e
ARBTNR2,ARBTNtpp
ARBTNR2,ARBTNabcpp
ARBTNR2,ARBTNR1
ARBTNR2,ARBTNR3
3OAR60,3HAD60
DOPAtex,EX_dopa_e
RMK,RMPA
OGMEACPD,OGMEACPR
OGMEACPD,EGMEACPR
GLYBt3pp,BETALDHy
GLYBt3pp,GLYBabcpp
GLYBt3pp,BETALDHx
GLYBt3pp,GLYBt2pp
GPDDA5pp,PHYTSpp
GPDDA5pp,INOSTt4pp
GPDDA5pp,INSTtex
GPDDA5pp,G3PItex
23DAPPAt2pp,23DAPPAtex
23DAPPAt2pp,DAPAL
UDPGALtex,UDPGALPpp
UDPGALtex,EX_udpgal_e
ARBTNtpp,ARBTNR1
ARBTNtpp,ARBTNtex
ARBTNtpp,ARBTNR3
GLCURtex,GLCURt2rpp
GLCURtex,GUR1PPpp
GLCURtex,EX_glcur_e
LIPATPT,LIPOt2pp
LIPATPT,LIPAMPL
S7PI,GMHEPK
LALADGLUtpp,LALADGLUtex
GLCUR1Ptex,UGLCURPpp
GLCUR1Ptex,GUR1PPpp
GLCUR1Ptex,EX_glcur1p_e
ULA4Ntppi,LA4NTpp
G3PItex,EX_g3pi_e
PEAMNtex,EX_peamn_e
PEAMNtex,PEAMNOpp
TAURtex,EX_taur_e
TAURtex,TAURabcpp
EAR60x,3HAD60
EAR60x,EAR60y
INSTtex,PHYTSpp
INSTtex,INOSTt4pp
FE3HOXR3,FE3HOXUtex
FE3HOXR3,FE3HOXR1
FE3HOXR3,FE3HOXabcpp
FE3HOXR3,FE3HOXR2
GLCTR1,GALT1
LIPAHTex,EX_hdca_e
LIPAHTex,HDCAtexi
LIPAHTex,LIPAHT2ex
LIPAHTex,LIPAabctex
LIPAHTex,EX_halipa_e
LIPOtex,LIPOt2pp
LIPOtex,EX_lipoate_e
SQVOSI,SQGH
SQVOSI,6D6SFK
SQVOSI,SQtr
DCYTtex,DCYTt2pp
DCYTtex,NTD3pp
DCYTtex,EX_dcyt_e
ZN2t3pp,ZN2abcpp
PETNT161pp,LIPAabcpp
PETNT161pp,ENLIPAabctex
PETNT161pp,LIPAabctex
PETNT161pp,PETNT181pp
MOAT3C,MOAT
MOAT3C,HEPK2
MOAT3C,KDOCT2
3OAR140,U23GAAT
3OAR140,UAGAAT
3OAR140,3OAS140
3HAD181,EAR181y
3HAD181,3OAR181
3HAD181,EAR181x
MLTP2,MLTG3
MLTP2,AAMYL
MLTP2,MALTHXabcpp
MLTP2,MLTP1
MLTP2,MLTG5
MLTP2,MLTG4
CHLt2pp,CHLt3pp
CHLt2pp,GPDDA1
CHLt2pp,CHLabcpp
CHLt2pp,GPDDA1pp
MALTPTtexi,EX_maltpt_e
Ftex,Ftpp
PAPSR,RNDR4
PAPSR,RNDR1
PAPSR,PAPSR2
PAPSR,THIORDXi
PAPSR,FDMO
PAPSR,TRDR
PAPSR,METSOXR1
PAPSR,BPNT
PAPSR,TAUDO
PAPSR,FDMO3
PAPSR,SULR
PAPSR,FDMO2
PAPSR,ADSK
PAPSR,METSOXR2
PAPSR,DSBDR
PAPSR,ACPS1
PAPSR,RNDR3
PAPSR,FDMO6
PAPSR,FDMO4
FEOXAMR3,FEOXAMR1
FEOXAMR3,FEOXAMUtpp
FEOXAMR3,FEOXAMabcpp
FEOXAMR3,FEOXAMR2
FACOAL100t2pp,DCAtex
MCPST,CYSTA
3OAS160,AACPS2
3OAS160,G3PAT120
3OAS160,AGPAT181
3OAS160,G3PAT141
3OAS160,3OAS140
3OAS160,AACPS8
3OAS160,G3PAT160
3OAS160,AACPS6
3OAS160,AGPAT140
3OAS160,AACPS3
3OAS160,EDTXS2
3OAS160,FA161ACPHi
3OAS160,G3PAT161
3OAS160,FA80ACPHi
3OAS160,U23GAAT
3OAS160,ACPPAT141
3OAS160,KAS15
3OAS160,ACPPAT161
3OAS160,MCOATA
3OAS160,LIPOCT
3OAS160,EAR140y
3OAS160,AACPS1
3OAS160,G3PAT180
3OAS160,FA140ACPHi
3OAS160,3OAS121
3OAS160,AACPS7
3OAS160,EDTXS3
3OAS160,AGPAT161
3OAS160,EDTXS1
3OAS160,G3PAT140
3OAS160,OGMEACPS
3OAS160,UAGAAT
3OAS160,3OAR160
3OAS160,AACPS5
3OAS160,ACPS1
3OAS160,KAS14
3OAS160,OPMEACPS
3OAS160,FA120ACPHi
3OAS160,AOXSr2
3OAS160,FA160ACPHi
3OAS160,3OAS181
3OAS160,AGPAT120
3OAS160,G3PAT181
3OAS160,MACPD
3OAS160,AGPAT180
3OAS160,ACPPAT160
3OAS160,AACPS9
3OAS160,FA141ACPHi
3OAS160,3OAS161
3OAS160,ACPPAT180
GDPtex,EX_gdp_e
GDPtex,NTP3pp
3HAD120,EAR120x
3HAD120,3OAR120
DOGULNR,3KGK
CLIPAabctex,LIPACabcpp
ACACt2pp,ACACtex
ACACt2pp,ACACCT
NI2uabcpp,NI2t3pp
NI2uabcpp,NI2abcpp
NI2uabcpp,NI2tpp
EX_mnl_e,MNLtex
HEMEOS,PHEMEabcpp
HEMEOS,FCLT
EX_xylu__L_e,XYLUtex
EDTXS2,AACPS2
EDTXS2,G3PAT120
EDTXS2,AGPAT181
EDTXS2,G3PAT141
EDTXS2,3OAS140
EDTXS2,AGPAT140
EDTXS2,AACPS8
EDTXS2,G3PAT160
EDTXS2,AACPS6
EDTXS2,AACPS3
EDTXS2,FA161ACPHi
EDTXS2,G3PAT161
EDTXS2,FA80ACPHi
EDTXS2,U23GAAT
EDTXS2,ACPPAT141
EDTXS2,ACPPAT161
EDTXS2,MCOATA
EDTXS2,LIPOCT
EDTXS2,EAR140y
EDTXS2,AACPS1
EDTXS2,G3PAT180
EDTXS2,FA140ACPHi
EDTXS2,3OAS121
EDTXS2,AACPS7
EDTXS2,EDTXS3
EDTXS2,AGPAT161
EDTXS2,EDTXS1
EDTXS2,LIPAabcpp
EDTXS2,G3PAT140
EDTXS2,UAGAAT
EDTXS2,HEPT1
EDTXS2,AACPS5
EDTXS2,ACPS1
EDTXS2,KAS14
EDTXS2,OPMEACPS
EDTXS2,FA120ACPHi
EDTXS2,AOXSr2
EDTXS2,FA160ACPHi
EDTXS2,AGPAT120
EDTXS2,G3PAT181
EDTXS2,3OAS181
EDTXS2,AGPAT180
EDTXS2,ACPPAT160
EDTXS2,AACPS9
EDTXS2,FA141ACPHi
EDTXS2,3OAS161
EDTXS2,ACPPAT180
UDPGPpp,G1Ptex
UDPGPpp,UMPtex
UDPGPpp,NTD2pp
UDPGPpp,UGLCURPpp
UDPGPpp,UACGAMPpp
UDPGPpp,UACGALPpp
UDPGPpp,UDPGALPpp
UDPGPpp,G1PPpp
LPLIPAL2ATE160,LPLIPAL2ATG160
ACBIPGT,ADOCBIK
ACBIPGT,ADOCBLS
EX_3gmp_e,3GMPtex
O16AUNDtpp,O16AP3pp
O16AUNDtpp,O16AP2pp
O16AUNDtpp,O16AP1pp
O16AUNDtpp,O16GLCT2
TMK,THMabcpp
MELIBt2pp,MELIBt3ipp
TYROXDApp,PEAMNOpp
TYROXDApp,SPODMpp
TYROXDApp,4HOXPACDtex
TYROXDApp,TYMtex
EX_tartr__L_e,TARTRtex
ARBt2rpp,ARBt3ipp
ARBt2rpp,ARBabcpp
PMEACPE,MEOHtrpp
PMEACPE,EPMEACPR
PMEACPE,AOXSr2
GPDDA1,CHLt3pp
GPDDA1,CHLabcpp
GPDDA1,G3PCabcpp
FECRMexs,FECRMtonex
CRNt7pp,CRNt8pp
CRNt7pp,GBBTNtex
CRNt7pp,CRNabcpp
CRNt7pp,CRNt2rpp
OPMEACPS,AACPS2
OPMEACPS,G3PAT120
OPMEACPS,AGPAT181
OPMEACPS,G3PAT141
OPMEACPS,3OAS140
OPMEACPS,AACPS8
OPMEACPS,G3PAT160
OPMEACPS,AACPS6
OPMEACPS,AGPAT140
OPMEACPS,AACPS3
OPMEACPS,FA161ACPHi
OPMEACPS,G3PAT161
OPMEACPS,FA80ACPHi
OPMEACPS,U23GAAT
OPMEACPS,ACPPAT141
OPMEACPS,KAS15
OPMEACPS,ACPPAT161
OPMEACPS,MCOATA
OPMEACPS,LIPOCT
OPMEACPS,AACPS1
OPMEACPS,G3PAT180
OPMEACPS,FA140ACPHi
OPMEACPS,3OAS121
OPMEACPS,AACPS7
OPMEACPS,EDTXS3
OPMEACPS,AGPAT161
OPMEACPS,EDTXS1
OPMEACPS,G3PAT140
OPMEACPS,EGMEACPR
OPMEACPS,OGMEACPS
OPMEACPS,UAGAAT
OPMEACPS,AACPS5
OPMEACPS,ACPS1
OPMEACPS,KAS14
OPMEACPS,MACPD
OPMEACPS,FA120ACPHi
OPMEACPS,AOXSr2
OPMEACPS,FA160ACPHi
OPMEACPS,AGPAT120
OPMEACPS,G3PAT181
OPMEACPS,3OAS181
OPMEACPS,OPMEACPR
OPMEACPS,AGPAT180
OPMEACPS,ACPPAT160
OPMEACPS,AACPS9
OPMEACPS,FA141ACPHi
OPMEACPS,3OAS161
OPMEACPS,ACPPAT180
EX_udpacgal_e,UDPACGALtex
EAR181y,AGPAT181
EAR181y,G3PAT181
EAR181y,EAR181x
EAR181y,AACPS5
MALTTRtexi,MALTTRabcpp
GLUTRR,G1SAT
GLUTRR,GLUTRS
CS1tex,EX_cs1_e
ACMAMUT,UACMAMO
ACMAMUT,ACGAMT
ACMAMUT,AADDGT
HEPT1,AGMHE
HEPT1,HEPT4
HEPT1,LIPAabcpp
HEPT1,HEPT3
EX_orot_e,OROTtex
ASCBptspp,ASCBtex
ASCBptspp,ASCBPL
EX_urate_e,URATEtex
TDSR2,TDSR1
TDSR2,DSBDR
TDSR2,DSBGGT
ASR,ASO3t8pp
FRUURtex,FRUURt2rpp
FRUURtex,EX_fruur_e
EX_dump_e,DUMPtex
ADOCBLabcpp,ADOCBLtonex
ADOCBLabcpp,ADOCBLS
F6Ptex,EX_f6p_e
F6Ptex,F6Pt6_2pp
CSNtex,EX_csn_e
CSNtex,CSNt2pp
PYDXtpp,PYDXK
PYDXtpp,PYDXPP
PYDXtpp,PYDXtex
AACPS5,AACPS2
AACPS5,G3PAT120
AACPS5,AGPAT181
AACPS5,G3PAT141
AACPS5,3OAS140
AACPS5,AACPS8
AACPS5,G3PAT160
AACPS5,AACPS6
AACPS5,AGPAT140
AACPS5,AACPS3
AACPS5,FA161ACPHi
AACPS5,G3PAT161
AACPS5,FA80ACPHi
AACPS5,U23GAAT
AACPS5,ACPPAT141
AACPS5,ACPPAT161
AACPS5,MCOATA
AACPS5,LIPOCT
AACPS5,AACPS1
AACPS5,G3PAT180
AACPS5,FA140ACPHi
AACPS5,3OAS121
AACPS5,AACPS7
AACPS5,EDTXS3
AACPS5,AGPAT161
AACPS5,EDTXS1
AACPS5,G3PAT140
AACPS5,EAR181x
AACPS5,UAGAAT
AACPS5,ACPS1
AACPS5,KAS14
AACPS5,FA120ACPHi
AACPS5,AOXSr2
AACPS5,FA160ACPHi
AACPS5,AGPAT120
AACPS5,G3PAT181
AACPS5,3OAS181
AACPS5,AGPAT180
AACPS5,ACPPAT160
AACPS5,AACPS9
AACPS5,FA141ACPHi
AACPS5,3OAS161
AACPS5,ACPPAT180
CPH4S,CDGS
BUTtex,BUTt2rpp
BUTtex,EX_but_e
FALDH2,FALGTHLs
NTD7pp,AMPtex
UPP3S,HMBS
UPP3S,UPPDC1
UPP3S,UPP3MT
3NTD4pp,3CMPtex
3NTD4pp,23PDE4pp
OCDCAtexi,EX_ocdca_e
PSURIK,YUMPS
MPTS,CPMPS
MPTS,BWCOS
MPTS,MPTSS
MPTS,MOCOS
MPTS,MOADSUx
MPTS,MPTAT
MPTS,BMOCOS
EX_dmso_e,DMSOtex
AOXSr2,AACPS2
AOXSr2,G3PAT120
AOXSr2,AGPAT181
AOXSr2,G3PAT141
AOXSr2,3OAS140
AOXSr2,AACPS8
AOXSr2,G3PAT160
AOXSr2,AACPS6
AOXSr2,AGPAT140
AOXSr2,AACPS3
AOXSr2,FA161ACPHi
AOXSr2,G3PAT161
AOXSr2,FA80ACPHi
AOXSr2,U23GAAT
AOXSr2,ACPPAT141
AOXSr2,ACPPAT161
AOXSr2,MCOATA
AOXSr2,LIPOCT
AOXSr2,AACPS1
AOXSr2,G3PAT180
AOXSr2,FA140ACPHi
AOXSr2,3OAS121
AOXSr2,AACPS7
AOXSr2,EDTXS3
AOXSr2,AGPAT161
AOXSr2,EDTXS1
AOXSr2,G3PAT140
AOXSr2,UAGAAT
AOXSr2,ACPS1
AOXSr2,KAS14
AOXSr2,FA120ACPHi
AOXSr2,3OAS181
AOXSr2,AGPAT120
AOXSr2,G3PAT181
AOXSr2,FA160ACPHi
AOXSr2,AGPAT180
AOXSr2,ACPPAT160
AOXSr2,AACPS9
AOXSr2,AMAOTr
AOXSr2,FA141ACPHi
AOXSr2,3OAS161
AOXSr2,ACPPAT180
FE3HOXR2,FE3HOXabcpp
FE3HOXR2,FE3HOXR1
FE3HOXR2,FE3HOXUtex
O16AP3pp,O16AP2pp
O16AP3pp,UDCPDPpp
O16AP3pp,COLIPAKpp
O16AP3pp,ECAP1pp
O16AP3pp,ECAP2pp
O16AP3pp,ECA4OALpp
O16AP3pp,O16A4Lpp
O16AP3pp,O16AP1pp
FECRMUtpp,FECRMR2
FECRMUtpp,FECRMR3
XYLUtex,XYLUt2pp
DAPabcpp,26DAHtex
APG3PAT140,AGPAT140
APG3PAT140,G3PAT140
APG3PAT140,APH140
MN6PP,MANptspp
MN6PP,PMANM
MN6PP,GDPMNH
MN6PP,MANPGH
MN6PP,MAN6Pt6_2pp
MN6PP,HEX4
AACPS8,AACPS2
AACPS8,G3PAT120
AACPS8,AGPAT181
AACPS8,G3PAT141
AACPS8,3OAS140
AACPS8,G3PAT160
AACPS8,AACPS6
AACPS8,AGPAT140
AACPS8,AACPS3
AACPS8,FA161ACPHi
AACPS8,G3PAT161
AACPS8,FA80ACPHi
AACPS8,U23GAAT
AACPS8,ACPPAT141
AACPS8,ACPPAT161
AACPS8,MCOATA
AACPS8,LIPOCT
AACPS8,FACOAE100
AACPS8,AACPS1
AACPS8,G3PAT180
AACPS8,FA140ACPHi
AACPS8,3OAS121
AACPS8,AACPS7
AACPS8,EDTXS3
AACPS8,AGPAT161
AACPS8,EDTXS1
AACPS8,G3PAT140
AACPS8,UAGAAT
AACPS8,ACPS1
AACPS8,KAS14
AACPS8,FA120ACPHi
AACPS8,FA160ACPHi
AACPS8,AGPAT120
AACPS8,G3PAT181
AACPS8,3OAS181
AACPS8,AGPAT180
AACPS8,ACPPAT160
AACPS8,AACPS9
AACPS8,FA141ACPHi
AACPS8,3OAS161
AACPS8,ACPPAT180
EX_imp_e,IMPtex
LIPOS,I2FE2ST
LIPOS,LIPOCT
LIPOS,OCTNLL
LIPOS,LIPAMPL
LIPOS,S2FE2ST
MC6PH,DC6PDA
ALATA_D2,PYDXK
ALATA_D2,PYDXPP
ALATA_D2,PDX5POi
ALATA_D2,HYPOE
ALATA_D2,PYAM5PO
ALATA_D2,ALATA_L2
SARCOX,FDMO2
SARCOX,FALDtpp
SARCOX,FALGTHLs
SARCOX,MTRPOX
CYNTt2pp,CYNTAH
NTD3pp,DCMPtex
NTD3pp,DCYTt2pp
26DAHtex,EX_26dap__M_e
NO3R1bpp,NO3t7pp
NO3R1bpp,NTRIR4pp
NO3R1bpp,NO3tex
NO3R1bpp,NO3R2bpp
NO3R1bpp,NO2tex
GLNabcpp,GLUNpp
GLNabcpp,GLNtex
COBALT2tpp,COBALT2t3pp
COBALT2tpp,COBALT2abcpp
O16A4Lpp,O16AP2pp
O16A4Lpp,O16A4COLIPAabctex
O16A4Lpp,UDCPDPpp
O16A4Lpp,COLIPAKpp
O16A4Lpp,LA4NTpp
O16A4Lpp,ECAP1pp
O16A4Lpp,ECAP2pp
O16A4Lpp,COLIPAabctex
O16A4Lpp,ECA4OALpp
O16A4Lpp,COLIPAabcpp
O16A4Lpp,O16AP1pp
CPGNUtex,CPGNUtpp
LIPAabcpp,LIPAabctex
LIPAabcpp,PETNT181pp
BUTt2rpp,BUTCT
BUTt2rpp,ALDD4
DSBGGT,GTHOXtex
DSBGGT,DSBCGT
KDOPS,A5PISO
KDOPS,KDOPP
BETALDHx,BETALDHy
BETALDHx,GLYBabcpp
BETALDHx,GLYBt2pp
ACACtex,EX_acac_e
LYXtex,LYXt2pp
LYXtex,EX_lyx__L_e
HDCEAtexi,EX_hdcea_e
O16AT,O16GLCT1
CHLt3pp,CHLabcpp
CHLt3pp,GPDDA1pp
SBTtex,EX_sbt__D_e
SBTtex,SBTptspp
LIPAabctex,PETNT181pp
TMAtex,EX_tma_e
TMAtex,TMAOR2pp
TMAtex,TMAOR1pp
G3PAT120,AACPS2
G3PAT120,AGPAT181
G3PAT120,G3PAT141
G3PAT120,3OAS140
G3PAT120,G3PAT160
G3PAT120,AACPS6
G3PAT120,AGPAT140
G3PAT120,AACPS3
G3PAT120,FA161ACPHi
G3PAT120,G3PAT161
G3PAT120,FA80ACPHi
G3PAT120,U23GAAT
G3PAT120,ACPPAT141
G3PAT120,ACPPAT161
G3PAT120,MCOATA
G3PAT120,LIPOCT
G3PAT120,AACPS1
G3PAT120,G3PAT180
G3PAT120,APG3PAT120
G3PAT120,FA140ACPHi
G3PAT120,3OAS121
G3PAT120,AACPS7
G3PAT120,EDTXS3
G3PAT120,AGPAT161
G3PAT120,EDTXS1
G3PAT120,EAR120x
G3PAT120,G3PAT140
G3PAT120,UAGAAT
G3PAT120,ACPS1
G3PAT120,KAS14
G3PAT120,FA120ACPHi
G3PAT120,FA160ACPHi
G3PAT120,AGPAT120
G3PAT120,G3PAT181
G3PAT120,3OAS181
G3PAT120,AGPAT180
G3PAT120,ACPPAT160
G3PAT120,AACPS9
G3PAT120,FA141ACPHi
G3PAT120,3OAS161
G3PAT120,ACPPAT180
GPDDA3,G3PSabcpp
EX_fe3dhbzs_e,FE3DHBZStonex
SUCptspp,SUCRtex
MI1PP,GPDDA5
MI1PP,INOSTO
MI1PP,INOSTt4pp
HKNTDH,OP4ENH
HKNTDH,DHCINDO
NI2t3pp,NI2abcpp
NI2t3pp,NI2tpp
NTD6pp,DADNt2pp
NTD6pp,DAMPtex
NTD6pp,DADNtex
ACGAM1Ptex,ACGAM1PPpp
ACGAM1Ptex,EX_acgam1p_e
ACGAM1Ptex,UACGAMPpp
PPPGO,PPPGO3
PPPGO,CPPPGO
PPPGO,FCLT
23PDE7pp,23CAMPtex
23PDE7pp,3NTD7pp
23PDE7pp,3AMPtex
ISETACabcpp,FDMO
ISETACabcpp,ISETACtex
CYSDabcpp,CYSDtex
CYSDabcpp,CYSDDS
HPPPNDO,3HPPPNH
HPPPNDO,DHPPD
TARTD,TARTRt7pp
ACMUMptspp,ACMUMtex
ARBTNtex,ARBTNexs
EX_ump_e,UMPtex
EX_galt_e,GALTtex
ARBTNexs,ARBTNtonex
G1Ptex,G1PPpp
G1Ptex,EX_g1p_e
DHMPTR,DHNPTE
3UMPtex,3NTD2pp
3UMPtex,23PDE2pp
3UMPtex,EX_3ump_e
CDGR,CCGS
QUINDH,QUINDHyi
QUINDH,QUIN2tpp
GDPMNH,GDPMNP
GDPMNH,MAN1PT2
GDPMNH,GMAND
GDPMNH,HEX4
CYSItpp,CYSItex
EX_gal1p_e,GAL1Ptex
FUSAtpp,FUSAtex
TUNGSabcpp,TUNGStex
RNDR3,RNDR4
RNDR3,THIORDXi
RNDR3,METSOXR2
RNDR3,RNDR1
RNDR3,TRDR
RNDR3,DSBDR
RNDR3,METSOXR1
EX_gthox_e,GTHOXtex
DURItex,NTD1pp
DURItex,EX_duri_e
DURItex,DURIt2pp
DIMPtex,NTD12pp
DIMPtex,EX_dimp_e
LPADSS,U23GAAT
LPADSS,TDSK
LPADSS,USHD
NTD8pp,DGSNt2pp
NTD8pp,DGMPtex
NTD8pp,DGSNtex
ARBTptspp,AB6PGH
NTRIR2x,NO3t7pp
NTRIR2x,NO3R2pp
NTRIR2x,NO3R1pp
NOVBCNtpp,NOVBCNtex
BMOCOS,MOCDS
BMOCOS,BMOGDS1
BMOCOS,BWCOS
BMOCOS,MOGDS
BMOCOS,MOCOS
BMOCOS,MPTAT
G1SAT,PPBNGS
PPALtex,PPALtpp
PPALtex,EX_ppal_e
SO3tex,EX_so3_e
SO3tex,CYANSTpp
EX_4hoxpacd_e,4HOXPACDtex
EPMEACPR,OPMEACPD
LPLIPAL2ATE180,LPLIPAL2ATG180
XYLtex,EX_xyl__D_e
XYLtex,XYLt2pp
XYLtex,XYLabcpp
FA80ACPHi,AACPS2
FA80ACPHi,AGPAT181
FA80ACPHi,3OAS181
FA80ACPHi,FACOAE80
FA80ACPHi,3OAS140
FA80ACPHi,G3PAT141
FA80ACPHi,G3PAT160
FA80ACPHi,AACPS6
FA80ACPHi,AGPAT140
FA80ACPHi,AACPS3
FA80ACPHi,FA161ACPHi
FA80ACPHi,G3PAT161
FA80ACPHi,U23GAAT
FA80ACPHi,ACPPAT141
FA80ACPHi,ACPPAT161
FA80ACPHi,MCOATA
FA80ACPHi,LIPOCT
FA80ACPHi,AACPS1
FA80ACPHi,EAR80x
FA80ACPHi,G3PAT180
FA80ACPHi,FA140ACPHi
FA80ACPHi,3OAS121
FA80ACPHi,AACPS7
FA80ACPHi,EDTXS3
FA80ACPHi,AGPAT161
FA80ACPHi,EDTXS1
FA80ACPHi,EAR80y
FA80ACPHi,G3PAT140
FA80ACPHi,UAGAAT
FA80ACPHi,ACPS1
FA80ACPHi,KAS14
FA80ACPHi,FA120ACPHi
FA80ACPHi,FA160ACPHi
FA80ACPHi,OCTNLL
FA80ACPHi,AGPAT120
FA80ACPHi,G3PAT181
FA80ACPHi,AACPS9
FA80ACPHi,AGPAT180
FA80ACPHi,ACPPAT160
FA80ACPHi,FA141ACPHi
FA80ACPHi,3OAS161
FA80ACPHi,ACPPAT180
2DGLCtex,EX_2dglc_e
2DGLCtex,2DGLCptspp
DINSt2pp,DINStex
DINSt2pp,NTD12pp
3OAS140,AACPS2
3OAS140,AGPAT181
3OAS140,G3PAT141
3OAS140,G3PAT160
3OAS140,AACPS6
3OAS140,AGPAT140
3OAS140,AACPS3
3OAS140,FA161ACPHi
3OAS140,G3PAT161
3OAS140,U23GAAT
3OAS140,KAS15
3OAS140,ACPPAT141
3OAS140,ACPPAT161
3OAS140,MCOATA
3OAS140,LIPOCT
3OAS140,AACPS1
3OAS140,G3PAT180
3OAS140,FA140ACPHi
3OAS140,3OAS121
3OAS140,FA160ACPHi
3OAS140,AACPS7
3OAS140,EDTXS3
3OAS140,AGPAT161
3OAS140,EDTXS1
3OAS140,EAR120x
3OAS140,G3PAT140
3OAS140,OGMEACPS
3OAS140,UAGAAT
3OAS140,ACPS1
3OAS140,KAS14
3OAS140,FA120ACPHi
3OAS140,3OAS181
3OAS140,MACPD
3OAS140,AGPAT120
3OAS140,G3PAT181
3OAS140,AGPAT180
3OAS140,ACPPAT160
3OAS140,AACPS9
3OAS140,FA141ACPHi
3OAS140,3OAS161
3OAS140,ACPPAT180
FDMO6,PAPSR2
FDMO6,FDMO3
FDMO6,SULR
FDMO6,SULFACabcpp
FDMO6,FDMO2
FDMO6,FDMO
FDMO6,TAUDO
FDMO6,FDMO4
TMAOR1pp,TMAOR2pp
HYPOE,PYDAMtpp
HYPOE,PYAM5PO
HYPOE,ALATA_L2
ADOCBLtonex,EX_adocbl_e
TDPADGAT,AADDGT
TDPADGAT,TDPAGTA
GLCTR3,GLCTR2
GLCTR3,HEPT4
AAMYLpp,MALTHXabcpp
AAMYLpp,14GLUCANabcpp
AAMYLpp,MALTHXtexi
RNDR1,RNDR4
RNDR1,THIORDXi
RNDR1,METSOXR2
RNDR1,TRDR
RNDR1,DSBDR
RNDR1,METSOXR1
EX_gam6p_e,GAMAN6Ptex
TAUDO,PAPSR2
TAUDO,TAURabcpp
TAUDO,SULR
TAUDO,FDMO3
TAUDO,FDMO2
TAUDO,FDMO
TAUDO,DM_aacald_c
TAUDO,FDMO4
XYLabcpp,XYLI1
XYLabcpp,XYLt2pp
XYLabcpp,XYHDL
NI2abcpp,NI2tpp
3OAS121,AACPS2
3OAS121,AGPAT181
3OAS121,G3PAT141
3OAS121,G3PAT160
3OAS121,AACPS6
3OAS121,AGPAT140
3OAS121,AACPS3
3OAS121,FA161ACPHi
3OAS121,G3PAT161
3OAS121,U23GAAT
3OAS121,KAS15
3OAS121,ACPPAT141
3OAS121,ACPPAT161
3OAS121,MCOATA
3OAS121,LIPOCT
3OAS121,AACPS1
3OAS121,G3PAT180
3OAS121,FA140ACPHi
3OAS121,FA160ACPHi
3OAS121,AACPS7
3OAS121,EDTXS3
3OAS121,AGPAT161
3OAS121,EDTXS1
3OAS121,G3PAT140
3OAS121,OGMEACPS
3OAS121,UAGAAT
3OAS121,ACPS1
3OAS121,KAS14
3OAS121,3OAR121
3OAS121,FA120ACPHi
3OAS121,3OAS181
3OAS121,MACPD
3OAS121,AGPAT120
3OAS121,G3PAT181
3OAS121,AGPAT180
3OAS121,ACPPAT160
3OAS121,AACPS9
3OAS121,FA141ACPHi
3OAS121,3OAS161
3OAS121,ACPPAT180
CPGNR2,CPGNabcpp
CPGNR2,CPGNR3
CPGNR2,CPGNUtpp
CPGNR2,CPGNR1
ARBTNR1,ARBTNabcpp
ARBTNR1,ARBTNR3
CLtipp,CLtex
CLtipp,CLt3_2pp
MANGLYCptspp,MANPGH
MANGLYCptspp,MANGLYCtex
ACNAMt2pp,ACNML
LPLIPAL2ATE181,LPLIPAL2ATG181
23CCMPtex,EX_23ccmp_e
23CCMPtex,23PDE4pp
METDabcpp,METDtex
HEPT4,AGMHE
HEPT4,COLIPAabcpp
HEPT4,HEPT3
2DGULRGy,2DGULRGx
2DGULRGy,2DGULRy
2DGULRGy,2DGULRx
2DGULRGy,DKGLCNR1
UACGALPpp,UMPtex
UACGALPpp,UDPACGALtex
UACGALPpp,ACGAL1PPpp
UACGALPpp,NTD2pp
UACGALPpp,UGLCURPpp
UACGALPpp,UACGAMPpp
UACGALPpp,UDPGALPpp
UACGALPpp,ACGAL1Ptex
GRXR,RNDR2b
GRXR,PAPSR2
GRXR,RNDR4b
GRXR,RNDR3b
GRXR,RNDR1b
GALCTD,GLCRAL
GALCTD,GLCRD
GALCTD,GALCTt2rpp
ADOCBIK,CBIAT
EX_acgam_e,ACGAtex
SELR,SELGTHR
SELR,SELabcpp
PYDXPP,PYDXK
PYDXPP,PDX5POi
PYDXPP,PYAM5PO
PYDXPP,ALATA_L2
ACPPAT180,AACPS2
ACPPAT180,AGPAT181
ACPPAT180,G3PAT141
ACPPAT180,G3PAT160
ACPPAT180,AACPS6
ACPPAT180,AGPAT140
ACPPAT180,AACPS3
ACPPAT180,FA161ACPHi
ACPPAT180,G3PAT161
ACPPAT180,EAR180y
ACPPAT180,U23GAAT
ACPPAT180,ACPPAT141
ACPPAT180,ACPPAT161
ACPPAT180,MCOATA
ACPPAT180,LIPOCT
ACPPAT180,AACPS1
ACPPAT180,G3PAT180
ACPPAT180,FA140ACPHi
ACPPAT180,AACPS7
ACPPAT180,EDTXS3
ACPPAT180,AGPAT161
ACPPAT180,EDTXS1
ACPPAT180,G3PAT140
ACPPAT180,APG3PAT180
ACPPAT180,UAGAAT
ACPPAT180,ACPS1
ACPPAT180,KAS14
ACPPAT180,EAR180x
ACPPAT180,FA120ACPHi
ACPPAT180,3OAS181
ACPPAT180,FA160ACPHi
ACPPAT180,AGPAT120
ACPPAT180,G3PAT181
ACPPAT180,APH180
ACPPAT180,AGPAT180
ACPPAT180,ACPPAT160
ACPPAT180,AACPS9
ACPPAT180,FA141ACPHi
ACPPAT180,3OAS161
EX_gam_e,GAMtex
GTPtex,EX_gtp_e
GTPtex,NTP3pp
FEOXAMtonex,FEOXAMabcpp
PPTtex,PPTHpp
PPTtex,EX_ppt_e
PYDXNK,PYDXNtpp
PYDXNK,PDXPP
PYDXNK,PDX5POi
FDMO,PAPSR2
FDMO,FDMO3
FDMO,SULR
FDMO,FDMO2
FDMO,FDMO4
TYRPpp,TYRPtex
RHMND,LKDRA
3OAR161,3HAD161
3OAR161,3OAS161
K2L4Aabctex,K2L4Aabcpp
GLYBabcpp,BETALDHy
GLYBabcpp,GLYBt2pp
FEOXAMUtex,FEOXAMUtpp
SQtr,SQtex
SQtr,SQGH
ASCBtex,EX_ascb__L_e
ACNML,AMANK
FALGTHLs,MTRPOX
FALGTHLs,FDMO2
FALGTHLs,FALDtpp
GLCRAL,GLCRD
ACGALtex,ACGAL1PPpp
ACGALtex,EX_acgal_e
NODOy,NO3t7pp
NODOy,NHFRBO
NODOy,NO3R1pp
NODOy,FESD2s
NODOy,NODOx
NODOy,NO3R2pp
NODOy,NOtpp
MANAO,GUI1
MANAO,FRUURt2rpp
MANAO,MNNH
LYXI,LYXt2pp
LYXI,XYLK2
LYXI,XYLUt2pp
FA120ACPHi,AACPS2
FA120ACPHi,AGPAT181
FA120ACPHi,G3PAT141
FA120ACPHi,G3PAT160
FA120ACPHi,AACPS6
FA120ACPHi,AGPAT140
FA120ACPHi,AACPS3
FA120ACPHi,FA161ACPHi
FA120ACPHi,G3PAT161
FA120ACPHi,U23GAAT
FA120ACPHi,ACPPAT141
FA120ACPHi,ACPPAT161
FA120ACPHi,MCOATA
FA120ACPHi,LIPOCT
FA120ACPHi,AACPS1
FA120ACPHi,G3PAT180
FA120ACPHi,FA140ACPHi
FA120ACPHi,AACPS7
FA120ACPHi,EDTXS3
FA120ACPHi,AGPAT161
FA120ACPHi,EDTXS1
FA120ACPHi,EAR120x
FA120ACPHi,G3PAT140
FA120ACPHi,UAGAAT
FA120ACPHi,ACPS1
FA120ACPHi,KAS14
FA120ACPHi,FA160ACPHi
FA120ACPHi,AGPAT120
FA120ACPHi,G3PAT181
FA120ACPHi,3OAS181
FA120ACPHi,AGPAT180
FA120ACPHi,ACPPAT160
FA120ACPHi,AACPS9
FA120ACPHi,FA141ACPHi
FA120ACPHi,3OAS161
AMAOTr,DBTS
AMAOTr,DM_amob_c
FRULYSK,FRULYSDG
FRULYSK,FRULYSt2pp
FRULYSK,FRULYSE
LPLIPAL2ATE140,LPLIPAL2ATG140
FECRMabcpp,FECRMR2
FECRMabcpp,FECRMtonex
FECRMabcpp,FECRMR3
PROGLYabcpp,AMPTASEPG
PROGLYabcpp,PROGLYtex
G3PAT161,AACPS2
G3PAT161,AGPAT181
G3PAT161,EAR161x
G3PAT161,G3PAT141
G3PAT161,G3PAT160
G3PAT161,AACPS6
G3PAT161,AGPAT140
G3PAT161,AACPS3
G3PAT161,FA161ACPHi
G3PAT161,U23GAAT
G3PAT161,ACPPAT141
G3PAT161,ACPPAT161
G3PAT161,EAR161y
G3PAT161,MCOATA
G3PAT161,LIPOCT
G3PAT161,AACPS1
G3PAT161,G3PAT180
G3PAT161,FA140ACPHi
G3PAT161,AACPS7
G3PAT161,EDTXS3
G3PAT161,AGPAT161
G3PAT161,EDTXS1
G3PAT161,G3PAT140
G3PAT161,UAGAAT
G3PAT161,ACPS1
G3PAT161,KAS14
G3PAT161,FA160ACPHi
G3PAT161,AGPAT120
G3PAT161,G3PAT181
G3PAT161,3OAS181
G3PAT161,AGPAT180
G3PAT161,ACPPAT160
G3PAT161,AACPS9
G3PAT161,FA141ACPHi
G3PAT161,3OAS161
PYDXK,PDX5POi
PYDXK,PYAM5PO
PYDXK,ALATA_L2
AACPS6,AACPS2
AACPS6,AGPAT181
AACPS6,G3PAT141
AACPS6,G3PAT160
AACPS6,AGPAT140
AACPS6,AACPS3
AACPS6,FA161ACPHi
AACPS6,EAR180y
AACPS6,U23GAAT
AACPS6,ACPPAT141
AACPS6,ACPPAT161
AACPS6,MCOATA
AACPS6,LIPOCT
AACPS6,AACPS1
AACPS6,G3PAT180
AACPS6,FA140ACPHi
AACPS6,AACPS7
AACPS6,EDTXS3
AACPS6,AGPAT161
AACPS6,EDTXS1
AACPS6,G3PAT140
AACPS6,UAGAAT
AACPS6,EAR180x
AACPS6,KAS14
AACPS6,ACPS1
AACPS6,FA160ACPHi
AACPS6,AGPAT120
AACPS6,G3PAT181
AACPS6,3OAS181
AACPS6,AGPAT180
AACPS6,ACPPAT160
AACPS6,AACPS9
AACPS6,FA141ACPHi
AACPS6,3OAS161
O2Stex,SPODMpp
O2Stex,EX_o2s_e
U23GAAT,AACPS2
U23GAAT,AGPAT181
U23GAAT,G3PAT141
U23GAAT,G3PAT160
U23GAAT,AGPAT140
U23GAAT,AACPS3
U23GAAT,FA161ACPHi
U23GAAT,ACPPAT141
U23GAAT,ACPPAT161
U23GAAT,MCOATA
U23GAAT,LIPOCT
U23GAAT,AACPS1
U23GAAT,G3PAT180
U23GAAT,FA140ACPHi
U23GAAT,AACPS7
U23GAAT,EDTXS3
U23GAAT,AGPAT161
U23GAAT,EDTXS1
U23GAAT,USHD
U23GAAT,G3PAT140
U23GAAT,UAGAAT
U23GAAT,ACPS1
U23GAAT,KAS14
U23GAAT,FA160ACPHi
U23GAAT,AGPAT120
U23GAAT,G3PAT181
U23GAAT,3OAS181
U23GAAT,AGPAT180
U23GAAT,ACPPAT160
U23GAAT,AACPS9
U23GAAT,FA141ACPHi
U23GAAT,3OAS161
U23GAAT,UHGADA
23CAMPtex,EX_23camp_e
MNLtex,MNLptspp
MOCOS,MOCDS
MOCOS,BWCOS
MOCOS,MOBDabcpp
MOCOS,MOGDS
MOCOS,MPTAT
GPDDA5,INOSTO
GPDDA5,INOSTt4pp
DAMPtex,EX_damp_e
EAR160y,3HAD160
EAR160y,EAR160x
EAR160y,FA160ACPHi
EAR160y,G3PAT160
EAR160y,ACPPAT160
EAR160y,AACPS3
PROGLYtex,EX_progly_e
NO3R2bpp,NO3t7pp
NO3R2bpp,NTRIR4pp
NO3R2bpp,NO3tex
NO3R2bpp,NO2tex
CPGNtonex,CPGNabcpp
SUCRtex,EX_sucr_e
DMSOR1pp,DMSOR2pp
DMSOR1pp,DMSOtex
DMSOR1pp,DMStex
DMSOR1pp,DMSOtpp
AACPS7,AACPS2
AACPS7,AGPAT181
AACPS7,G3PAT141
AACPS7,G3PAT160
AACPS7,AGPAT140
AACPS7,AACPS3
AACPS7,FA161ACPHi
AACPS7,ACPPAT141
AACPS7,ACPPAT161
AACPS7,MCOATA
AACPS7,LIPOCT
AACPS7,AACPS1
AACPS7,G3PAT180
AACPS7,FA140ACPHi
AACPS7,EDTXS3
AACPS7,AGPAT161
AACPS7,EDTXS1
AACPS7,EAR120x
AACPS7,G3PAT140
AACPS7,UAGAAT
AACPS7,ACPS1
AACPS7,KAS14
AACPS7,FA160ACPHi
AACPS7,AGPAT120
AACPS7,G3PAT181
AACPS7,3OAS181
AACPS7,AGPAT180
AACPS7,ACPPAT160
AACPS7,AACPS9
AACPS7,FA141ACPHi
AACPS7,3OAS161
AGMHE,HEPT3
AGMHE,GMHEPAT
DHPStex,DHPStr
DHPStex,EX_dhps_e
URATEtex,URATEtpp
SBTPD,SBTptspp
DMSOtpp,DMSOR2pp
DMSOtpp,DMSOR2
DMSOtpp,DMSOR1
DMSOtpp,DMSOtex
EAR160x,3HAD160
EAR160x,FA160ACPHi
EAR160x,G3PAT160
EAR160x,ACPPAT160
EAR160x,AACPS3
KAS15,KAS14
KAS15,MCOATA
KAS15,3OAS181
KAS15,MACPD
KAS15,OGMEACPS
KAS15,3OAS161
FA141ACPHi,AACPS2
FA141ACPHi,AGPAT181
FA141ACPHi,G3PAT141
FA141ACPHi,G3PAT160
FA141ACPHi,AGPAT140
FA141ACPHi,AACPS3
FA141ACPHi,FA161ACPHi
FA141ACPHi,ACPPAT141
FA141ACPHi,ACPPAT161
FA141ACPHi,MCOATA
FA141ACPHi,LIPOCT
FA141ACPHi,EAR141x
FA141ACPHi,AACPS1
FA141ACPHi,G3PAT180
FA141ACPHi,FA140ACPHi
FA141ACPHi,EDTXS3
FA141ACPHi,AGPAT161
FA141ACPHi,EDTXS1
FA141ACPHi,G3PAT140
FA141ACPHi,EAR141y
FA141ACPHi,UAGAAT
FA141ACPHi,ACPS1
FA141ACPHi,KAS14
FA141ACPHi,FA160ACPHi
FA141ACPHi,AGPAT120
FA141ACPHi,G3PAT181
FA141ACPHi,3OAS181
FA141ACPHi,AGPAT180
FA141ACPHi,ACPPAT160
FA141ACPHi,AACPS9
FA141ACPHi,3OAS161
FRULYSt2pp,FRULYSE
FRULYSt2pp,FRULYStex
EX_galur_e,GALURtex
NDPK6,RNDR4
NDPK6,RNDR4b
BWCOS,BWCOGDS1
BWCOS,MPTAT
ACOLIPAabctex,LA4NTpp
GLTPD,GALTptspp
GLTPD,PFK_2
3OAR100,3HAD100
3GMPtex,3NTD9pp
3GMPtex,23PDE9pp
3OAS161,AACPS2
3OAS161,AGPAT181
3OAS161,G3PAT141
3OAS161,G3PAT160
3OAS161,AGPAT140
3OAS161,AACPS3
3OAS161,FA161ACPHi
3OAS161,ACPPAT141
3OAS161,ACPPAT161
3OAS161,MCOATA
3OAS161,LIPOCT
3OAS161,EAR141x
3OAS161,AACPS1
3OAS161,G3PAT180
3OAS161,FA140ACPHi
3OAS161,EDTXS3
3OAS161,AGPAT161
3OAS161,EDTXS1
3OAS161,G3PAT140
3OAS161,OGMEACPS
3OAS161,EAR141y
3OAS161,UAGAAT
3OAS161,ACPS1
3OAS161,KAS14
3OAS161,MACPD
3OAS161,FA160ACPHi
3OAS161,AGPAT120
3OAS161,G3PAT181
3OAS161,3OAS181
3OAS161,AGPAT180
3OAS161,ACPPAT160
3OAS161,AACPS9
RNTR3c2,RNTR2c2
RNTR3c2,POR5
RNTR3c2,RNTR4c2
RNTR3c2,RNTR1c2
CRNDt2rpp,CRNt8pp
UGLCURPpp,UMPtex
UGLCURPpp,NTD2pp
UGLCURPpp,GUR1PPpp
UGLCURPpp,UDPGLCURtex
UGLCURPpp,UACGAMPpp
UGLCURPpp,UDPGALPpp
PUACGAMtr,PUACGAMS
G3PAT160,AACPS2
G3PAT160,AGPAT181
G3PAT160,G3PAT141
G3PAT160,AGPAT140
G3PAT160,AACPS3
G3PAT160,APG3PAT160
G3PAT160,FA161ACPHi
G3PAT160,ACPPAT141
G3PAT160,ACPPAT161
G3PAT160,MCOATA
G3PAT160,LIPOCT
G3PAT160,AACPS1
G3PAT160,G3PAT180
G3PAT160,FA140ACPHi
G3PAT160,EDTXS3
G3PAT160,AGPAT161
G3PAT160,EDTXS1
G3PAT160,G3PAT140
G3PAT160,UAGAAT
G3PAT160,ACPS1
G3PAT160,KAS14
G3PAT160,FA160ACPHi
G3PAT160,AGPAT120
G3PAT160,G3PAT181
G3PAT160,3OAS181
G3PAT160,AGPAT180
G3PAT160,ACPPAT160
G3PAT160,AACPS9
SELabcpp,SELtex
EAR180y,EAR180x
EAR180y,3HAD180
EAR180y,G3PAT180
EAR180y,AGPAT180
CUt3,CU1abcpp
CUt3,EX_cu_e
CUt3,CUt2pp
CUt3,CUtex
ACGAL1PPpp,ACGAL1Ptex
APH141,ACPPAT141
APH141,APG3PAT141
NMNt7pp,NMNPtpp
3OAR121,3HAD121
MANGLYCtex,EX_manglyc_e
MANtex,MANptspp
MANtex,EX_man_e
MALTptspp,MALTabcpp
MALTptspp,MALTtexi
ACGAM1PPpp,ACGAptspp
ACGAM1PPpp,ACGAtex
ACGAM1PPpp,UACGAMPpp
EX_tre_e,TREtex
FDMO4,PAPSR2
FDMO4,FDMO3
FDMO4,SULR
FDMO4,FDMO2
FDMO4,ALDD4
FDMO4,BUTSO3abcpp
BGLA1,CELBpts
FDMO2,PAPSR2
FDMO2,FDMO3
FDMO2,SULR
FDMO2,MTRPOX
FDMO2,FALDtpp
FDMO2,MSO3abcpp
EX_23dappa_e,23DAPPAtex
ECA4COLIPAabctex,ECA4OALpp
ECA4COLIPAabctex,EX_eca4colipa_e
TAGURr,GUI2
TAGURr,GALCTLO
SELGTHR3,SELNPS
GLYBt2pp,BETALDHy
METDtex,EX_met__D_e
GDPMNP,PMANM
GDPMNP,MAN1PT2
GDPMNP,GMAND
IMPtex,NTD11pp
FALDtpp,FALDtex
FALDtpp,MTRPOX
FA160ACPHi,AACPS2
FA160ACPHi,AGPAT181
FA160ACPHi,G3PAT141
FA160ACPHi,AACPS3
FA160ACPHi,AGPAT140
FA160ACPHi,FA161ACPHi
FA160ACPHi,ACPPAT141
FA160ACPHi,ACPPAT161
FA160ACPHi,MCOATA
FA160ACPHi,LIPOCT
FA160ACPHi,AACPS1
FA160ACPHi,G3PAT180
FA160ACPHi,FA140ACPHi
FA160ACPHi,EDTXS3
FA160ACPHi,AGPAT161
FA160ACPHi,EDTXS1
FA160ACPHi,G3PAT140
FA160ACPHi,UAGAAT
FA160ACPHi,ACPS1
FA160ACPHi,KAS14
FA160ACPHi,3OAS181
FA160ACPHi,AGPAT120
FA160ACPHi,G3PAT181
FA160ACPHi,ACPPAT160
FA160ACPHi,AGPAT180
FA160ACPHi,AACPS9
I2FE2ST,S2FE2ST
EX_udpglcur_e,UDPGLCURtex
EX_dtmp_e,DTMPtex
MALTTTRabcpp,MLTG3
MALTTTRabcpp,MALTTTRtexi
MALTTTRabcpp,MLTP1
AGPAT181,AACPS2
AGPAT181,G3PAT141
AGPAT181,AGPAT140
AGPAT181,AACPS3
AGPAT181,FA161ACPHi
AGPAT181,ACPPAT141
AGPAT181,ACPPAT161
AGPAT181,MCOATA
AGPAT181,LIPOCT
AGPAT181,AACPS1
AGPAT181,G3PAT180
AGPAT181,FA140ACPHi
AGPAT181,EDTXS3
AGPAT181,AGPAT161
AGPAT181,EDTXS1
AGPAT181,G3PAT140
AGPAT181,EAR181x
AGPAT181,APG3PAT181
AGPAT181,UAGAAT
AGPAT181,ACPS1
AGPAT181,KAS14
AGPAT181,G3PAT181
AGPAT181,AGPAT120
AGPAT181,3OAS181
AGPAT181,AGPAT180
AGPAT181,ACPPAT160
AGPAT181,AACPS9
3HPPPNH,DHPPD
3HPPPNH,HPPPNt2rpp
EX_psclys_e,PSCLYStex
KDOCT2,KDOPP
KDOCT2,MOAT
EX_mal__D_e,MALDtex
MMETt2pp,MMETtex
MMETt2pp,HCYSMT2
NO3t7pp,NO3R1pp
NO3t7pp,NO3tex
NO3t7pp,NTRIR4pp
NO3t7pp,NODOx
NO3t7pp,NO2tex
NO3t7pp,NO3R2pp
PYDXNtex,EX_pydxn_e
PYDXNtex,PYDXNtpp
G3PAT181,AACPS2
G3PAT181,G3PAT141
G3PAT181,AGPAT140
G3PAT181,AACPS3
G3PAT181,FA161ACPHi
G3PAT181,ACPPAT141
G3PAT181,ACPPAT161
G3PAT181,MCOATA
G3PAT181,LIPOCT
G3PAT181,AACPS1
G3PAT181,G3PAT180
G3PAT181,FA140ACPHi
G3PAT181,EDTXS3
G3PAT181,AGPAT161
G3PAT181,EDTXS1
G3PAT181,G3PAT140
G3PAT181,EAR181x
G3PAT181,APG3PAT181
G3PAT181,UAGAAT
G3PAT181,ACPS1
G3PAT181,KAS14
G3PAT181,AGPAT120
G3PAT181,3OAS181
G3PAT181,AGPAT180
G3PAT181,ACPPAT160
G3PAT181,AACPS9
DADNt2pp,DADNtex
UPPDC1,CPPPGO
UPPDC1,UPP3MT
AGt3,EX_ag_e
GLCTR2,GALT1
G6Pt6_2pp,G6Ptex
CH4tex,EX_ch4_e
CH4tex,CH4t2pp
CLt3_2pp,CLtex
EX_amp_e,AMPtex
O16AP2pp,UDCPDPpp
O16AP2pp,COLIPAKpp
O16AP2pp,ECAP1pp
O16AP2pp,ECAP2pp
O16AP2pp,ECA4OALpp
O16AP2pp,O16AP1pp
EX_cu_e,CUtex
COLIPAabctex,COLIPAKpp
COLIPAabctex,LIPAHT2ex
COLIPAabctex,ECA4OALpp
COLIPAabctex,LA4NTpp
COLIPAabctex,COLIPAabcpp
ECAP2pp,UDCPDPpp
ECAP2pp,COLIPAKpp
ECAP2pp,ECAP1pp
ECAP2pp,ECA4OALpp
ECAP2pp,O16AP1pp
ECAP2pp,ECAtpp
XYLt2pp,XYLI1
XYLt2pp,XYHDL
EX_tcynt_e,TCYNTtex
TTRCYCtpp,TTRCYCtex
METSOX2abcpp,METOX2s
METSOX2abcpp,METSOX2tex
METSOX2abcpp,METSOXR2
OROTtex,OROTt2_2pp
23PDE9pp,3NTD9pp
23PDE9pp,23CGMPtex
EX_no3_e,NO3tex
EDTXS1,K2L4Aabcpp
EDTXS1,AACPS2
EDTXS1,G3PAT141
EDTXS1,AGPAT140
EDTXS1,AACPS3
EDTXS1,FA161ACPHi
EDTXS1,ACPPAT141
EDTXS1,ACPPAT161
EDTXS1,MCOATA
EDTXS1,LIPOCT
EDTXS1,AACPS1
EDTXS1,G3PAT180
EDTXS1,FA140ACPHi
EDTXS1,EDTXS3
EDTXS1,AGPAT161
EDTXS1,EAR120x
EDTXS1,G3PAT140
EDTXS1,UAGAAT
EDTXS1,ACPS1
EDTXS1,KAS14
EDTXS1,AGPAT120
EDTXS1,3OAS181
EDTXS1,AGPAT180
EDTXS1,ACPPAT160
EDTXS1,AACPS9
COBALT2t3pp,COBALT2abcpp
HCINNMtex,EX_3hcinnm_e
HCINNMtex,HCINNMt2rpp
EX_glyc2p_e,GLYC2Ptex
SO4tex,SO4t2pp
SO4tex,SULabcpp
SO4tex,EX_so4_e
DSBDR,RNDR4
DSBDR,THIORDXi
DSBDR,METSOXR2
DSBDR,TDSR1
DSBDR,TRDR
DSBDR,METSOXR1
FESD2s,NHFRBO
FESD2s,NODOx
FESD2s,NOtpp
MCOATA,AACPS2
MCOATA,G3PAT141
MCOATA,AGPAT140
MCOATA,AACPS3
MCOATA,FA161ACPHi
MCOATA,MALCOAMT
MCOATA,ACPPAT141
MCOATA,ACPPAT161
MCOATA,LIPOCT
MCOATA,AACPS1
MCOATA,G3PAT180
MCOATA,FA140ACPHi
MCOATA,EDTXS3
MCOATA,AGPAT161
MCOATA,ACCOAC
MCOATA,G3PAT140
MCOATA,OGMEACPS
MCOATA,UAGAAT
MCOATA,ACPS1
MCOATA,KAS14
MCOATA,3OAS181
MCOATA,MACPD
MCOATA,AGPAT120
MCOATA,AGPAT180
MCOATA,ACPPAT160
MCOATA,AACPS9
3OAS181,AACPS2
3OAS181,EAR161x
3OAS181,G3PAT141
3OAS181,AGPAT140
3OAS181,AACPS3
3OAS181,FA161ACPHi
3OAS181,ACPPAT141
3OAS181,ACPPAT161
3OAS181,EAR161y
3OAS181,LIPOCT
3OAS181,AACPS1
3OAS181,G3PAT180
3OAS181,FA140ACPHi
3OAS181,3OAR181
3OAS181,EDTXS3
3OAS181,AGPAT161
3OAS181,G3PAT140
3OAS181,OGMEACPS
3OAS181,UAGAAT
3OAS181,ACPS1
3OAS181,KAS14
3OAS181,MACPD
3OAS181,AGPAT120
3OAS181,AGPAT180
3OAS181,ACPPAT160
3OAS181,AACPS9
AGPAT180,AACPS2
AGPAT180,G3PAT141
AGPAT180,AGPAT140
AGPAT180,AACPS3
AGPAT180,FA161ACPHi
AGPAT180,ACPPAT141
AGPAT180,ACPPAT161
AGPAT180,LIPOCT
AGPAT180,AACPS1
AGPAT180,G3PAT180
AGPAT180,FA140ACPHi
AGPAT180,EDTXS3
AGPAT180,AGPAT161
AGPAT180,G3PAT140
AGPAT180,APG3PAT180
AGPAT180,UAGAAT
AGPAT180,ACPS1
AGPAT180,KAS14
AGPAT180,EAR180x
AGPAT180,AGPAT120
AGPAT180,ACPPAT160
AGPAT180,AACPS9
ISETACtex,EX_isetac_e
FCI,FCLK
FCI,FUCtpp
APH160,ACPPAT160
APH160,APG3PAT160
COLIPAKpp,UDCPDPpp
COLIPAKpp,LA4NTpp
COLIPAKpp,ECAP1pp
COLIPAKpp,ECA4OALpp
COLIPAKpp,COLIPAabcpp
COLIPAKpp,UDCPPtppi
COLIPAKpp,O16AP1pp
COLIPAKpp,COLIPAPabctex
TREHpp,TREtex
TREHpp,TREptspp
UDCPDPpp,ECAP1pp
UDCPDPpp,ECA4OALpp
UDCPDPpp,LA4NTpp
UDCPDPpp,UDCPPtppi
UDCPDPpp,O16AP1pp
MN2tpp,MN2tipp
MN2tpp,MN2t3pp
MN2tpp,MNt2pp
PDXPP,PYDXNtpp
PDXPP,PDX5POi
CYSDtex,EX_cys__D_e
UHGADA,UAGAAT
HDCAtexi,LIPAHT2ex
HDCAtexi,EX_hdca_e
MOADSUx,MPTSS
DMStex,DMSOR2pp
DMStex,EX_dms_e
DGSNtex,DGSNt2pp
DGSNtex,EX_dgsn_e
3HAD40,EAR40x
3HAD40,EAR40y
EX_ttdcea_e,TTDCEAtexi
AACPS3,AACPS2
AACPS3,G3PAT141
AACPS3,AGPAT140
AACPS3,FA161ACPHi
AACPS3,ACPPAT141
AACPS3,ACPPAT161
AACPS3,LIPOCT
AACPS3,AACPS1
AACPS3,G3PAT180
AACPS3,FA140ACPHi
AACPS3,EDTXS3
AACPS3,AGPAT161
AACPS3,G3PAT140
AACPS3,UAGAAT
AACPS3,ACPS1
AACPS3,KAS14
AACPS3,AGPAT120
AACPS3,ACPPAT160
AACPS3,AACPS9
CLBtex,EX_cellb_e
CLBtex,CELBpts
13PPDH2,3HPADHi
CBIuabcpp,CBIAT
CBIuabcpp,CBItonex
ALLtex,EX_all__D_e
ALLtex,ALLabcpp
AADDGT,ECAtpp
TARTRtex,TARTRt7pp
G2PP,GLYC2Pabcpp
RNDR2b,PAPSR2
RNDR2b,RNDR4b
RNDR2b,RNDR3b
RNDR2b,RNDR1b
MLTG3,MLTP1
MLTG3,MLTG4
GAMtex,GAMptspp
G3PCtex,EX_g3pc_e
G3PCtex,GPDDA1pp
G3PCtex,G3PCabcpp
GLYC2Pabcpp,GLYC2Ptex
LIPOCT,AACPS2
LIPOCT,G3PAT141
LIPOCT,AGPAT140
LIPOCT,FA161ACPHi
LIPOCT,ACPPAT141
LIPOCT,ACPPAT161
LIPOCT,AACPS1
LIPOCT,EAR80x
LIPOCT,G3PAT180
LIPOCT,FA140ACPHi
LIPOCT,EDTXS3
LIPOCT,AGPAT161
LIPOCT,EAR80y
LIPOCT,G3PAT140
LIPOCT,UAGAAT
LIPOCT,ACPS1
LIPOCT,KAS14
LIPOCT,OCTNLL
LIPOCT,AGPAT120
LIPOCT,ACPPAT160
LIPOCT,AACPS9
SQtex,EX_sq_e
EX_gln__L_e,GLNtex
RPNTPH,CPL
EX_metsox_S__L_e,METSOX1tex
G3PAT180,AACPS2
G3PAT180,G3PAT141
G3PAT180,AGPAT140
G3PAT180,FA161ACPHi
G3PAT180,ACPPAT141
G3PAT180,ACPPAT161
G3PAT180,AACPS1
G3PAT180,FA140ACPHi
G3PAT180,EDTXS3
G3PAT180,AGPAT161
G3PAT180,G3PAT140
G3PAT180,APG3PAT180
G3PAT180,UAGAAT
G3PAT180,EAR180x
G3PAT180,KAS14
G3PAT180,ACPS1
G3PAT180,AGPAT120
G3PAT180,ACPPAT160
G3PAT180,AACPS9
AGPAT140,AACPS2
AGPAT140,G3PAT141
AGPAT140,FA161ACPHi
AGPAT140,ACPPAT141
AGPAT140,ACPPAT161
AGPAT140,EAR140y
AGPAT140,AACPS1
AGPAT140,FA140ACPHi
AGPAT140,EDTXS3
AGPAT140,AGPAT161
AGPAT140,G3PAT140
AGPAT140,UAGAAT
AGPAT140,ACPS1
AGPAT140,KAS14
AGPAT140,AGPAT120
AGPAT140,ACPPAT160
AGPAT140,AACPS9
GPDDA3pp,G3PStex
GPDDA3pp,G3PSabcpp
G6Ptex,EX_g6p_e
OGMEACPS,KAS14
OGMEACPS,OGMEACPR
OGMEACPS,MACPD
OGMEACPS,MALCOAMT
6D6SPA,6D6SFK
6D6SPA,3SLAR
CAt6pp,CA2t3pp
AGPAT120,AACPS2
AGPAT120,G3PAT141
AGPAT120,FA161ACPHi
AGPAT120,ACPPAT141
AGPAT120,ACPPAT161
AGPAT120,AACPS1
AGPAT120,APG3PAT120
AGPAT120,FA140ACPHi
AGPAT120,EDTXS3
AGPAT120,AGPAT161
AGPAT120,EAR120x
AGPAT120,G3PAT140
AGPAT120,UAGAAT
AGPAT120,ACPS1
AGPAT120,KAS14
AGPAT120,ACPPAT160
AGPAT120,AACPS9
PPALtpp,ALDD3y
CPL,PRCPD
CPL,CH4t2pp
FECRMR2,FECRMR3
ACPPAT141,APG3PAT141
ACPPAT141,AACPS2
ACPPAT141,G3PAT141
ACPPAT141,FA161ACPHi
ACPPAT141,ACPPAT161
ACPPAT141,EAR141x
ACPPAT141,AACPS1
ACPPAT141,FA140ACPHi
ACPPAT141,EDTXS3
ACPPAT141,AGPAT161
ACPPAT141,G3PAT140
ACPPAT141,EAR141y
ACPPAT141,UAGAAT
ACPPAT141,ACPS1
ACPPAT141,KAS14
ACPPAT141,ACPPAT160
ACPPAT141,AACPS9
EX_octa_e,OCTAtex
ECAtpp,ECAP1pp
DSERtex,DSERt2pp
DSERtex,EX_ser__D_e
RFAMPtpp,RFAMPtex
CHLabcpp,GPDDA1pp
EX_r5p_e,R5Ptex
PYDAMtpp,PYDAMtex
NTD5pp,DTMPtex
EAR141x,AACPS2
EAR141x,G3PAT141
EAR141x,EAR141y
EAR141x,3HAD141
NO3R1pp,NODOx
NO3R1pp,NO3R2pp
BPNT,ACPS1
BPNT,PAPSR2
ECA4OALpp,ECAP1pp
ECA4OALpp,COLIPAabcpp
ECA4OALpp,LA4NTpp
ECA4OALpp,O16AP1pp
DADNtex,EX_dad_2_e
2DGULRGx,2DGULRy
2DGULRGx,2DGULRx
2DGULRGx,DKGLCNR1
ACONMT,ACONIs
23CUMPtex,EX_23cump_e
23CUMPtex,23PDE2pp
TDSR1,DSBCGT
OPMEACPD,OPMEACPR
BTNtex,BTNt2ipp
BTNtex,EX_btn_e
BMOGDS2,BMOGDS1
GALURt2rpp,GUI2
GALURt2rpp,GALURtex
GLNtex,GLUNpp
PSCLYSt2pp,FRULYSE
PSCLYSt2pp,PSCLYStex
FE3HOXUtex,FE3HOXR1
FE3HOXUtex,FE3HOXUtpp
14GLUCANabcpp,AAMYL
EX_n2o_e,N2Otex
CYANSTpp,TCYNTtex
CYANSTpp,TSULtex
CYANSTpp,CYANtex
EX_23cgmp_e,23CGMPtex
GDMANE,GMAND
G3PCabcpp,GPDDA1pp
GMAND,MAN1PT2
ADOCBLS,RZ5PP
ETHSO3tex,EX_ethso3_e
ETHSO3tex,ETHSO3abcpp
RIBtex,R5PPpp
RIBtex,RIBabcpp
RIBtex,EX_rib__D_e
CPGNabcpp,CPGNR3
CPGNabcpp,CPGNR1
ADSK,PAPSR2
ADSK,SADT2
PETNT181pp,ENLIPAabctex
ACMANAptspp,AMANAPEr
ACMANAptspp,AMANK
ACMANAptspp,ACMANAtex
MLTG4,AAMYL
MLTG4,MALTHXabcpp
MLTG4,MLTP1
MLTG4,MLTG5
MSO3tex,EX_mso3_e
MSO3tex,MSO3abcpp
GLCRt2rpp,GLCRD
GLCRt2rpp,GLCRtex
DKGLCNR2y,DKGLCNR2x
DKGLCNR2y,DKGLCNR1
SADT2,SO4t2pp
SADT2,SULabcpp
SADT2,H2SO
CCGS,CDGS
GAL1Ptex,GAL1PPpp
GAL1Ptex,UDPGALPpp
METSOXR2,METOX2s
METSOXR2,RNDR4
METSOXR2,THIORDXi
METSOXR2,TRDR
METSOXR2,METSOXR1
HEPK2,HEPT3
PHEMEabcpp,FCLT
PHEMEabcpp,PHEMEtiex
EX_3amp_e,3AMPtex
2DGLCptspp,2DOXG6PP
METGLCURtex,EX_metglcur_e
CTBTt2rpp,CTBTabcpp
NO2tex,NTRIR4pp
EX_pser__L_e,PSERtex
3HAD161,EAR161y
3HAD161,EAR161x
CHTBSptspp,DC6PDA
CHTBSptspp,CHTBStex
DHBSZ3FEabcpp,FE3DHBZS3R
DHBSZ3FEabcpp,FEENTERES
LA4NTpp,COLIPAabcpp
LA4NTpp,UDCPPtppi
RNDR4,RNDR4b
RNDR4,THIORDXi
RNDR4,TRDR
RNDR4,METSOXR1
SHCHD2,SHCHF
SHCHD2,UPP3MT
PMANM,MANptspp
PMANM,MANPGH
PMANM,MAN6Pt6_2pp
PMANM,MAN1PT2
PMANM,HEX4
DMSOR2pp,DMSOtex
APG3PAT181,APH181
34dhpactex,EX_34dhpac_e
3AMPtex,3NTD7pp
ALLPI,ALLULPE
ALLPI,ALLK
SULFACtex,EX_sulfac_e
SULFACtex,SULFACabcpp
FE3HOXR1,FE3HOXabcpp
EAR141y,AACPS2
EAR141y,G3PAT141
EAR141y,3HAD141
LIPAHT2ex,EX_hdca_e
LIPAHT2ex,EX_hacolipa_e
ACMUMtex,EX_acmum_e
UPLA4FNT,ULA4NFT
FE3HOXtonex,FE3HOXabcpp
FE3HOXtonex,FE3HOXexs
THIORDXi,TRDR
THIORDXi,METSOXR1
AACPS1,AACPS2
AACPS1,G3PAT141
AACPS1,FA161ACPHi
AACPS1,ACPPAT161
AACPS1,EAR140y
AACPS1,FA140ACPHi
AACPS1,EDTXS3
AACPS1,AGPAT161
AACPS1,G3PAT140
AACPS1,UAGAAT
AACPS1,ACPS1
AACPS1,KAS14
AACPS1,ACPPAT160
AACPS1,AACPS9
DCMPtex,EX_dcmp_e
CYANtex,EX_cyan_e
MN2tipp,MN2t3pp
MN2tipp,MNt2pp
EAR121x,3HAD121
EAR121x,EAR121y
3HAD121,EAR121y
APH180,APG3PAT180
23PDE2pp,3NTD2pp
HG2abcpp,HG2tex
DDCAtexi,EX_ddca_e
DINStex,NTD12pp
DINStex,EX_din_e
POR5,RNTR2c2
POR5,RNTR4c2
POR5,RNTR1c2
PPPGO3,CPPPGO
PPPGO3,FCLT
ALLK,ALLabcpp
PPPNDO,PPPNt2rpp
PPPNDO,DHPPD
HOPNTAL,OP4ENH
ALDD4,BUTCT
QUINDHyi,QUIN2tpp
THMabcpp,THMtex
EX_hg2_e,HG2tex
NNDMBRT,RZ5PP
MANPGH,MANptspp
MANPGH,MAN6Pt6_2pp
MANPGH,HEX4
FRUpts2pp,FRUtex
AAMYL,MALTHXabcpp
AAMYL,MLTG5
3HCINNMH,HCINNMt2rpp
3HCINNMH,DHCIND
3HCINNMH,DHCINDO
ASCBPL,3KGK
ASCBPL,KG6PDC
LPLIPAL2ATG161,LPLIPAL2ATE161
NODOx,NHFRBO
NODOx,NO3R2pp
NODOx,NOtpp
EX_thrp_e,THRPtex
EX_meoh_e,MEOHtex
PPAt4pp,PPAtex
MOAT,TDSK
UDPKAAT,UDPGDC
UDPKAAT,ULA4NFT
EX_pnto__R_e,PNTOtex
FE3DHBZS3R,FEENTERES
GAMAN6Ptex,GAM6Pt6_2pp
BWCOGDS1,BWCOGDS2
CUt2pp,CU1abcpp
CUt2pp,CUtex
TDPGDH,G1PTT
TDPGDH,TDPAGTA
TDPGDH,TDPDRE
HEX4,MANptspp
HEX4,MAN6Pt6_2pp
APG3PAT141,G3PAT141
CMtpp,CMtex
G3PAT140,AACPS2
G3PAT140,G3PAT141
G3PAT140,FA161ACPHi
G3PAT140,ACPPAT161
G3PAT140,EAR140y
G3PAT140,FA140ACPHi
G3PAT140,EDTXS3
G3PAT140,AGPAT161
G3PAT140,UAGAAT
G3PAT140,ACPS1
G3PAT140,KAS14
G3PAT140,ACPPAT160
G3PAT140,AACPS9
ACPPAT160,AACPS2
ACPPAT160,G3PAT141
ACPPAT160,FA161ACPHi
ACPPAT160,APG3PAT160
ACPPAT160,ACPPAT161
ACPPAT160,FA140ACPHi
ACPPAT160,EDTXS3
ACPPAT160,AGPAT161
ACPPAT160,UAGAAT
ACPPAT160,ACPS1
ACPPAT160,KAS14
ACPPAT160,AACPS9
EDTXS3,K2L4Aabcpp
EDTXS3,AACPS2
EDTXS3,EAR161x
EDTXS3,G3PAT141
EDTXS3,FA161ACPHi
EDTXS3,ACPPAT161
EDTXS3,EAR161y
EDTXS3,FA140ACPHi
EDTXS3,AGPAT161
EDTXS3,UAGAAT
EDTXS3,ACPS1
EDTXS3,KAS14
EDTXS3,AACPS9
ACCOAC,MALCOAMT
CHOLATEtpp,CHOLID
CINNDO,DHCIND
DGMPtex,EX_dgmp_e
PYAM5PO,PDX5POi
PYAM5PO,ALATA_L2
MNLptspp,M1PD
EAR60y,3HAD60
PACOAT,PACCOAL
TDPDRR,TDPDRE
MAN6Pt6_2pp,MANptspp
GMHEPK,GMHEPPA
APH161,ACPPAT161
LALALGLUtex,LALALGLUtpp
LALALGLUtex,EX_LalaLglu_e
G3PAT141,AACPS2
G3PAT141,FA161ACPHi
G3PAT141,ACPPAT161
G3PAT141,FA140ACPHi
G3PAT141,AGPAT161
G3PAT141,UAGAAT
G3PAT141,ACPS1
G3PAT141,KAS14
G3PAT141,AACPS9
DDGLCNt2rpp,MNNH
DDGLCNt2rpp,DDGLK
DDGLCNt2rpp,DDGLCNtex
EX_galctn__D_e,GALCTNtex
GALTptspp,GALTtex
3OAR160,3HAD160
PHEMEtiex,EX_pheme_e
OCTAtex,FACOAL80t2pp
3OAR80,3HAD80
FA140ACPHi,AACPS2
FA140ACPHi,FA161ACPHi
FA140ACPHi,ACPPAT161
FA140ACPHi,EAR140y
FA140ACPHi,AGPAT161
FA140ACPHi,UAGAAT
FA140ACPHi,ACPS1
FA140ACPHi,KAS14
FA140ACPHi,AACPS9
EX_gbbtn_e,GBBTNtex
EX_cbl1_e,CBL1tonex
3OAR180,3HAD180
RNDR1b,PAPSR2
RNDR1b,RNDR4b
RNDR1b,RNDR3b
DDGALK,GALCTND
DDGALK,DDPGALA
XMPtex,NTD10pp
XMPtex,EX_xmp_e
METSOX2tex,EX_metsox_R__L_e
DHCIND,DHCINDO
UDPGALPpp,UMPtex
UDPGALPpp,UACGAMPpp
UDPGALPpp,GAL1PPpp
UDPGALPpp,NTD2pp
XYLK2,X5PL3E
XYLK2,XYLUt2pp
XYLK2,KG6PDC
PPAtex,EX_ppa_e
CRNt8pp,CRNabcpp
CRNt8pp,CRNt2rpp
ALATA_L2,PDX5POi
ACMANAtex,EX_acmana_e
KG6PDC,3KGK
KG6PDC,X5PL3E
ACPPAT161,AACPS2
ACPPAT161,EAR161x
ACPPAT161,FA161ACPHi
ACPPAT161,EAR161y
ACPPAT161,AGPAT161
ACPPAT161,UAGAAT
ACPPAT161,ACPS1
ACPPAT161,KAS14
ACPPAT161,AACPS9
CHTBStex,EX_chtbs_e
MALDtex,MALDt2_2pp
FUCtex,FUCtpp
FUCtex,EX_fuc__L_e
ASO3tex,ASO3t8pp
ASO3tex,EX_aso3_e
H2SO,SO4t2pp
H2SO,SULabcpp
BUTSO3tex,BUTSO3abcpp
BUTSO3tex,EX_butso3_e
3SLAR,DHPStr
O16AP1pp,ECAP1pp
DURIt2pp,NTD1pp
INOSTt4pp,INOSTO
INOSTt4pp,PHYTSpp
KAS14,AACPS2
KAS14,FA161ACPHi
KAS14,AGPAT161
KAS14,UAGAAT
KAS14,ACPS1
KAS14,MACPD
KAS14,AACPS9
TREptspp,TREtex
FDMO3,PAPSR2
FDMO3,SULR
FDMO3,ETHSO3abcpp
EX_nac_e,NACtex
CBItonex,EX_cbi_e
EAR80x,3HAD80
EAR80x,EAR80y
EAR80x,AACPS9
XYLI1,XYLK
XYLI1,XYHDL
R5PPpp,RIBabcpp
R5PPpp,R5Ptex
AACPS2,FA161ACPHi
AACPS2,AGPAT161
AACPS2,UAGAAT
AACPS2,ACPS1
AACPS2,AACPS9
HEPT3,HEPK1
DMSOR1,DMSOR2
FRULYStex,EX_frulys_e
BALAtex,BALAt2pp
GLCRtex,EX_glcr_e
EX_fald_e,FALDtex
CPGNUtpp,CPGNR3
CPGNUtpp,CPGNR1
DHPTDNRN,DHPTDNR
SO2tex,EX_so2_e
SO2tex,SO2tpp
ACPS1,FA161ACPHi
ACPS1,PAPSR2
ACPS1,AGPAT161
ACPS1,UAGAAT
ACPS1,AACPS9
ARBTNabcpp,ARBTNR3
ARBTNabcpp,ARBTNtonex
TARTt2_3pp,SUCTARTtpp
CMPtex,NTD4pp
CMPtex,EX_cmp_e
ENLIPAabctex,EX_enlipa_e
EAR161y,AGPAT161
EAR161y,EAR161x
EAR161y,FA161ACPHi
23PDE4pp,3CMPtex
PAPSR2,SULR
PAPSR2,RNDR4b
PAPSR2,RNDR3b
GALBDtex,EX_gal_bD_e
GALBDtex,GALM2pp
EX_ttdca_e,TTDCAtexi
GMPtex,EX_gmp_e
SKMt2pp,SKMtex
MEOHtex,MEOHtrpp
METSOXR1,METOX1s
METSOXR1,TRDR
CD2abcpp,CD2tpp
CD2abcpp,CD2t3pp
TSULtex,EX_tsul_e
RNTR2c2,RNTR4c2
RNTR2c2,RNTR1c2
NACtex,NACtpp
UACMAMO,UAG2E
CBL1abcpp,CBL1tonex
UAGAAT,FA161ACPHi
UAGAAT,AGPAT161
UAGAAT,AACPS9
PHYTSpp,MINOHPtexi
FRUtex,EX_fru_e
DUMPtex,NTD1pp
CRNabcpp,CRNt2rpp
LPLIPAL2ATE141,LPLIPAL2ATG141
RNTR4c2,RNTR1c2
CURR,DHCURR
PNTOtex,PNTOt4pp
MMETtex,EX_mmet_e
MALDt2_2pp,MALDDH
GUI2,GALCTLO
EX_dca_e,DCAtex
FEOXAMR2,FEOXAMR1
FEOXAMR2,FEOXAMUtpp
FEOXAMR2,FEOXAMabcpp
GUR1PPpp,GLCURt2rpp
GTHOXtex,DSBCGT
GMHEPAT,GMHEPPA
MNt2pp,MN2t3pp
F1PP,FRUK
UACGAMPpp,UMPtex
UACGAMPpp,NTD2pp
CD2t3pp,CD2tpp
MALTHXtexi,MALTHXabcpp
MALTHXtexi,EX_malthx_e
CELBpts,EX_cellb_e
2DGULRy,DKGLCNR1
2DGULRy,2DGULRx
LALADGLUtex,EX_LalaDglu_e
ARBt3ipp,ARBabcpp
EX_cl_e,CLtex
LPLIPAL2ATE120,LPLIPAL2ATG120
DDGLCNtex,EX_2ddglcn_e
ACGAtex,ACGAptspp
HMBS,PPBNGS
CPGNR3,CPGNR1
FCLK,FCLPA
MALTHXabcpp,MLTG5
DKGLCNR1,2DGULRx
DKGLCNR1,DKGLCNR2x
TDPDRE,TDPAGTA
MALTtexi,MALTabcpp
MALTtexi,EX_malt_e
3CMPtex,EX_3cmp_e
UDPGDC,UDPGD
S2FE2SR,I2FE2SR
PYDAMtex,EX_pydam_e
3HAD180,EAR180x
DDGLK,MNNH
TYRPtex,EX_tyrp_e
3HAD80,EAR80y
SPODMpp,PEAMNOpp
FRUURt2rpp,GUI1
EAR161x,AGPAT161
EAR161x,FA161ACPHi
EX_skm_e,SKMtex
EX_g3ps_e,G3PStex
PSERtex,PSP_Lpp
TUNGStex,EX_tungs_e
RNDR4b,RNDR3b
AACPS9,FACOAE80
AACPS9,FA161ACPHi
AACPS9,AGPAT161
AACPS9,EAR80y
AACPS9,OCTNLL
MINOHPtexi,EX_minohp_e
UMPtex,NTD2pp
GALCTND,GALCTNt2pp
AGPAT161,FA161ACPHi
GALCTNt2pp,GALCTNtex
AMANAPEr,AMANK
G3PSabcpp,G3PStex
SO4t2pp,SULabcpp
FEOXAMR1,FEOXAMUtpp
FEOXAMR1,FEOXAMabcpp
APG3PAT120,APH120
FE3HOXexs,FE3HOXUtpp
FACOAE80,OCTNLL
PTHRpp,THRPtex
INOSTO,GUI1
INOSTO,GLCURt2rpp
EAR40y,EAR40x
NOtpp,NHFRBO
CUtex,CU1abcpp
EX_rmn_e,RMNtex
MOGDS,MOCDS
GUI1,GLCURt2rpp
OCDCEAtexi,EX_ocdcea_e
ME1,ME2
DHORD5,DHORD2
GLYCTO2,GLYCTO3
GLYCTO2,GLYCLTDx
GLYCTO2,GLYCLTDy
GLYCTO3,GLYCLTDx
GLYCTO3,GLYCLTDy
GLYCLTDx,GLYCLTDy
G3PD5,G3PD6
G3PD5,G3PD2
G3PD6,G3PD2
FRD2,SUCDi
RNDR1,RNDR1b
RNDR3,RNDR3b
NADH9,NADPHQR4
NADH9,NADH18pp
NADPHQR4,NADH18pp
MDH,MDH3
MDH,MDH2
MDH,MOX
MDH3,MDH2
MDH3,MOX
MDH2,MOX
SSALx,SSALy
ICHORS_copy2,ICHORS_copy1
LCARS,LCARSyi
2DGULRx,2DGULRy
IDOND,IDOND2
HPYRRy,HPYRRx
HPYRRx,TRSARr
HPYRRx,HPYRI
P5CR,PROD3
SPODM,QMO2
SPODM,QMO3
QMO2,QMO3
CAT,CYTBDpp
CAT,CYTBD2pp
CAT,THIORDXi
CAT,CYTBO3_4pp
CAT,NADHPO
CAT,GTHPi
CYTBDpp,CYTBD2pp
CYTBDpp,THIORDXi
CYTBDpp,CYTBO3_4pp
CYTBDpp,NADHPO
CYTBDpp,GTHPi
CYTBD2pp,THIORDXi
CYTBD2pp,CYTBO3_4pp
CYTBD2pp,NADHPO
CYTBD2pp,GTHPi
THIORDXi,CYTBO3_4pp
THIORDXi,NADHPO
THIORDXi,GTHPi
CYTBO3_4pp,NADHPO
CYTBO3_4pp,GTHPi
NADHPO,GTHPi
SUCCt2_2pp,SUCCt2_3pp
AHGDx,SHGO
THMDt2pp_copy1,THMDt2pp_copy2
Kt2pp,Kt3pp
NO3R2pp,NO3R1pp
URIt2pp_copy1,URIt2pp_copy2
ADNt2pp_copy1,ADNt2pp_copy2
ASPt2pp,ASPt2_2pp
ASPt2pp,ASPt2_3pp
ASPt2_2pp,ASPt2_3pp
HYD2pp,HYD1pp
GLCtex_copy1,GLCtex_copy2
FUMt2_2pp,FUMt2_3pp
CYSabcpp,CYSabc2pp
CYTDt2pp_copy1,CYTDt2pp_copy2
ASPO3,ASPO4
ASPO3,ASPO6
ASPO4,ASPO6
L_LACD3,L_LACD2
FE3HOXR2,FE3HOXR3
FEENTERR1,FEENTERR3
FEENTERR1,FEENTERR2
FEENTERR1,FEENTERR4
FEENTERR3,FEENTERR2
FEENTERR3,FEENTERR4
FEENTERR2,FEENTERR4
NTRIR4pp,NTRIR3pp
ARBTNR1,ARBTNR2
FEOXAMR1,FEOXAMR2
FEOXAMR1,FEOXAMR3
FEOXAMR2,FEOXAMR3
FE2t2pp,FE2t3pp
RNDR2b,RNDR2
MALt2_2pp,MALt2_3pp
MALt2_2pp,MALt3pp
MALt2_3pp,MALt3pp
CPGNR1,CPGNR2
CPGNR1,CPGNR3
NAt3_1p5pp,NAt3_2pp
NAt3_1p5pp,NAt3pp
NAt3_2pp,NAt3pp
INDOLEt2pp,INDOLEt2rpp
INSt2pp,INSt3pp
GLBRAN2,GLDBRAN2
LCTSt3ipp,LCTStpp
ATPM,NTP1
PDH,POR5
ALR2,ALR2x
LDH_D2,LDH_D
EAR141y,EAR141x
EAR161x,EAR161y
GTHRDabcpp,GTHRDabc2pp
GSNt2pp,GSNt3pp
PDX5POi,PDX5PO2
EAR181x,EAR181y
EAR180x,EAR180y
EAR80y,EAR80x
EAR121y,EAR121x
DSBAO1,DSBAO2
EAR60y,EAR60x
GLYBt2pp,GLYBt3pp
LYSt3pp,LYSt2pp
THRt2pp,THRt2rpp
FDH4pp,FDH5pp
THFAT,FOMETRi
2DGULRGx,2DGULRGy
ACOAD1fr,ACOAD1f
DHPTDNR,DHPTDNRN
5DGLCNR,5DKGR
LEUt2rpp,LEUt3pp
ILEt3pp,ILEt2rpp
QUINDHyi,QUINDH
VALt2rpp,VALt3pp
ALATA_L,VALTA
ALATA_L,VPAMTr
VALTA,VPAMTr
PPM,PRPPS
PPM,R1PK
PRPPS,R1PK
PRPPS,R15BPK
R1PK,R15BPK
NDPK1,ADK3
PPCSCT,SUCOAS
TRSARr,HPYRI
PTA2,PPAKr
SUCFUMtpp,FUMt1pp
ACt4pp,ACt2rpp
ABUTt2pp,GLUABUTt7pp
CRNt8pp,CRNDt2rpp
CRNt2rpp,CRNDt2rpp
PROt2rpp,PROt4pp
GLYCLTt4pp,GLYCLTt2rpp
SUCASPtpp,ASPtpp
