ko:K03020	sce:YNL113W
ko:K00994	sce:YNL130C
ko:K03024	sce:YNL151C
ko:K02929	sce:YNL162W
ko:K01613	sce:YNL169C
ko:K03348	sce:YNL172W
ko:K02985	sce:YNL178W
ko:K00698	sce:YNL192W
ko:K01939	sce:YNL220W
ko:K00036	sce:YNL241C
ko:K01883	sce:YNL247W
ko:K03005	sce:YNL248C
ko:K02607	sce:YNL261W
ko:K02883	sce:YNL301C
ko:K02966	sce:YNL302C
ko:K14013	sce:YML013W
ko:K14018	sce:YKL213C
ko:K09281	sce:YGL166W
ko:K07734	sce:YKL070W
ko:K01866	sce:YPL097W
ko:K01876	sce:YPL104W
ko:K01823	sce:YPL117C
ko:K03144	sce:YPL122C
ko:K03140	sce:YPL129W
ko:K02932	sce:YPL131W
ko:K02258	sce:YPL132W
ko:K02917	sce:YPL143W
ko:K01381	sce:YPL154C
ko:K01869	sce:YPL160W
ko:K02257	sce:YPL172C
ko:K02937	sce:YPL198W
ko:K03108	sce:YPL210C
ko:K02865	sce:YPL220W
ko:K01098	sce:YPL228W
ko:K03238	sce:YPL237W
ko:K03107	sce:YPL243W
ko:K02920	sce:YPL249C-A
ko:K01679	sce:YPL262W
ko:K01637	sce:YPR006C
ko:K03002	sce:YPR010C
ko:K03264	sce:YPR016C
ko:K01194	sce:YPR026W
ko:K01892	sce:YPR033C
ko:K01915	sce:YPR035W
ko:K03262	sce:YPR041W
ko:K02921	sce:YPR043W
ko:K01889	sce:YPR047W
ko:K03143	sce:YPR056W
ko:K01850	sce:YPR060C
ko:K00797	sce:YPR069C
ko:K03231	sce:YPR080W
ko:K01880	sce:YPR081C
ko:K03124	sce:YPR086W
ko:K03106	sce:YPR088C
ko:K02868	sce:YPR102C
ko:K02737	sce:YPR103W
ko:K03037	sce:YPR108W
ko:K03027	sce:YPR110C
ko:K01422	sce:YPR122W
ko:K02973	sce:YPR132W
ko:K01953	sce:YPR145W
ko:K00688	sce:YPR160W
ko:K02606	sce:YPR162C
ko:K03258	sce:YPR163C
ko:K00721	sce:YPR183W
ko:K03014	sce:YPR187W
ko:K03023	sce:YPR190C
ko:K01950	sce:YHR074W
ko:K02433	sce:YMR293C
ko:K01535	sce:YGL008C
ko:K00223	sce:YGL012W
ko:K01267	sce:YHR113W
ko:K01530	sce:YDR093W
ko:K01536	sce:YDR039C
ko:K01057	sce:YNR034W
ko:K01934	sce:YER183C
ko:K00222	sce:YNL280C
ko:K00077	sce:YHR063C
ko:K00849	sce:YDR009W
ko:K03025	sce:YNR003C
ko:K00876	sce:YNR012W
ko:K00637	sce:YNR019W
ko:K01802	sce:YNR028W
ko:K01597	sce:YNR043W
ko:K01935	sce:YNR057C
ko:K00833	sce:YNR058W
ko:K03008	sce:YOL005C
ko:K03163	sce:YOL006C
ko:K02519	sce:YOL023W
ko:K01885	sce:YOL033W
ko:K02731	sce:YOL038W
ko:K02943	sce:YOL039W
ko:K02958	sce:YOL040C
ko:K00764	sce:YMR300C
ko:K01611	sce:YOL052C
ko:K01277	sce:YOL057W
ko:K01940	sce:YOL058W
ko:K00006	sce:YOL059W
ko:K00948	sce:YOL061W
ko:K00591	sce:YOL096C
ko:K02883	sce:YOL120C
ko:K00706	sce:YMR306W
ko:K02725	sce:YMR314W
ko:K02966	sce:YOL121C
ko:K02893	sce:YOL127W
ko:K00900	sce:YOL136C
ko:K03259	sce:YOL139C
ko:K00818	sce:YOL140W
ko:K01689	sce:YMR323W
ko:K02937	sce:YNL002C
ko:K01069	sce:YOR040W
ko:K00031	sce:YNL009W
ko:K02925	sce:YOR063W
ko:K01807	sce:YOR095C
ko:K03235	sce:YNL014W
ko:K02993	sce:YOR096W
ko:K03018	sce:YOR116C
ko:K03065	sce:YOR117W
ko:K03234	sce:YOR133W
ko:K00030	sce:YOR136W
ko:K00949	sce:YOR143C
ko:K03010	sce:YOR151C
ko:K02739	sce:YOR157C
ko:K02979	sce:YOR167C
ko:K01886	sce:YOR168W
ko:K01772	sce:YOR176W
ko:K02983	sce:YOR182C
ko:K02358	sce:YOR187W
ko:K01210	sce:YOR190W
ko:K03122	sce:YOR194C
ko:K01693	sce:YOR202W
ko:K03021	sce:YOR207C
ko:K00763	sce:YOR209C
ko:K03007	sce:YOR210W
ko:K03016	sce:YOR224C
ko:K00030	sce:YNL037C
ko:K02917	sce:YOR234C
ko:K01930	sce:YOR241W
ko:K03352	sce:YOR249C
ko:K03539	sce:YHR062C
ko:K03537	sce:YAL033W
ko:K03540	sce:YIR015W
ko:K03235	sce:YPL226W
ko:K03434	sce:YMR281W
ko:K03469	sce:YMR234W
ko:K02320	sce:YNL102W
ko:K02321	sce:YBL035C
ko:K02327	sce:YDL102W
ko:K02328	sce:YJR006W
ko:K02324	sce:YNL262W
ko:K02325	sce:YPR175W
ko:K02332	sce:YOR330C
ko:K02350	sce:YPL167C
ko:K03504	sce:YJR043C
ko:K03509	sce:YDR419W
ko:K03514	sce:YOL115W
ko:K02331	sce:YEL055C
ko:K03515	sce:YOR346W
ko:K03508	sce:YIL139C
ko:K03507	sce:YJL090C
ko:K03521	sce:YGR207C
ko:K03522	sce:YPR004C
ko:K03424	sce:YBL055C
ko:K07739	sce:YPL086C
ko:K03687	sce:YOR232W
ko:K03650	sce:YMR023C
ko:K03627	sce:YOR298C-A
ko:K03626	sce:YHR193C
ko:K03648	sce:YML021C
ko:K03661	sce:YHR026W
ko:K02155	sce:YEL027W
ko:K02155	sce:YPL234C
ko:K03679	sce:YHR069C
ko:K03685	sce:YMR239C
ko:K03681	sce:YOL142W
ko:K03678	sce:YDR280W
ko:K03680	sce:YGR083C
ko:K03754	sce:YLR291C
ko:K05917	sce:YHR007C
ko:K01749	sce:YDL205C
ko:K03781	sce:YDR256C
ko:K03783	sce:YLR209C
ko:K03842	sce:YBR110W
ko:K03843	sce:YGL065C
ko:K03844	sce:YNL048W
ko:K03845	sce:YBL082C
ko:K03846	sce:YNL219C
ko:K03847	sce:YNR030W
ko:K03848	sce:YOR002W
ko:K03849	sce:YOR067C
ko:K03850	sce:YGR227W
ko:K03854	sce:YBR199W
ko:K03854	sce:YIL085C
ko:K03854	sce:YJL139C
ko:K03854	sce:YKR061W
ko:K03854	sce:YNL029C
ko:K03869	sce:YGR003W
ko:K03857	sce:YPL175W
ko:K03859	sce:YPL076W
ko:K03861	sce:YDR437W
ko:K03858	sce:YNL038W
ko:K03860	sce:YGR216C
ko:K00237	sce:YLR164W
ko:K00236	sce:YMR118C
ko:K00236	sce:YKL141W
ko:K00237	sce:YDR178W
ko:K00234	sce:YJL045W
ko:K00234	sce:YKL148C
ko:K00235	sce:YLL041C
ko:K00411	sce:YEL024W
ko:K00412	sce:Q0105
ko:K00413	sce:YOR065W
ko:K00414	sce:YBL045C
ko:K00415	sce:YPR191W
ko:K00416	sce:YFR033C
ko:K00417	sce:YDR529C
ko:K00418	sce:YJL166W
ko:K00419	sce:YGR183C
ko:K00420	sce:YHR001W-A
ko:K00854	sce:YGR194C
ko:K01634	sce:YDR294C
ko:K02183	sce:YBR109C
ko:K03104	sce:YDL092W
ko:K00809	sce:YHR068W
ko:K01535	sce:YPL036W
ko:K02896	sce:YLR009W
ko:K02135	sce:YPL271W
ko:K02134	sce:YDL004W
ko:K02133	sce:YJR121W
ko:K00311	sce:YOR356W
ko:K01120	sce:YOR360C
ko:K02136	sce:YBR039W
ko:K02132	sce:YBL099W
ko:K02137	sce:YDR298C
ko:K02128	sce:Q0130
ko:K02126	sce:Q0085
ko:K02127	sce:YPL078C
ko:K02125	sce:Q0080
ko:K03253	sce:YOR361C
ko:K02138	sce:YKL016C
ko:K02727	sce:YOR362C
ko:K02830	sce:YOR368W
ko:K02139	sce:YDR377W
ko:K02141	sce:YLR295C
ko:K02142	sce:YML081C-A
ko:K02143	sce:YOL077W-A
ko:K02140	sce:YPR020W
ko:K02146	sce:YLR447C
ko:K02151	sce:YGR020C
ko:K02148	sce:YKL080W
ko:K02145	sce:YDL185W
ko:K02147	sce:YBR127C
ko:K02150	sce:YOR332W
ko:K02154	sce:YMR054W
ko:K02951	sce:YOR369C
ko:K02154	sce:YOR270C
ko:K02149	sce:YEL051W
ko:K02152	sce:YHR039C-A
ko:K01254	sce:YNL045W
ko:K02263	sce:YNL052W
ko:K03256	sce:YNL062C
ko:K03064	sce:YOR259C
ko:K03241	sce:YOR260W
ko:K03038	sce:YOR261C
ko:K00791	sce:YOR274W
ko:K02940	sce:YNL067W
ko:K03261	sce:YOR276W
ko:K01719	sce:YOR278W
ko:K02947	sce:YOR293W
ko:K02872	sce:YNL069C
ko:K01956	sce:YOR303W
ko:K02882	sce:YOR312C
ko:K01897	sce:YOR317W
ko:K00728	sce:YOR321W
ko:K00147	sce:YOR323C
ko:K01872	sce:YOR335C
ko:K03004	sce:YOR340C
ko:K02999	sce:YOR341W
ko:K00627	sce:YNL071W
ko:K03164	sce:YNL088W
ko:K02993	sce:YNL096C
ko:K02144	sce:YPR036W
ko:K00679	sce:YNR008W
ko:K00383	sce:YPL091W
ko:K00384	sce:YDR353W
ko:K00384	sce:YHR106W
ko:K00390	sce:YPR167C
ko:K00128	sce:YOR374W
ko:K01733	sce:YCR053W
ko:K00262	sce:YOR375C
ko:K01754	sce:YER086W
ko:K01736	sce:YGL148W
ko:K00664	sce:YOR377W
ko:K01669	sce:YOR386W
ko:K00507	sce:YGL055W
ko:K01372	sce:YNL239W
ko:K03538	sce:YBR257W
ko:K01720	sce:YPR002W
ko:K01057	sce:YCR073W-A
ko:K03305	sce:YKR093W
ko:K01068	sce:YJR019C
ko:K03325	sce:YPR201W
ko:K03350	sce:YBL084C
ko:K03353	sce:YKL022C
ko:K03355	sce:YHR166C
ko:K03357	sce:YGL240W
ko:K03359	sce:YFR036W
ko:K03364	sce:YGL003C
ko:K03217	sce:YER154W
ko:K01626	sce:YBR249C
ko:K01626	sce:YDR035W
ko:K01649	sce:YNL104C
ko:K01652	sce:YMR108W
ko:K01653	sce:YCL009C
ko:K01638	sce:YIR031C
ko:K01638	sce:YNL117W
ko:K01655	sce:YDL131W
ko:K01655	sce:YDL182W
ko:K01641	sce:YML126C
ko:K01647	sce:YCR005C
ko:K01647	sce:YNR001C
ko:K01647	sce:YPR001W
ko:K01738	sce:YGR012W
ko:K01739	sce:YJR130C
ko:K01870	sce:YPL040C
ko:K03233	sce:YPL048W
ko:K00128	sce:YPL061W
ko:K02889	sce:YPL079W
ko:K02997	sce:YPL081W
ko:K02991	sce:YPL090C
ko:K01739	sce:YML082W
ko:K06268	sce:YKL190W
ko:K04348	sce:YLR433C
ko:K04348	sce:YML057W
ko:K14533	sce:YML091C
ko:K00838	sce:YGL202W
ko:K05821	sce:YHR137W
ko:K06173	sce:YPL212C
ko:K08178	sce:YKL217W
ko:K06902	sce:YCL038C
ko:K07374	sce:YML085C
ko:K07375	sce:YFL037W
ko:K06067	sce:YNL330C
ko:K10703	sce:YJL097W
ko:K02256	sce:Q0045
ko:K08900	sce:YDR375C
ko:K07952	sce:YPL051W
ko:K07942	sce:YBR164C
ko:K07936	sce:YLR293C
ko:K07936	sce:YOR185C
ko:K03283	sce:YLL024C
ko:K03283	sce:YAL005C
ko:K04487	sce:YCL017C
ko:K00671	sce:YLR195C
ko:K03165	sce:YLR234W
ko:K00914	sce:YLR240W
ko:K01265	sce:YLR244C
ko:K01489	sce:YLR245C
ko:K03235	sce:YLR249W
ko:K00693	sce:YLR258W
ko:K02979	sce:YLR264W
ko:K01183	sce:YLR286C
ko:K02983	sce:YLR287C-A
ko:K00681	sce:YLR299W
ko:K01210	sce:YLR300W
ko:K01681	sce:YLR304C
ko:K00888	sce:YLR305C
ko:K01452	sce:YLR307W
ko:K01452	sce:YLR308W
ko:K02923	sce:YLR325C
ko:K02975	sce:YLR333C
ko:K02941	sce:YLR340W
ko:K00706	sce:YLR342W
ko:K02898	sce:YLR344W
ko:K00616	sce:YLR354C
ko:K00053	sce:YLR355C
ko:K01756	sce:YLR359W
ko:K02957	sce:YLR367W
ko:K01869	sce:YLR382C
ko:K02980	sce:YLR388W
ko:K02272	sce:YLR395C
ko:K02910	sce:YLR406C
ko:K00088	sce:YLR432W
ko:K02984	sce:YLR441C
ko:K02934	sce:YLR448W
ko:K00021	sce:YLR450W
ko:K01759	sce:YML004C
ko:K00559	sce:YML008C
ko:K03135	sce:YML015C
ko:K02962	sce:YML024W
ko:K02964	sce:YML026C
ko:K01490	sce:YML035C
ko:K00624	sce:YML042W
ko:K00101	sce:YML054C
ko:K00088	sce:YML056C
ko:K02984	sce:YML063W
ko:K02603	sce:YML065W
ko:K00863	sce:YML070W
ko:K02934	sce:YML073C
ko:K00021	sce:YML075C
ko:K02726	sce:YML092C
ko:K03127	sce:YML098W
ko:K03105	sce:YML105C
ko:K00762	sce:YML106W
ko:K03255	sce:YMR012W
ko:K02179	sce:YMR055C
ko:K01835	sce:YMR105C
ko:K02877	sce:YMR121C
ko:K02873	sce:YMR142C
ko:K02960	sce:YMR143W
ko:K03246	sce:YMR146C
ko:K01098	sce:YMR180C
ko:K02920	sce:YMR194W
ko:K00850	sce:YMR205C
ko:K00869	sce:YMR208W
ko:K01951	sce:YMR217W
ko:K03132	sce:YMR227C
ko:K02947	sce:YMR230W
ko:K03133	sce:YMR236W
ko:K02882	sce:YMR242C
ko:K01897	sce:YMR246W
ko:K02269	sce:YMR256C
ko:K03236	sce:YMR260C
ko:K01507	sce:YMR267W
ko:K00762	sce:YMR271C
ko:K03841	sce:YLR377C
ko:K08176	sce:YML123C
ko:K02981	sce:YGL123W
ko:K00987	sce:YGL130W
ko:K02865	sce:YGL135W
ko:K02835	sce:YGL143C
ko:K02940	sce:YGL147C
ko:K01191	sce:YGL156W
ko:K01537	sce:YGL167C
ko:K02265	sce:YGL187C
ko:K02976	sce:YGL189C
ko:K02266	sce:YGL191W
ko:K02542	sce:YGL201C
ko:K01288	sce:YGL203C
ko:K00232	sce:YGL205W
ko:K01885	sce:YGL245W
ko:K01120	sce:YGL248W
ko:K00844	sce:YGL253W
ko:K03139	sce:YGR005C
ko:K00967	sce:YGR007W
ko:K02975	sce:YGR027C
ko:K00706	sce:YGR032W
ko:K02898	sce:YGR034W
ko:K00616	sce:YGR043C
ko:K01952	sce:YGR061C
ko:K02868	sce:YGR085C
ko:K01873	sce:YGR094W
ko:K02220	sce:YGR108W
ko:K02973	sce:YGR118W
ko:K01953	sce:YGR124W
ko:K02728	sce:YGR135W
ko:K03146	sce:YGR144W
ko:K02896	sce:YGR148C
ko:K01697	sce:YGR155W
ko:K03260	sce:YGR162W
ko:K01613	sce:YGR170W
ko:K00511	sce:YGR175C
ko:K00664	sce:YGR177C
ko:K01866	sce:YGR185C
ko:K03138	sce:YGR186W
ko:K00134	sce:YGR192C
ko:K00968	sce:YGR202C
ko:K01079	sce:YGR208W
ko:K02998	sce:YGR214W
ko:K00850	sce:YGR240C
ko:K01057	sce:YGR248W
ko:K02729	sce:YGR253C
ko:K01689	sce:YGR254W
ko:K00033	sce:YGR256W
ko:K01495	sce:YGR267C
ko:K01210	sce:YGR282C
ko:K02875	sce:YHL001W
ko:K00948	sce:YHL011C
ko:K00963	sce:YHL012W
ko:K02969	sce:YHL015W
ko:K00864	sce:YHL032C
ko:K02936	sce:YHL033C
ko:K02901	sce:YHR010W
ko:K01875	sce:YHR011W
ko:K01755	sce:YHR018C
ko:K01893	sce:YHR019C
ko:K03248	sce:YDR429C
ko:K02962	sce:YDR447C
ko:K02964	sce:YDR450W
ko:K02901	sce:YDR471W
ko:K02858	sce:YDR487C
ko:K02922	sce:YDR500C
ko:K00988	sce:YDR530C
ko:K00700	sce:YEL011W
ko:K01591	sce:YEL021W
ko:K02541	sce:YEL032W
ko:K03263	sce:YEL034W
ko:K01526	sce:YEL042W
ko:K01620	sce:YEL046C
ko:K02870	sce:YEL054C
ko:K01836	sce:YEL058W
ko:K01336	sce:YEL060C
ko:K01809	sce:YER003C
ko:K02734	sce:YER012W
ko:K00231	sce:YER014W
ko:K01897	sce:YER015W
ko:K03033	sce:YER021W
ko:K00286	sce:YER023W
ko:K03242	sce:YER025W
ko:K01251	sce:YER043C
ko:K00928	sce:YER052C
ko:K02915	sce:YER056C-A
ko:K01637	sce:YER065C
ko:K00128	sce:YER073W
ko:K02974	sce:YER074W
ko:K00058	sce:YER081W
ko:K01881	sce:YER087W
ko:K01657	sce:YER090W
ko:K00549	sce:YER091C
ko:K02735	sce:YER094C
ko:K00948	sce:YER099C
ko:K02995	sce:YER102W
ko:K02894	sce:YER117W
ko:K02976	sce:YER131W
ko:K02259	sce:YER141W
ko:K03120	sce:YER148W
ko:K01530	sce:YER166W
ko:K00161	sce:YER178W
ko:K03361	sce:YFL009W
ko:K00621	sce:YFL017C
ko:K00382	sce:YFL018C
ko:K01889	sce:YFL022C
ko:K02891	sce:YFL034C-A
ko:K00863	sce:YFL053W
ko:K03030	sce:YFR004W
ko:K00380	sce:YFR030W
ko:K02938	sce:YFR031C-A
ko:K02905	sce:YFR032C-A
ko:K00767	sce:YFR047C
ko:K02736	sce:YFR050C
ko:K03031	sce:YFR052W
ko:K00844	sce:YFR053C
ko:K01760	sce:YFR055W
ko:K01537	sce:YGL006W
ko:K02730	sce:YGL011C
ko:K00685	sce:YGL017W
ko:K01228	sce:YGL027C
ko:K02908	sce:YGL030W
ko:K02896	sce:YGL031C
ko:K01698	sce:YGL040C
ko:K03145	sce:YGL043W
ko:K03066	sce:YGL048C
ko:K03260	sce:YGL049C
ko:K03017	sce:YGL070C
ko:K02937	sce:YGL076C
ko:K02900	sce:YGL103W
ko:K03131	sce:YGL112C
ko:K03363	sce:YGL116W
ko:K04345	sce:YJL164C
ko:K04345	sce:YPL203W
ko:K04486	sce:YFR025C
ko:K01056	sce:YHR189W
ko:K01881	sce:YHR020W
ko:K02978	sce:YHR021C
ko:K01412	sce:YHR024C
ko:K03028	sce:YHR027C
ko:K01282	sce:YHR028C
ko:K00294	sce:YHR037W
ko:K02838	sce:YHR038W
ko:K00327	sce:YHR042W
ko:K01111	sce:YHR043C
ko:K01111	sce:YHR044C
ko:K02264	sce:YHR051W
ko:K01852	sce:YHR072W
ko:K01887	sce:YHR091C
ko:K02608	sce:YHR118C
ko:K00761	sce:YHR128W
ko:K02929	sce:YHR141C
ko:K03009	sce:YHR143W-A
ko:K01493	sce:YHR144C
ko:K01057	sce:YHR163W
ko:K01689	sce:YHR174W
ko:K00033	sce:YHR183W
ko:K00801	sce:YHR190W
ko:K03029	sce:YHR200W
ko:K01514	sce:YHR201C
ko:K02987	sce:YHR203C
ko:K00826	sce:YHR208W
ko:K00088	sce:YHR216W
ko:K01897	sce:YIL009W
ko:K02938	sce:YIL018W
ko:K03011	sce:YIL021W
ko:K00326	sce:YIL043C
ko:K01530	sce:YIL048W
ko:K02915	sce:YIL052C
ko:K02974	sce:YIL069C
ko:K00058	sce:YIL074C
ko:K03032	sce:YIL075C
ko:K01868	sce:YIL078W
ko:K01178	sce:YIL099W
ko:K02263	sce:YIL111W
ko:K00817	sce:YIL116W
ko:K02872	sce:YIL133C
ko:K02927	sce:YIL148W
ko:K00111	sce:YIL155C
ko:K02684	sce:YIR008C
ko:K01466	sce:YIR027C
ko:K00290	sce:YIR034C
ko:K01768	sce:YJL005W
ko:K02537	sce:YJL030W
ko:K00134	sce:YJL052W
ko:K00611	sce:YJL088W
ko:K02355	sce:YJL102W
ko:K01783	sce:YJL121C
ko:K02971	sce:YJL136C
ko:K03257	sce:YJL138C
ko:K03012	sce:YJL140W
ko:K03003	sce:YJL148W
ko:K01858	sce:YJL153C
ko:K01293	sce:YJL172W
ko:K02880	sce:YJL177W
ko:K02924	sce:YJL189W
ko:K02957	sce:YJL190C
ko:K02955	sce:YJL191W
ko:K02213	sce:YJL194W
ko:K03237	sce:YJR007W
ko:K04794	sce:YBL057C
ko:K02894	sce:YBL087C
ko:K01265	sce:YBL091C
ko:K02912	sce:YBL092W
ko:K01194	sce:YBR001C
ko:K00135	sce:YBR006W
ko:K01507	sce:YBR011C
ko:K00698	sce:YBR023C
ko:K00981	sce:YBR029C
ko:K02930	sce:YBR031W
ko:K00275	sce:YBR035C
ko:K00698	sce:YBR038W
ko:K02949	sce:YBR048W
ko:K02604	sce:YBR060C
ko:K03254	sce:YBR079C
ko:K02885	sce:YBR084C-A
ko:K01078	sce:YBR092C
ko:K01515	sce:YBR111C
ko:K00143	sce:YBR115C
ko:K03231	sce:YBR118W
ko:K01880	sce:YBR121C
ko:K00697	sce:YBR126C
ko:K02516	sce:YBR133C
ko:K02219	sce:YBR135W
ko:K02543	sce:YBR136W
ko:K03265	sce:YBR143C
ko:K03013	sce:YBR154C
ko:K00606	sce:YBR176W
ko:K02991	sce:YBR181C
ko:K02997	sce:YBR189W
ko:K02889	sce:YBR191W
ko:K01810	sce:YBR196C
ko:K03130	sce:YBR198C
ko:K00162	sce:YBR221C
ko:K01001	sce:YBR243C
ko:K02988	sce:YBR251W
ko:K01520	sce:YBR252W
ko:K00793	sce:YBR256C
ko:K00600	sce:YBR263W
ko:K00052	sce:YCL018W
ko:K01405	sce:YCL057W
ko:K01893	sce:YCR024C
ko:K02955	sce:YCR031C
ko:K03128	sce:YCR042C
ko:K00637	sce:YCR048W
ko:K01802	sce:YCR069W
ko:K03062	sce:YDL007W
ko:K03358	sce:YDL008W
ko:K03034	sce:YDL020C
ko:K01834	sce:YDL021W
ko:K00006	sce:YDL022W
ko:K01078	sce:YDL024C
ko:K00953	sce:YDL045C
ko:K00966	sce:YDL055C
ko:K02980	sce:YDL061C
ko:K00031	sce:YDL066W
ko:K02269	sce:YDL067C
ko:K02910	sce:YDL075W
ko:K01568	sce:YDL080C
ko:K02942	sce:YDL081C
ko:K02873	sce:YDL082W
ko:K02960	sce:YDL083C
ko:K01061	sce:YDL086W
ko:K00728	sce:YDL095W
ko:K03036	sce:YDL097C
ko:K00972	sce:YDL103C
ko:K02942	sce:YDL130W
ko:K02928	sce:YDL133C-A
ko:K02918	sce:YDL136W
ko:K03006	sce:YDL140C
ko:K03035	sce:YDL147W
ko:K03026	sce:YDL150W
ko:K00102	sce:YDL174C
ko:K02928	sce:YDL184C
ko:K02918	sce:YDL191W
ko:K00567	sce:YDL200C
ko:K00730	sce:YDL232W
ko:K01487	sce:YDL238C
ko:K01194	sce:YDR001C
ko:K01817	sce:YDR007W
ko:K02930	sce:YDR012W
ko:K00605	sce:YDR019C
ko:K01875	sce:YDR023W
ko:K02949	sce:YDR025W
ko:K03019	sce:YDR045C
ko:K01599	sce:YDR047W
ko:K02309	sce:YDR052C
ko:K01046	sce:YDR058C
ko:K00654	sce:YDR062W
ko:K02953	sce:YDR064W
ko:K00814	sce:YDR111C
ko:K02627	sce:YDR113C
ko:K00555	sce:YDR120C
ko:K03126	sce:YDR145W
ko:K00894	sce:YDR147W
ko:K00658	sce:YDR148C
ko:K01802	sce:YDR155C
ko:K03001	sce:YDR156W
ko:K00133	sce:YDR158W
ko:K03134	sce:YDR167W
ko:K03240	sce:YDR211W
ko:K00939	sce:YDR226W
ko:K00643	sce:YDR232W
ko:K01705	sce:YDR234W
ko:K00861	sce:YDR236C
ko:K01426	sce:YDR242W
ko:K00851	sce:YDR248C
ko:K01210	sce:YDR261C
ko:K01867	sce:YDR268W
ko:K01069	sce:YDR272W
ko:K00728	sce:YDR307W
ko:K03141	sce:YDR311W
ko:K01424	sce:YDR321W
ko:K03094	sce:YDR328C
ko:K01887	sce:YDR341C
ko:K02943	sce:YDR382W
ko:K03234	sce:YDR385W
ko:K03063	sce:YDR394W
ko:K03015	sce:YDR404C
ko:K00587	sce:YDR410C
ko:K02870	sce:YDR418W
ko:K03039	sce:YDR427W
ko:K04393	sce:YLR229C
ko:K03457	sce:YIR028W
ko:K02261	sce:Q0250
ko:K02262	sce:Q0275
ko:K03232	sce:YAL003W
ko:K00728	sce:YAL023C
ko:K03243	sce:YAL035W
ko:K00873	sce:YAL038W
ko:K01764	sce:YAL039C
ko:K02437	sce:YAL044C
ko:K01895	sce:YAL054C
ko:K00262	sce:YAL062W
ko:K01923	sce:YAR015W
ko:K00624	sce:YAR035W
ko:K00604	sce:YBL013W
ko:K01067	sce:YBL015W
ko:K02540	sce:YBL023C
ko:K02885	sce:YBL027W
ko:K01937	sce:YBL039C
ko:K02732	sce:YBL041W
ko:K00948	sce:YBL068W
ko:K02995	sce:YBL072C
ko:K01870	sce:YBL076C
ko:K02434	sce:YBL080C
ko:K05954	sce:YDL090C
ko:K08197	sce:YOL158C
ko:K00134	sce:YJR009C
ko:K00958	sce:YJR010W
ko:K01687	sce:YJR016C
ko:K00452	sce:YJR025C
ko:K03263	sce:YJR047C
ko:K00943	sce:YJR057W
ko:K03000	sce:YJR063W
ko:K03360	sce:YJR090C
ko:K02921	sce:YJR094W-A
ko:K01937	sce:YJR103W
ko:K00856	sce:YJR105W
ko:K01955	sce:YJR109C
ko:K02989	sce:YJR123W
ko:K00003	sce:YJR139C
ko:K00728	sce:YJR143C
ko:K02987	sce:YJR145C
ko:K00826	sce:YJR148W
ko:K01184	sce:YJR153W
ko:K00008	sce:YJR159W
ko:K00860	sce:YKL001C
ko:K02875	sce:YKL006W
ko:K03136	sce:YKL028W
ko:K00027	sce:YKL029C
ko:K00963	sce:YKL035W
ko:K02685	sce:YKL045W
ko:K03123	sce:YKL058W
ko:K01624	sce:YKL060C
ko:K00940	sce:YKL067W
ko:K03233	sce:YKL081W
ko:K01268	sce:YKL103C
ko:K00820	sce:YKL104C
ko:K01835	sce:YKL127W
ko:K01410	sce:YKL134C
ko:K03022	sce:YKL144C
ko:K03061	sce:YKL145W
ko:K00326	sce:YKL150W
ko:K01834	sce:YKL152C
ko:K02978	sce:YKL156W
ko:K02880	sce:YKL180W
ko:K00948	sce:YKL181W
ko:K01581	sce:YKL184W
ko:K01868	sce:YKL194C
ko:K00226	sce:YKL216W
ko:K03239	sce:YKR026C
ko:K01115	sce:YKR031C
ko:K02971	sce:YKR057W
ko:K03257	sce:YKR059W
ko:K03137	sce:YKR062W
ko:K00428	sce:YKR066C
ko:K02927	sce:YKR094C
ko:K02605	sce:YLL004W
ko:K02260	sce:YLL009C
ko:K02936	sce:YLL045C
ko:K03142	sce:YLR005W
ko:K02877	sce:YLR029C
ko:K02267	sce:YLR038C
ko:K02998	sce:YLR048W
ko:K00600	sce:YLR058C
ko:K01890	sce:YLR060W
ko:K02891	sce:YLR061W
ko:K02355	sce:YLR069C
ko:K02866	sce:YLR075W
ko:K03085	sce:YLR079W
ko:K00814	sce:YLR089C
ko:K04409	sce:YHL007C
ko:K03356	sce:YLR102C
ko:K03349	sce:YLR127C
ko:K00802	sce:YLR146C
ko:K01895	sce:YLR153C
ko:K01424	sce:YLR155C
ko:K01424	sce:YLR157C
ko:K01424	sce:YLR158C
ko:K01424	sce:YLR160C
ko:K02977	sce:YLR167W
ko:K00031	sce:YLR174W
ko:K02922	sce:YLR185W
ko:K04482	sce:YER095W
ko:K10755	sce:YJR068W
ko:K04797	sce:YML094W
ko:K04802	sce:YBR088C
ko:K04799	sce:YKL113C
ko:K04499	sce:YDR190C
ko:K04565	sce:YJR104C
ko:K04460	sce:YGR123C
ko:K14004	sce:YLR208W
ko:K00868	sce:YNR027W
ko:K04646	sce:YGL206C
ko:K05236	sce:YDL145C
ko:K04567	sce:YDR037W
ko:K04649	sce:YDR177W
ko:K04441	sce:YLR113W
ko:K05956	sce:YPR176C
ko:K04464	sce:YHR030C
ko:K08158	sce:YBR008C
ko:K03178	sce:YKL210W
ko:K04555	sce:YMR022W
ko:K05749	sce:YDR532C
ko:K04382	sce:YDL134C
ko:K10756	sce:YNL290W
ko:K01835	sce:YMR278W
ko:K07562	sce:YHR170W
ko:K05283	sce:YJL091C
ko:K05284	sce:YJR013W
ko:K07541	sce:YCL052C
ko:K07542	sce:YBR004C
ko:K05285	sce:YKL165C
ko:K04718	sce:YOR171C
ko:K04718	sce:YLR260W
ko:K04709	sce:YHL003C
ko:K04713	sce:YDR297W
ko:K05848	sce:YBR183W
ko:K04711	sce:YPL087W
ko:K03495	sce:YGL236C
ko:K02216	sce:YBR274W
ko:K02214	sce:YDL017W
ko:K02178	sce:YGR188C
ko:K03114	sce:YJL187C
ko:K02515	sce:YKL101W
ko:K02831	sce:YPL153C
ko:K02202	sce:YDL108W
ko:K01164	sce:YNL221C
ko:K03868	sce:YOL133W
ko:K05916	sce:YGR234W
ko:K03506	sce:YBR278W
ko:K02326	sce:YDR121W
ko:K00008	sce:YDL246C
ko:K04077	sce:YLR259C
ko:K05389	sce:YJL093C
ko:K00965	sce:YBR018C
ko:K01082	sce:YOL064C
ko:K00921	sce:YFR019W
ko:K14015	sce:YBR170C
ko:K08712	sce:YDR011W
ko:K02555	sce:YMR036C
ko:K00122	sce:YOR388C
ko:K06009	sce:YLR120C
ko:K04708	sce:YBR265W
ko:K04382	sce:YDL188C
ko:K14002	sce:YMR214W
ko:K05535	sce:YBR015C
ko:K05536	sce:YJL186W
ko:K03252	sce:YMR309C
ko:K06174	sce:YDR091C
ko:K04564	sce:YHR008C
ko:K05542	sce:YML080W
ko:K05543	sce:YNR015W
ko:K05544	sce:YLR401C
ko:K05545	sce:YLR405W
ko:K02207	sce:YDR054C
ko:K20120	sce:YCR009C
ko:K09650	sce:YGR101W
ko:K05755	sce:YKL013C
ko:K06185	sce:YER036C
ko:K00889	sce:YDR208W
ko:K06158	sce:YFR009W
ko:K05756	sce:YLR370C
ko:K05758	sce:YNR035C
ko:K05757	sce:YBR234C
ko:K05754	sce:YIL062C
ko:K05759	sce:YOR122C
ko:K09647	sce:YMR150C
ko:K09648	sce:YMR035W
ko:K05537	sce:YPL053C
ko:K05538	sce:YER001W
ko:K03283	sce:YER103W
ko:K01530	sce:YMR162C
ko:K01440	sce:YGL037C
ko:K06116	sce:YIL053W
ko:K05528	sce:YGL038C
ko:K05529	sce:YPL050C
ko:K05530	sce:YML115C
ko:K05531	sce:YDR245W
ko:K05532	sce:YJL183W
ko:K05533	sce:YEL036C
ko:K05534	sce:YJR075W
ko:K06316	sce:YBL020W
ko:K06123	sce:YIL124W
ko:K06111	sce:YPR055W
ko:K06134	sce:YOR125C
ko:K06125	sce:YNR041C
ko:K06126	sce:YGR255C
ko:K06127	sce:YML110C
ko:K12670	sce:YEL002C
ko:K12667	sce:YMR149W
ko:K03115	sce:YGL019W
ko:K03115	sce:YOR039W
ko:K05824	sce:YIL094C
ko:K10729	sce:YKL108W
ko:K10731	sce:YGL113W
ko:K10753	sce:YJL115W
ko:K03347	sce:YDL132W
ko:K07023	sce:YBR242W
ko:K07023	sce:YGL101W
ko:K06688	sce:YOR339C
ko:K07252	sce:YGR036C
ko:K08075	sce:YMR156C
ko:K07750	sce:YGR060W
ko:K10751	sce:YML102W
ko:K00228	sce:YDR044W
ko:K04345	sce:YKL166C
ko:K03245	sce:YLR192C
ko:K07034	sce:YCR010C
ko:K07034	sce:YDR384C
ko:K07034	sce:YNR002C
ko:K02210	sce:YBR202W
ko:K07126	sce:YBL061C
ko:K07126	sce:YDL203C
ko:K07126	sce:YER096W
ko:K06961	sce:YCL059C
ko:K08139	sce:YDL245C
ko:K08139	sce:YDR342C
ko:K08139	sce:YDR343C
ko:K08139	sce:YDR345C
ko:K08139	sce:YEL069C
ko:K08139	sce:YFL011W
ko:K06963	sce:YGL232W
ko:K06965	sce:YNL001W
ko:K07152	sce:YBR024W
ko:K07152	sce:YBR037C
ko:K04554	sce:YER100W
ko:K03386	sce:YDR453C
ko:K08139	sce:YHR092C
ko:K08139	sce:YHR094C
ko:K08139	sce:YHR096C
ko:K08139	sce:YJL214W
ko:K08139	sce:YJL219W
ko:K08139	sce:YJR158W
ko:K08139	sce:YLR081W
ko:K08139	sce:YMR011W
ko:K08139	sce:YNR072W
ko:K08139	sce:YOL156W
ko:K04354	sce:YGL190C
ko:K06287	sce:YOR111W
ko:K07019	sce:YBR177C
ko:K07019	sce:YPL095C
ko:K08197	sce:YEL065W
ko:K08197	sce:YHL040C
ko:K08197	sce:YHL047C
ko:K10732	sce:YDR013W
ko:K00872	sce:YHR025W
ko:K07055	sce:YML005W
ko:K07050	sce:YNL040W
ko:K02212	sce:YPR019W
ko:K06693	sce:YIL007C
ko:K06694	sce:YGR232W
ko:K06691	sce:YLR421C
ko:K01760	sce:YGL184C
ko:K06990	sce:YJR008W
ko:K05863	sce:YBL030C
ko:K06664	sce:YJL210W
ko:K07117	sce:YJL105W
ko:K07117	sce:YKR029C
ko:K07117	sce:YPL165C
ko:K06927	sce:YLR143W
ko:K07195	sce:YJL085W
ko:K06947	sce:YLL035W
ko:K08139	sce:YDL138W
ko:K08139	sce:YDL194W
ko:K08257	sce:YKL046C
ko:K08257	sce:YMR238W
ko:K06972	sce:YDR430C
ko:K02180	sce:YOR026W
ko:K07300	sce:YNL321W
ko:K07232	sce:YER163C
ko:K05351	sce:YLR070C
ko:K03456	sce:YAL016W
ko:K07300	sce:YDL128W
ko:K07019	sce:YMR210W
ko:K06215	sce:YMR096W
ko:K06877	sce:YDR291W
ko:K08286	sce:YGR052W
ko:K08286	sce:YKL116C
ko:K08286	sce:YMR291W
ko:K08286	sce:YNR047W
ko:K08286	sce:YOL045W
ko:K08286	sce:YOL128C
ko:K08286	sce:YOR233W
ko:K08287	sce:YLL019C
ko:K08141	sce:YDL247W
ko:K08141	sce:YBR298C
ko:K08141	sce:YGR289C
ko:K08141	sce:YJR160C
ko:K07078	sce:YCL026C-A
ko:K10576	sce:YEL012W
ko:K06867	sce:YCR051W
ko:K06867	sce:YGL242C
ko:K06867	sce:YIL112W
ko:K06867	sce:YIR033W
ko:K06867	sce:YKL020C
ko:K06867	sce:YPL239W
ko:K06867	sce:YPR089W
ko:K06874	sce:YGR211W
ko:K06875	sce:YMR074C
ko:K11680	sce:YDL002C
ko:K02209	sce:YLR274W
ko:K06646	sce:YAL040C
ko:K04563	sce:YBR160W
ko:K06647	sce:YDL056W
ko:K15322	sce:YLR105C
ko:K06648	sce:YLR182W
ko:K06649	sce:YER111C
ko:K06650	sce:YPL256C
ko:K06651	sce:YGR109C
ko:K06651	sce:YPR120C
ko:K07178	sce:YOR119C
ko:K07748	sce:YGL001C
ko:K07179	sce:YNL207W
ko:K06628	sce:YLR103C
ko:K06943	sce:YPL093W
ko:K06944	sce:YAL036C
ko:K06944	sce:YGR173W
ko:K02365	sce:YGR098C
ko:K07304	sce:YER042W
ko:K06942	sce:YGR210C
ko:K08675	sce:YBL022C
ko:K07151	sce:YGL022W
ko:K00784	sce:YKR079C
ko:K04371	sce:YBL016W
ko:K04371	sce:YGR040W
ko:K06999	sce:YLR118C
ko:K07243	sce:YER145C
ko:K06660	sce:YMR001C
ko:K06652	sce:YJL157C
ko:K06653	sce:YGR233C
ko:K06654	sce:YOL001W
ko:K06655	sce:YPL031C
ko:K06656	sce:YNL289W
ko:K03386	sce:YML028W
ko:K06657	sce:YDL127W
ko:K06658	sce:YFR034C
ko:K02646	sce:YDL106C
ko:K06659	sce:YDL155W
ko:K06659	sce:YLR210W
ko:K08681	sce:YMR095C
ko:K06668	sce:YDR507C
ko:K06669	sce:YJL074C
ko:K06670	sce:YDL003W
ko:K06676	sce:YBL097W
ko:K06677	sce:YLR272C
ko:K06675	sce:YLR086W
ko:K06678	sce:YDR325W
ko:K06661	sce:YDR217C
ko:K07432	sce:YGL047W
ko:K07441	sce:YBR070C
ko:K06636	sce:YFL008W
ko:K00974	sce:YER168C
ko:K06997	sce:YBL036C
ko:K06662	sce:YER173W
ko:K02544	sce:YLR288C
ko:K06663	sce:YPL194W
ko:K02307	sce:YGR113W
ko:K06679	sce:YGL086W
ko:K06680	sce:YJL013C
ko:K06681	sce:YAL024C
ko:K06682	sce:YML064C
ko:K06683	sce:YAR019C
ko:K06684	sce:YGR092W
ko:K06685	sce:YIL106W
ko:K06665	sce:YBR112C
ko:K06666	sce:YCR084C
ko:K06667	sce:YFL029C
ko:K06686	sce:YPR111W
ko:K06687	sce:YJL076W
ko:K06674	sce:YFR031C
ko:K09413	sce:YCR065W
ko:K06671	sce:YIL026C
ko:K06672	sce:YDR180W
ko:K07393	sce:YKR076W
ko:K06673	sce:YER147C
ko:K04079	sce:YPL240C
ko:K07390	sce:YPL059W
ko:K10733	sce:YJL072C
ko:K05864	sce:YLR216C
ko:K08783	sce:YHR132C
ko:K03671	sce:YGR209C
ko:K08054	sce:YAL058W
ko:K11377	sce:YMR312W
ko:K09313	sce:YKL179C
ko:K11399	sce:YNL136W
ko:K09358	sce:YCR097W
ko:K09359	sce:YCL067C
ko:K09359	sce:YCR039C
ko:K09359	sce:YCR096C
ko:K09272	sce:YML069W
ko:K03955	sce:YKL192C
ko:K09142	sce:YGR283C
ko:K05765	sce:YLL050C
ko:K10773	sce:YAL015C
ko:K07897	sce:YML001W
ko:K01855	sce:YFL001W
ko:K08856	sce:YPL236C
ko:K10848	sce:YPL022W
ko:K08852	sce:YHR079C
ko:K08658	sce:YMR274C
ko:K08874	sce:YHR099W
ko:K03660	sce:YML060W
ko:K09291	sce:YKR095W
ko:K08991	sce:YDR386W
ko:K10841	sce:YJR035W
ko:K08286	sce:YHR102W
ko:K08286	sce:YJL165C
ko:K08286	sce:YJR059W
ko:K08286	sce:YKL168C
ko:K08286	sce:YKL198C
ko:K00693	sce:YFR015C
ko:K01568	sce:YGR087C
ko:K00728	sce:YGR199W
ko:K01012	sce:YGR286C
ko:K00993	sce:YHR123W
ko:K00354	sce:YHR179W
ko:K01193	sce:YIL162W
ko:K01918	sce:YIL145C
ko:K00164	sce:YIL125W
ko:K00900	sce:YIL107C
ko:K01814	sce:YIL020C
ko:K01383	sce:YIL015W
ko:K04798	sce:YLR200W
ko:K01477	sce:YIR029W
ko:K01483	sce:YIR032C
ko:K01173	sce:YJL208C
ko:K00295	sce:YKR080W
ko:K01610	sce:YKR097W
ko:K01568	sce:YLR044C
ko:K00866	sce:YLR133W
ko:K00318	sce:YLR142W
ko:K00586	sce:YLR172C
ko:K00789	sce:YLR180W
ko:K01465	sce:YLR420W
ko:K00819	sce:YLR438W
ko:K00107	sce:YML086C
ko:K01802	sce:YML078W
ko:K00759	sce:YML022W
ko:K00902	sce:YMR013C
ko:K00938	sce:YMR220W
ko:K01580	sce:YMR250W
ko:K00654	sce:YMR296C
ko:K01341	sce:YNL238W
ko:K00293	sce:YNR050C
ko:K01867	sce:YOL097C
ko:K00560	sce:YOR074C
ko:K00831	sce:YOR184W
ko:K00287	sce:YOR236W
ko:K00873	sce:YOR347C
ko:K01689	sce:YOR393W
ko:K00729	sce:YPL227C
ko:K00354	sce:YPL171C
ko:K01476	sce:YPL111W
ko:K00626	sce:YPL028W
ko:K00615	sce:YPR074C
ko:K00999	sce:YPR113W
ko:K08282	sce:YDL079C
ko:K08513	sce:YAL030W
ko:K08513	sce:YOR327C
ko:K08294	sce:YOR231W
ko:K08956	sce:YMR089C
ko:K08269	sce:YGL180W
ko:K08963	sce:YPR118W
ko:K04078	sce:YOR020C
ko:K09074	sce:YOR344C
ko:K08329	sce:YLR423C
ko:K08330	sce:YPR049C
ko:K08331	sce:YPR185W
ko:K08332	sce:YEL013W
ko:K08333	sce:YBR097W
ko:K08334	sce:YPL120W
ko:K11380	sce:YPR031W
ko:K07204	sce:YHR186C
ko:K10573	sce:YGL058W
ko:K11376	sce:YHR187W
ko:K08286	sce:YBR059C
ko:K08286	sce:YCR091W
ko:K08272	sce:YKL189W
ko:K08286	sce:YHR082C
ko:K09680	sce:YDR531W
ko:K08335	sce:YBR128C
ko:K01456	sce:YPL096W
ko:K07976	sce:YNL093W
ko:K02738	sce:YJL001W
ko:K02218	sce:YNL154C
ko:K03097	sce:YIL035C
ko:K03097	sce:YOR061W
ko:K06027	sce:YBR080C
ko:K10686	sce:YPR066W
ko:K10689	sce:YGR133W
ko:K08516	sce:YKL196C
ko:K08517	sce:YLR268W
ko:K00794	sce:YOL143C
ko:K10696	sce:YDL074C
ko:K09498	sce:YDR188W
ko:K09499	sce:YJL111W
ko:K09500	sce:YJL008C
ko:K09490	sce:YJL034W
ko:K09493	sce:YDR212W
ko:K09494	sce:YIL142W
ko:K06013	sce:YJR117W
ko:K09384	sce:YPL245W
ko:K09495	sce:YJL014W
ko:K09496	sce:YDL143W
ko:K09497	sce:YJR064W
ko:K10684	sce:YPR180W
ko:K10685	sce:YDR390C
ko:K10849	sce:YML095C
ko:K10755	sce:YOL094C
ko:K10754	sce:YOR217W
ko:K04567	sce:YNL073W
ko:K10739	sce:YNL312W
ko:K10862	sce:YBR223C
ko:K09248	sce:YKL015W
ko:K09249	sce:YKL112W
ko:K08342	sce:YNL223W
ko:K04627	sce:YKL178C
ko:K05767	sce:YPL242C
ko:K06009	sce:YDR144C
ko:K08098	sce:YOR149C
ko:K09202	sce:YDR146C
ko:K09140	sce:YOR006C
ko:K09184	sce:YFL021W
ko:K09184	sce:YER040W
ko:K09184	sce:YKR034W
ko:K11375	sce:YPL101W
ko:K01264	sce:YBR286W
ko:K11684	sce:YDL070W
ko:K08341	sce:YBL078C
ko:K06116	sce:YER062C
ko:K00002	sce:YCR105W
ko:K09831	sce:YMR015C
ko:K01758	sce:YAL012W
ko:K01497	sce:YBL033C
ko:K00849	sce:YBR020W
ko:K00344	sce:YBR046C
ko:K00615	sce:YBR117C
ko:K00759	sce:YDR441C
ko:K00942	sce:YDR454C
ko:K01077	sce:YDR481C
ko:K00789	sce:YDR502C
ko:K00765	sce:YER055C
ko:K08338	sce:YLL042C
ko:K09043	sce:YML007W
ko:K09043	sce:YDR423C
ko:K08337	sce:YHR171W
ko:K08339	sce:YPL149W
ko:K09117	sce:YOR215C
ko:K08340	sce:YMR159C
ko:K11344	sce:YJR082C
ko:K09051	sce:YNL167C
ko:K05841	sce:YLR189C
ko:K10251	sce:YBR159W
ko:K09238	sce:YLR131C
ko:K09246	sce:YML099C
ko:K09240	sce:YMR280C
ko:K09241	sce:YPL248C
ko:K09247	sce:YLR256W
ko:K09242	sce:YLR451W
ko:K08869	sce:YGL119W
ko:K08869	sce:YLR253W
ko:K08869	sce:YPL109C
ko:K08343	sce:YNR007C
ko:K09245	sce:YDL170W
ko:K09243	sce:YDR207C
ko:K10577	sce:YDL064W
ko:K09419	sce:YGL073W
ko:K09464	sce:YEL009C
ko:K09235	sce:YGR044C
ko:K09466	sce:YDR216W
ko:K09467	sce:YGL035C
ko:K09467	sce:YER028C
ko:K09467	sce:YGL209W
ko:K09468	sce:YKL062W
ko:K09468	sce:YMR037C
ko:K09423	sce:YKR099W
ko:K09424	sce:YBR049C
ko:K09424	sce:YDR026C
ko:K09426	sce:YNL216W
ko:K04043	sce:YJR045C
ko:K08284	sce:YNL291C
ko:K08486	sce:YMR183C
ko:K08486	sce:YPL232W
ko:K08787	sce:YOR219C
ko:K15323	sce:YAR008W
ko:K10771	sce:YKL114C
ko:K02677	sce:YBL105C
ko:K09102	sce:YDR123C
ko:K09102	sce:YOL108C
ko:K10838	sce:YER162C
ko:K08956	sce:YER017C
ko:K11364	sce:YCL010C
ko:K11365	sce:YGL066W
ko:K11371	sce:YCR082W
ko:K11378	sce:YBL052C
ko:K07203	sce:YJR066W
ko:K00463	sce:YJR078W
ko:K11368	sce:YBR111W-A
ko:K11369	sce:YGL252C
ko:K11370	sce:YOR023C
ko:K10752	sce:YEL056W
ko:K11372	sce:YLL022C
ko:K11373	sce:YLR384C
ko:K03441	sce:YFL054C
ko:K03441	sce:YLL043W
ko:K09885	sce:YLL052C
ko:K09827	sce:YLR100W
ko:K09829	sce:YMR202W
ko:K07203	sce:YKL203C
ko:K00211	sce:YBR166C
ko:K00927	sce:YCR012W
ko:K00852	sce:YCR036W
ko:K01104	sce:YDL230W
ko:K00728	sce:YDL093W
ko:K01803	sce:YDR050C
ko:K00931	sce:YDR300C
ko:K00766	sce:YDR354W
ko:K00601	sce:YDR408C
ko:K09142	sce:YMR310C
ko:K09885	sce:YLL053C
ko:K09885	sce:YPR192W
ko:K01784	sce:YBR019C
ko:K01785	sce:YBR019C
ko:K05546	sce:YBR229C
ko:K03644	sce:YOR196C
ko:K11359	sce:YBR081C
ko:K11360	sce:YLR055C
ko:K11361	sce:YOL148C
ko:K11362	sce:YPL254W
ko:K01527	sce:YPL037C
ko:K09522	sce:YGR285C
ko:K11367	sce:YER164W
ko:K11379	sce:YOR064C
ko:K08734	sce:YMR167W
ko:K00916	sce:YKL139W
ko:K08735	sce:YOL090W
ko:K08736	sce:YCR092C
ko:K08737	sce:YDR097C
ko:K08738	sce:YJR048W
ko:K08739	sce:YPL164C
ko:K08740	sce:YFL003C
ko:K08741	sce:YDL154W
ko:K08711	sce:YOR153W
ko:K09553	sce:YOR027W
ko:K09705	sce:YML079W
ko:K08681	sce:YFL060C
ko:K09702	sce:YJL217W
ko:K08596	sce:YIL031W
ko:K08592	sce:YPL020C
ko:K09578	sce:YJR017C
ko:K11363	sce:YPL047W
ko:K11366	sce:YMR223W
ko:K08681	sce:YNL334C
ko:K09503	sce:YNL064C
ko:K09506	sce:YNL227C
ko:K09613	sce:YDL216C
ko:K09548	sce:YJL179W
ko:K09549	sce:YEL003W
ko:K09550	sce:YNL153C
ko:K08955	sce:YPR024W
ko:K09481	sce:YER087C-B
ko:K08499	sce:YDR468C
ko:K08501	sce:YAL014C
ko:K08502	sce:YGL212W
ko:K08504	sce:YIL004C
ko:K08505	sce:YKL006C-A
ko:K08507	sce:YGL098W
ko:K10734	sce:YOL146W
ko:K10735	sce:YDR489W
ko:K10736	sce:YIL150C
ko:K10743	sce:YNL072W
ko:K09485	sce:YBR169C
ko:K09485	sce:YPL106C
ko:K08492	sce:YOR075W
ko:K08493	sce:YMR197C
ko:K08336	sce:YBR217W
ko:K10772	sce:YBL019W
ko:K07478	sce:YNL218W
ko:K09539	sce:YLR008C
ko:K09540	sce:YOR254C
ko:K08266	sce:YNL006W
ko:K08286	sce:YNL161W
ko:K08286	sce:YAL017W
ko:K08165	sce:YML116W
ko:K08165	sce:YMR279C
ko:K10089	sce:YPR079W
ko:K08495	sce:YHL031C
ko:K08496	sce:YLR078C
ko:K08497	sce:YDR498C
ko:K02181	sce:YJR053W
ko:K08192	sce:YJR152W
ko:K09265	sce:YPL089C
ko:K07497	sce:YGR109W-B
ko:K07497	sce:YIL082W-A
ko:K07976	sce:YBR264C
ko:K06639	sce:YFR028C
ko:K07975	sce:YIL118W
ko:K07975	sce:YKR055W
ko:K07975	sce:YNL090W
ko:K07975	sce:YNL180C
ko:K08489	sce:YOL018C
ko:K08490	sce:YLR026C
ko:K07565	sce:YPL211W
ko:K08157	sce:YLL028W
ko:K08564	sce:YLR093C
ko:K00026	sce:YKL085W
ko:K07555	sce:YNL315C
ko:K07556	sce:YJL180C
ko:K05286	sce:YGL142C
ko:K05287	sce:YDR302W
ko:K05288	sce:YLL031C
ko:K05289	sce:YLR088W
ko:K05290	sce:YDR331W
ko:K05291	sce:YDR434W
ko:K05292	sce:YHR188C
ko:K05293	sce:YLR459W
ko:K05294	sce:YFL025C
ko:K07342	sce:YDR086C
ko:K10597	sce:YDL190C
ko:K01166	sce:YPL123C
ko:K00565	sce:YBR236C
ko:K11427	sce:YDR440W
ko:K10808	sce:YJL026W
ko:K10746	sce:YOR033C
ko:K11600	sce:YGR195W
ko:K11314	sce:YDR448W
ko:K10579	sce:YLR306W
ko:K10580	sce:YDR092W
ko:K08832	sce:YMR216C
ko:K10777	sce:YOR005C
ko:K10976	sce:YML130C
ko:K10592	sce:YDR457W
ko:K10590	sce:YKL010C
ko:K10591	sce:YER125W
ko:K06634	sce:YPR025C
ko:K06018	sce:YDR452W
ko:K10807	sce:YIL066C
ko:K10807	sce:YER070W
ko:K10704	sce:YGL087C
ko:K01247	sce:YER142C
ko:K10842	sce:YDR460W
ko:K10844	sce:YER171W
ko:K10845	sce:YDR079C-A
ko:K10742	sce:YHR164C
ko:K10246	sce:YLR372W
ko:K10245	sce:YCR034W
ko:K10843	sce:YIL143C
ko:K10661	sce:YIL030C
ko:K07442	sce:YJL125C
ko:K11227	sce:YJL128C
ko:K11251	sce:YDR225W
ko:K11115	sce:YDL220C
ko:K11119	sce:YLR453C
ko:K11120	sce:YKR101W
ko:K11121	sce:YDL042C
ko:K11122	sce:YLR442C
ko:K11123	sce:YDR227W
ko:K11117	sce:YDR082W
ko:K11401	sce:YMR127C
ko:K11403	sce:YOR213C
ko:K11434	sce:YBR034C
ko:K11262	sce:YNR016C
ko:K11313	sce:YDR392W
ko:K10863	sce:YOR258W
ko:K11232	sce:YDL235C
ko:K15325	sce:YMR059W
ko:K11128	sce:YHR089C
ko:K09580	sce:YCL043C
ko:K06072	sce:YJR070C
ko:K11126	sce:YLR318W
ko:K10627	sce:YCR066W
ko:K10625	sce:YGR184C
ko:K10601	sce:YOL013C
ko:K18328	sce:YKL149C
ko:K10846	sce:YGR258C
ko:K10847	sce:YMR201C
ko:K10632	sce:YHL010C
ko:K10643	sce:YER068W
ko:K03872	sce:YPL046C
ko:K11279	sce:YKR048C
ko:K11099	sce:YFL017W-A
ko:K01568	sce:YLR134W
ko:K11231	sce:YIL147C
ko:K11251	sce:YBL003C
ko:K10967	sce:YBR205W
ko:K10969	sce:YIL014W
ko:K00412	sce:Q0115
ko:K00412	sce:Q0110
ko:K00412	sce:Q0120
ko:K10908	sce:YFL036W
ko:K00026	sce:YOL126C
ko:K10997	sce:YNL273W
ko:K03781	sce:YGR088W
ko:K11132	sce:YDR206W
ko:K00026	sce:YDL078C
ko:K11121	sce:YOL068C
ko:K10773	sce:YOL043C
ko:K10413	sce:YKR054C
ko:K10998	sce:YMR048W
ko:K11871	sce:YKR098C
ko:K11883	sce:YOR056C
ko:K10398	sce:YBL063W
ko:K11374	sce:YGR200C
ko:K10885	sce:YMR106C
ko:K10756	sce:YBR087W
ko:K10761	sce:YGR024C
ko:K10967	sce:YOR099W
ko:K10901	sce:YMR190C
ko:K10968	sce:YGL257C
ko:K04564	sce:YDR347W
ko:K10259	sce:YIL046W
ko:K17768	sce:YHR117W
ko:K11396	sce:YHR090C
ko:K11397	sce:YDR359C
ko:K11400	sce:YJL081C
ko:K11341	sce:YNL107W
ko:K15306	sce:YDR002W
ko:K11322	sce:YFL024C
ko:K06630	sce:YER177W
ko:K06630	sce:YDR099W
ko:K11252	sce:YBL002W
ko:K11086	sce:YER029C
ko:K11254	sce:YNL030W
ko:K11242	sce:YDR480W
ko:K11238	sce:YNL271C
ko:K11244	sce:YNL283C
ko:K11213	sce:YFL026W
ko:K11215	sce:YHR084W
ko:K03351	sce:YDR118W
ko:K15283	sce:YOR307C
ko:K11230	sce:YCR073C
ko:K10669	sce:YOL102C
ko:K11672	sce:YNL059C
ko:K05955	sce:YKL019W
ko:K11675	sce:YFL013C
ko:K08738	sce:YEL039C
ko:K14005	sce:YDL195W
ko:K03564	sce:YIL010W
ko:K01874	sce:YGR264C
ko:K01874	sce:YGR171C
ko:K11547	sce:YIL144W
ko:K11497	sce:YKL089W
ko:K11501	sce:YLR381W
ko:K11551	sce:YDR254W
ko:K11541	sce:YJL130C
ko:K08866	sce:YDL028C
ko:K08744	sce:YDL142C
ko:K11552	sce:YDR318W
ko:K11553	sce:YDR016C
ko:K11556	sce:YBR211C
ko:K11555	sce:YGR179C
ko:K11563	sce:YGL093W
ko:K11560	sce:YIR010W
ko:K11594	sce:YPL119C
ko:K11584	sce:YOR014W
ko:K11570	sce:YGL061C
ko:K11574	sce:YGR140W
ko:K11571	sce:YKL138C-A
ko:K11573	sce:YKR037C
ko:K11576	sce:YMR094W
ko:K11575	sce:YMR168C
ko:K11582	sce:YOR073W
ko:K11562	sce:YJR112W
ko:K11557	sce:YMR117C
ko:K11561	sce:YPL233W
ko:K11548	sce:YOL069W
ko:K11594	sce:YOR204W
ko:K11398	sce:YEL018W
ko:K11324	sce:YGR002C
ko:K11402	sce:YDR181C
ko:K11121	sce:YPL015C
ko:K11422	sce:YHR119W
ko:K12346	sce:YHR050W
ko:K12346	sce:YLR034C
ko:K12346	sce:YOL122C
ko:K12274	sce:YLR292C
ko:K03439	sce:YDL201W
ko:K11228	sce:YLR362W
ko:K11090	sce:YDL051W
ko:K03177	sce:YNL292W
ko:K12260	sce:YKL086W
ko:K12272	sce:YKL154W
ko:K11756	sce:YLR357W
ko:K01556	sce:YLR231C
ko:K11808	sce:YOR128C
ko:K11483	sce:YGL194C
ko:K11252	sce:YDR224C
ko:K11251	sce:YOL012C
ko:K11108	sce:YOL010W
ko:K11002	sce:YPL096C-A
ko:K10956	sce:YLR378C
ko:K10956	sce:YBR283C
ko:K11760	sce:YCR052W
ko:K11204	sce:YJL101C
ko:K09481	sce:YER019C-A
ko:K11096	sce:YLR275W
ko:K10967	sce:YDR483W
ko:K10981	sce:YCR014C
ko:K10982	sce:YGL090W
ko:K10983	sce:YLR265C
ko:K11116	sce:YLR010C
ko:K11118	sce:YBR275C
ko:K11129	sce:YDL208W
ko:K11130	sce:YHR072W-A
ko:K11233	sce:YLR006C
ko:K11229	sce:YJL095W
ko:K11230	sce:YNR031C
ko:K06062	sce:YGR252W
ko:K10877	sce:YBR073W
ko:K07973	sce:YJR086W
ko:K11239	sce:YDR103W
ko:K11240	sce:YNL053W
ko:K11241	sce:YPL049C
ko:K11243	sce:YCL027W
ko:K11244	sce:YOR008C
ko:K11245	sce:YLR332W
ko:K11244	sce:YOL105C
ko:K11246	sce:YER118C
ko:K11234	sce:YGL089C
ko:K11234	sce:YPL187W
ko:K11235	sce:YDR461W
ko:K11235	sce:YNL145W
ko:K11236	sce:YAL041W
ko:K11237	sce:YBR200W
ko:K11088	sce:YLR147C
ko:K11097	sce:YOR159C
ko:K11098	sce:YPR182W
ko:K11087	sce:YGR074W
ko:K10957	sce:YDR076W
ko:K10958	sce:YDR004W
ko:K11131	sce:YLR175W
ko:K11132	sce:YLR233C
ko:K11133	sce:YIL009C-A
ko:K11134	sce:YOR144C
ko:K11135	sce:YGR280C
ko:K05863	sce:YBR085W
ko:K10872	sce:YER179W
ko:K10873	sce:YML032C
ko:K10959	sce:YDL059C
ko:K11253	sce:YBR010W
ko:K10865	sce:YMR224C
ko:K10866	sce:YNL250W
ko:K11254	sce:YBR009C
ko:K10868	sce:YDR369C
ko:K10875	sce:YGL163C
ko:K11253	sce:YNL031C
ko:K11273	sce:YPL008W
ko:K11274	sce:YPR135W
ko:K11304	sce:YOR244W
ko:K11271	sce:YCL016C
ko:K11226	sce:YDL159W
ko:K11309	sce:YLL002W
ko:K10881	sce:YDR363W-A
ko:K11303	sce:YPL001W
ko:K11338	sce:YPL235W
ko:K10884	sce:YMR284W
ko:K02967	sce:YHL004W
ko:K11272	sce:YCL061C
ko:K11269	sce:YMR078C
ko:K11292	sce:YGR116W
ko:K11293	sce:YBL008W
ko:K04564	sce:YJR101W
ko:K11275	sce:YPL127C
ko:K11270	sce:YHR191C
ko:K11267	sce:YMR076C
ko:K11268	sce:YFR027W
ko:K01092	sce:YHR046C
ko:K00667	sce:YPL231W
ko:K00668	sce:YKL182W
ko:K11407	sce:YNL021W
ko:K11484	sce:YPL116W
ko:K11482	sce:YPR068C
ko:K08850	sce:YPL209C
ko:K08711	sce:YDR406W
ko:K01900	sce:YGR244C
ko:K05302	sce:YDR257C
ko:K11554	sce:YPL018W
ko:K11559	sce:YAL034W-A
ko:K11558	sce:YER018C
ko:K11824	sce:YBL037W
ko:K05355	sce:YBR003W
ko:K11778	sce:YBR002C
ko:K11778	sce:YMR101C
ko:K10245	sce:YJL196C
ko:K06641	sce:YDL101C
ko:K00844	sce:YCL040W
ko:K09880	sce:YEL038W
ko:K00602	sce:YMR120C
ko:K00602	sce:YLR028C
ko:K10389	sce:YLR212C
ko:K00264	sce:YDL171C
ko:K01702	sce:YGL009C
ko:K13348	sce:YLR251W
ko:K14963	sce:YBR175W
ko:K13102	sce:YOR077W
ko:K06269	sce:YER133W
ko:K13237	sce:YNL202W
ko:K13954	sce:YGL256W
ko:K13106	sce:YGL174W
ko:K18043	sce:YNL099C
ko:K12795	sce:YOR057W
ko:K03657	sce:YJL092W
ko:K13107	sce:YIR005W
ko:K10706	sce:YLR430W
ko:K12948	sce:YLR066W
ko:K04705	sce:YHL002W
ko:K10599	sce:YLL036C
ko:K07560	sce:YDL219W
ko:K12581	sce:YNR052C
ko:K12486	sce:YIL044C
ko:K12462	sce:YDL135C
ko:K00859	sce:YDR196C
ko:K13338	sce:YKL197C
ko:K13339	sce:YNL329C
ko:K13341	sce:YDR142C
ko:K13342	sce:YDR244W
ko:K13343	sce:YGL153W
ko:K13344	sce:YLR191W
ko:K13345	sce:YMR026C
ko:K13095	sce:YLR116W
ko:K12182	sce:YNR006W
ko:K12196	sce:YPR173C
ko:K12194	sce:YLR025W
ko:K12191	sce:YKL002W
ko:K12161	sce:YIL008W
ko:K12189	sce:YJR102C
ko:K12190	sce:YLR417W
ko:K08770	sce:YLL039C
ko:K12197	sce:YKR035W-A
ko:K11870	sce:YDL122W
ko:K11849	sce:YOR124C
ko:K11644	sce:YOL004W
ko:K13100	sce:YGR278W
ko:K11662	sce:YLR085C
ko:K11663	sce:YML041C
ko:K11682	sce:YAL011W
ko:K04079	sce:YMR186W
ko:K11872	sce:YER098W
ko:K12183	sce:YCL008C
ko:K12195	sce:YMR077C
ko:K11984	sce:YOR308C
ko:K11871	sce:YIL156W
ko:K11885	sce:YER143W
ko:K11888	sce:YIR011C
ko:K11874	sce:YPL072W
ko:K12187	sce:YGR206W
ko:K12199	sce:YLR181C
ko:K10589	sce:YGL141W
ko:K04523	sce:YMR276W
ko:K12198	sce:YDR486C
ko:K12193	sce:YKL041W
ko:K12275	sce:YPL094C
ko:K12273	sce:YBR171W
ko:K01899	sce:YOR142W
ko:K11971	sce:YML068W
ko:K12416	sce:YDR260C
ko:K12411	sce:YML027W
ko:K12411	sce:YDR451C
ko:K12414	sce:YJR046W
ko:K12412	sce:YMR043W
ko:K12413	sce:YOR083W
ko:K12600	sce:YPR189W
ko:K12386	sce:YCR075C
ko:K12596	sce:YNL299W
ko:K00288	sce:YGR204W
ko:K13280	sce:YIR022W
ko:K13103	sce:YLR424W
ko:K00772	sce:YLR017W
ko:K11881	sce:YLR021W
ko:K07943	sce:YMR138W
ko:K11880	sce:YKL206C
ko:K11879	sce:YLR199C
ko:K09458	sce:YER061C
ko:K11872	sce:YBL067C
ko:K12493	sce:YER122C
ko:K12393	sce:YPL259C
ko:K12385	sce:YPL006W
ko:K12391	sce:YPR029C
ko:K14009	sce:YDL072C
ko:K14012	sce:YBL058W
ko:K00288	sce:YBR084W
ko:K13346	sce:YDR265W
ko:K12812	sce:YDL084W
ko:K12854	sce:YER172C
ko:K12872	sce:YBR065C
ko:K12345	sce:YIL049W
ko:K00995	sce:YCL004W
ko:K11843	sce:YFR010W
ko:K11713	sce:YGL155W
ko:K11676	sce:YNL215W
ko:K11677	sce:YLR052W
ko:K11678	sce:YOR189W
ko:K11679	sce:YER092W
ko:K11684	sce:YLR399C
ko:K11761	sce:YMR091C
ko:K11664	sce:YDR485C
ko:K11769	sce:YCR020W-B
ko:K11667	sce:YEL044W
ko:K11673	sce:YOR141C
ko:K11648	sce:YBR289W
ko:K01092	sce:YDR287W
ko:K07512	sce:YBR026C
ko:K05609	sce:YJR099W
ko:K11767	sce:YPR034W
ko:K03283	sce:YBL075C
ko:K11518	sce:YMR203W
ko:K11887	sce:YGL004C
ko:K11882	sce:YPL144W
ko:K04532	sce:YPL003W
ko:K11683	sce:YLR385C
ko:K04043	sce:YLR369W
ko:K11839	sce:YDR069C
ko:K11763	sce:YML127W
ko:K11766	sce:YLR033W
ko:K11768	sce:YMR033W
ko:K11718	sce:YOR336W
ko:K11873	sce:YNL186W
ko:K11756	sce:YGR056W
ko:K11758	sce:YDR303C
ko:K11759	sce:YKR008W
ko:K11758	sce:YHR056C
ko:K02304	sce:YBR213W
ko:K01942	sce:YDL141W
ko:K11762	sce:YFR037C
ko:K00486	sce:YBL098W
ko:K11771	sce:YPL016W
ko:K11772	sce:YJL176C
ko:K11774	sce:YDR073W
ko:K11775	sce:YNR023W
ko:K11788	sce:YGL234W
ko:K11805	sce:YPL247C
ko:K11884	sce:YOR145C
ko:K01764	sce:YKL087C
ko:K11764	sce:YBL006C
ko:K11806	sce:YLL011W
ko:K11770	sce:YLR321C
ko:K11996	sce:YHR111W
ko:K11773	sce:YHL025W
ko:K11776	sce:YFL049W
ko:K11886	sce:YHL030W
ko:K01408	sce:YLR389C
ko:K11786	sce:YIL126W
ko:K11786	sce:YOR290C
ko:K12200	sce:YOR275C
ko:K11568	sce:YBR233W-A
ko:K11827	sce:YJR058C
ko:K11665	sce:YGL150C
ko:K12232	sce:YJR036C
ko:K11569	sce:YDR320C-A
ko:K11566	sce:YKL052C
ko:K11567	sce:YKR083C
ko:K11572	sce:YDR201W
ko:K06699	sce:YFL007W
ko:K11599	sce:YBR173C
ko:K11968	sce:YKR017C
ko:K10839	sce:YEL037C
ko:K11841	sce:YER151C
ko:K11836	sce:YBR058C
ko:K11838	sce:YMR304W
ko:K11839	sce:YER144C
ko:K08851	sce:YGR262C
ko:K12188	sce:YPL002C
ko:K12184	sce:YPL065W
ko:K10364	sce:YKL007W
ko:K13939	sce:YNL256W
ko:K14006	sce:YPR181C
ko:K14007	sce:YIL109C
ko:K12492	sce:YDL226C
ko:K13181	sce:YLL008W
ko:K12947	sce:YML055W
ko:K12584	sce:YLR270W
ko:K12834	sce:YPR094W
ko:K12619	sce:YOR048C
ko:K12855	sce:YBR055C
ko:K12615	sce:YEL015W
ko:K12856	sce:YHR165C
ko:K12848	sce:YDL098C
ko:K12860	sce:YMR213W
ko:K06063	sce:YAL032C
ko:K12816	sce:YDR364C
ko:K12823	sce:YNL112W
ko:K12617	sce:YCR077C
ko:K13800	sce:YKL024C
ko:K12620	sce:YJL124C
ko:K12621	sce:YBL026W
ko:K12585	sce:YOL021C
ko:K12858	sce:YDR243C
ko:K12873	sce:YCR063W
ko:K12859	sce:YPR082C
ko:K13431	sce:YDR292C
ko:K12862	sce:YPL151C
ko:K12883	sce:YPL178W
ko:K13127	sce:YLR323C
ko:K13333	sce:YMR006C
ko:K13333	sce:YOL011W
ko:K13333	sce:YMR008C
ko:K12882	sce:YMR125W
ko:K12869	sce:YLR117C
ko:K12870	sce:YJR050W
ko:K12867	sce:YDR416W
ko:K12811	sce:YBR237W
ko:K10949	sce:YBL040C
ko:K10570	sce:YDR030C
ko:K10405	sce:YPR141C
ko:K09523	sce:YJL073W
ko:K00589	sce:YKR069W
ko:K13093	sce:YNL286W
ko:K13507	sce:YKR067W
ko:K08712	sce:YNR070W
ko:K08712	sce:YPL058C
ko:K08712	sce:YOR011W
ko:K08712	sce:YIL013C
ko:K13511	sce:YPR140W
ko:K21053	sce:YNL141W
ko:K12732	sce:YDR380W
ko:K13993	sce:YBR072W
ko:K12609	sce:YNL278W
ko:K17560	sce:YFL023W
ko:K01981	sce:YNCL0018W
ko:K01981	sce:YNCL0027W
ko:K01981	sce:YNCL0028W
ko:K01981	sce:YNCL0029W
ko:K01981	sce:YNCL0030W
ko:K01981	sce:YNCL0031W
ko:K12603	sce:YAL021C
ko:K13337	sce:YDL065C
ko:K00620	sce:YMR062C
ko:K12624	sce:YER146W
ko:K12691	sce:YGL226C-A
ko:K12606	sce:YNL288W
ko:K15529	sce:YBR022W
ko:K13217	sce:YML046W
ko:K13367	sce:YMR020W
ko:K12592	sce:YHR081W
ko:K12594	sce:YNR024W
ko:K12595	sce:YOR076C
ko:K12597	sce:YIL079C
ko:K12597	sce:YDL175C
ko:K12598	sce:YJL050W
ko:K12879	sce:YNL139C
ko:K12853	sce:YKL173W
ko:K12626	sce:YNL147W
ko:K15543	sce:YDR195W
ko:K15544	sce:YNL222W
ko:K12604	sce:YCR093W
ko:K12605	sce:YDL165W
ko:K12591	sce:YOR001W
ko:K12627	sce:YJR022W
ko:K12590	sce:YGR095C
ko:K12601	sce:YGL213C
ko:K13336	sce:YDR329C
ko:K13357	sce:YNL012W
ko:K12622	sce:YLR438C-A
ko:K12669	sce:YML019W
ko:K12613	sce:YNL118C
ko:K12760	sce:YMR199W
ko:K12623	sce:YER112W
ko:K02871	sce:YOR150W
ko:K13953	sce:YOL086C
ko:K09518	sce:YMR161W
ko:K05863	sce:YMR056C
ko:K00787	sce:YJL167W
ko:K00804	sce:YPL069C
ko:K12832	sce:YNL138W-A
ko:K12880	sce:YNL253W
ko:K12881	sce:YDR381W
ko:K12827	sce:YDL030W
ko:K12829	sce:YMR240C
ko:K12814	sce:YNR011C
ko:K12815	sce:YKR086W
ko:K12843	sce:YDR473C
ko:K12844	sce:YGR091W
ko:K12847	sce:YFR005C
ko:K12817	sce:YGR006W
ko:K12818	sce:YER013W
ko:K12819	sce:YDR088C
ko:K12845	sce:YEL026W
ko:K12851	sce:YGR075C
ko:K12830	sce:YML049C
ko:K12820	sce:YGL120C
ko:K12821	sce:YKL012W
ko:K13950	sce:YNR033W
ko:K12831	sce:YOR319W
ko:K11092	sce:YPL213W
ko:K00670	sce:YPR051W
ko:K06210	sce:YLR328W
ko:K10418	sce:YDR424C
ko:K12863	sce:YDR163W
ko:K10415	sce:YDR488C
ko:K11093	sce:YIL061C
ko:K00868	sce:YEL029C
ko:K04082	sce:YGL018C
ko:K06215	sce:YFL059W
ko:K01196	sce:YPR184W
ko:K13953	sce:YMR303C
ko:K13535	sce:YGR110W
ko:K13179	sce:YMR290C
ko:K13205	sce:YBL074C
ko:K12761	sce:YDR477W
ko:K13113	sce:YNR032C-A
ko:K07573	sce:YNL232W
ko:K12608	sce:YFL028C
ko:K12762	sce:YDL035C
ko:K12763	sce:YMR016C
ko:K12764	sce:YJR094C
ko:K12765	sce:YJL106W
ko:K12766	sce:YMR139W
ko:K12767	sce:YFL033C
ko:K12768	sce:YDR285W
ko:K12769	sce:YHR124W
ko:K12770	sce:YBR045C
ko:K12771	sce:YDR523C
ko:K12772	sce:YOR313C
ko:K12773	sce:YGR059W
ko:K12774	sce:YER106W
ko:K12775	sce:YDR439W
ko:K12776	sce:YOR351C
ko:K12777	sce:YLR263W
ko:K12778	sce:YIL072W
ko:K12779	sce:YDR310C
ko:K12780	sce:YPR007C
ko:K12781	sce:YIR025W
ko:K12782	sce:YGR225W
ko:K12783	sce:YHR184W
ko:K12666	sce:YJL002C
ko:K12668	sce:YOR103C
ko:K12669	sce:YOR085W
ko:K12575	sce:YOR195W
ko:K12576	sce:YHR152W
ko:K10878	sce:YHL022C
ko:K05275	sce:YPR127W
ko:K12609	sce:YLR187W
ko:K01409	sce:YDL104C
ko:K01469	sce:YKL215C
ko:K01262	sce:YLL029W
ko:K13108	sce:YLR016C
ko:K09250	sce:YNL255C
ko:K13507	sce:YBL011W
ko:K00281	sce:YMR189W
ko:K00045	sce:YEL070W
ko:K13524	sce:YGR019W
ko:K12571	sce:YGL094C
ko:K12572	sce:YKL025C
ko:K08964	sce:YJR024C
ko:K08967	sce:YMR009W
ko:K12612	sce:YOL149W
ko:K12614	sce:YDL160C
ko:K12618	sce:YGL173C
ko:K12625	sce:YDR378C
ko:K12577	sce:YDR110W
ko:K12589	sce:YDL111C
ko:K12586	sce:YCR035C
ko:K12662	sce:YPR178W
ko:K12578	sce:YDR499W
ko:K12389	sce:YJL059W
ko:K12580	sce:YIL038C
ko:K12659	sce:YER069W
ko:K14017	sce:YIL016W
ko:K10276	sce:YER051W
ko:K14859	sce:YHR066W
ko:K09486	sce:YKL073W
ko:K10295	sce:YLR097C
ko:K14023	sce:YLR207W
ko:K14024	sce:YML029W
ko:K07874	sce:YFL038C
ko:K14016	sce:YGR048W
ko:K01958	sce:YGL062W
ko:K13830	sce:YDR127W
ko:K01792	sce:YMR099C
ko:K06133	sce:YGL154C
ko:K13509	sce:YDL052C
ko:K01958	sce:YBR218C
ko:K09580	sce:YDR518W
ko:K06210	sce:YGR010W
ko:K00381	sce:YJR137C
ko:K09584	sce:YOR288C
ko:K09554	sce:YDR168W
ko:K12261	sce:YEL020C
ko:K13953	sce:YBR145W
ko:K13519	sce:YOR175C
ko:K07566	sce:YGL169W
ko:K00915	sce:YDR173C
ko:K12826	sce:YDL043C
ko:K04739	sce:YIL033C
ko:K00004	sce:YAL060W
ko:K22485	sce:YPL128C
ko:K07905	sce:YGL210W
ko:K03544	sce:YBR227C
ko:K03671	sce:YLR043C
ko:K00063	sce:YBR149W
ko:K00062	sce:YMR041C
ko:K07953	sce:YPL218W
ko:K13989	sce:YBR201W
ko:K13989	sce:YDR411C
ko:K02952	sce:YNL081C
ko:K25004	sce:YGL125W
ko:K13719	sce:YFL044C
ko:K13721	sce:YKL157W
ko:K01230	sce:YLR057W
ko:K14022	sce:YMR264W
ko:K10088	sce:YDR057W
ko:K14001	sce:YOL031C
ko:K13953	sce:YMR083W
ko:K13996	sce:YIL005W
ko:K01663	sce:YBR248C
ko:K03448	sce:YCR028C
ko:K13993	sce:YDR171W
ko:K00121	sce:YDL168W
ko:K01011	sce:YOR251C
ko:K14290	sce:YGR218W
ko:K14050	sce:YJL031C
ko:K14301	sce:YDL116W
ko:K14307	sce:YGL172W
ko:K17900	sce:YCR068W
ko:K19833	sce:YOL113W
ko:K20366	sce:YML067C
ko:K18170	sce:YDR493W
ko:K01979	sce:YNCL0025C
ko:K01979	sce:YNCL0016C
ko:K03113	sce:YNL244C
ko:K15192	sce:YPL082C
ko:K00799	sce:YIR038C
ko:K14233	sce:YNCO0008W
ko:K15110	sce:YOR222W
ko:K19708	sce:YCR079W
ko:K14310	sce:YJL039C
ko:K14347	sce:YMR034C
ko:K00877	sce:YOL055C
ko:K13289	sce:YMR297W
ko:K01739	sce:YLL058W
ko:K01656	sce:YKL211C
ko:K13577	sce:YLR348C
ko:K01070	sce:YJL068C
ko:K14781	sce:YKL078W
ko:K00004	sce:YAL061W
ko:K13617	sce:YHR075C
ko:K03365	sce:YPR062W
ko:K14326	sce:YMR080C
ko:K14169	sce:YNL119W
ko:K14218	sce:YNCM0018C
ko:K14218	sce:YNCK0019W
ko:K14222	sce:YNCG0030C
ko:K14222	sce:YNCP0007C
ko:K14222	sce:YNCB0017C
ko:K14222	sce:YNCP0018C
ko:K14229	sce:YNCK0021W
ko:K14229	sce:YNCG0004W
ko:K14229	sce:YNCL0047W
ko:K14229	sce:YNCO0016W
ko:K14229	sce:YNCD0003W
ko:K14237	sce:YNCG0037W
ko:K14237	sce:YNCM0023C
ko:K14237	sce:YNCG0002C
ko:K14237	sce:YNCE0026W
ko:K14237	sce:YNCM0029C
ko:K14237	sce:YNCK0014W
ko:K14237	sce:YNCJ0015W
ko:K14237	sce:YNCG0018C
ko:K14237	sce:YNCH0002C
ko:K14237	sce:YNCL0036C
ko:K14237	sce:YNCK0011C
ko:K14237	sce:YNCM0021C
ko:K14237	sce:YNCE0023W
ko:K14237	sce:YNCO0021C
ko:K14224	sce:YNCG0016C
ko:K14224	sce:YNCG0022W
ko:K14224	sce:YNCJ0002C
ko:K14224	sce:YNCG0012W
ko:K14224	sce:YNCE0012W
ko:K14224	sce:YNCP0004C
ko:K14224	sce:YNCE0018W
ko:K14224	sce:YNCL0044W
ko:K14224	sce:YNCB0018W
ko:K14224	sce:YNCK0005C
ko:K14224	sce:YNCE0027C
ko:K14224	sce:YNCC0001C
ko:K14224	sce:YNCI0011W
ko:K14224	sce:YNCM0010W
ko:K14224	sce:YNCD0021C
ko:K14224	sce:YNCI0004W
ko:K14234	sce:tT_UGU_Q1
ko:K14234	sce:YNCH0015W
ko:K14234	sce:YNCG0027W
ko:K14234	sce:YNCP0016W
ko:K14234	sce:YNCG0046W
ko:K14237	sce:YNCB0011C
ko:K14237	sce:YNCD0007C
ko:K14218	sce:YNCD0004W
ko:K14218	sce:YNCM0035C
ko:K14218	sce:YNCK0008W
ko:K14218	sce:YNCL0035C
ko:K14218	sce:YNCG0034W
ko:K14218	sce:YNCF0011C
ko:K14218	sce:YNCP0022W
ko:K14218	sce:YNCH0006C
ko:K14218	sce:YNCJ0005C
ko:K14191	sce:YPL266W
ko:K15508	sce:YGL136C
ko:K14411	sce:YOL123W
ko:K15027	sce:YDR117C
ko:K14311	sce:YML103C
ko:K14288	sce:YKL205W
ko:K14297	sce:YMR047C
ko:K14225	sce:YNCG0039W
ko:K14225	sce:YNCJ0017C
ko:K14225	sce:YNCP0009W
ko:K14225	sce:YNCD0020W
ko:K14225	sce:YNCF0008C
ko:K14225	sce:YNCE0004C
ko:K14225	sce:YNCO0009W
ko:K14225	sce:YNCC0007C
ko:K14225	sce:YNCM0007C
ko:K14225	sce:YNCG0043C
ko:K14225	sce:YNCO0004C
ko:K14225	sce:YNCP0023W
ko:K14225	sce:YNCJ0024W
ko:K14225	sce:YNCF0006W
ko:K14225	sce:YNCD0001W
ko:K14225	sce:YNCB0005C
ko:K14289	sce:YDR335W
ko:K00877	sce:YPL258C
ko:K13288	sce:YLR059C
ko:K14209	sce:YNL101W
ko:K14264	sce:YJL060W
ko:K14376	sce:YKR002W
ko:K14849	sce:YDR087C
ko:K14817	sce:YFR001W
ko:K14408	sce:YMR061W
ko:K14405	sce:YJR093C
ko:K14399	sce:YOR250C
ko:K14224	sce:tE_UUC_Q
ko:K14284	sce:YPL169C
ko:K09291	sce:YIL149C
ko:K14213	sce:YFR006W
ko:K01982	sce:YNCL0012C
ko:K01982	sce:YNCL0021C
ko:K00830	sce:YFL030W
ko:K24348	sce:YBR273C
ko:K14327	sce:YHR077C
ko:K14404	sce:YPR107C
ko:K14298	sce:YER107C
ko:K09568	sce:YNL135C
ko:K14312	sce:YBL079W
ko:K13126	sce:YER165W
ko:K14154	sce:YPL214C
ko:K22063	sce:YLL027W
ko:K08150	sce:YDR497C
ko:K01982	sce:YNCI0012
ko:K08150	sce:YOL103W
ko:K14293	sce:YLR347C
ko:K14439	sce:YAL019W
ko:K15033	sce:YOL114C
ko:K14819	sce:YIR026C
ko:K14416	sce:YKR084C
ko:K14455	sce:YKL106W
ko:K14688	sce:YMR243C
ko:K19833	sce:YNL298W
ko:K13025	sce:YDR021W
ko:K01694	sce:YGL026C
ko:K02218	sce:YHR135C
ko:K14774	sce:YIL091C
ko:K14403	sce:YLR277C
ko:K14454	sce:YLR027C
ko:K14457	sce:YOR245C
ko:K00002	sce:YMR318C
ko:K14864	sce:YBR061C
ko:K14783	sce:YHR052W
ko:K14784	sce:YLR003C
ko:K14171	sce:YLR109W
ko:K14429	sce:YBR235W
ko:K14640	sce:YBR296C
ko:K14688	sce:YOR316C
ko:K14713	sce:YIL023C
ko:K14401	sce:YDR301W
ko:K14400	sce:YDR228C
ko:K08294	sce:YPL140C
ko:K14168	sce:YGL211W
ko:K14396	sce:YIR001C
ko:K14407	sce:YGL044C
ko:K10808	sce:YGR180C
ko:K14394	sce:YPR073C
ko:K14753	sce:YMR116C
ko:K14809	sce:YFL002C
ko:K14549	sce:YMR093W
ko:K15014	sce:YAL022C
ko:K14152	sce:YCL030C
ko:K14228	sce:YNCD0008W
ko:K14228	sce:YNCL0049C
ko:K14228	sce:YNCB0012W
ko:K14228	sce:YNCN0020C
ko:K14228	sce:YNCJ0021C
ko:K14228	sce:YNCB0001W
ko:K14228	sce:YNCK0004W
ko:K14227	sce:YNCD0015C
ko:K14227	sce:YNCG0033W
ko:K14227	sce:YNCI0005W
ko:K14227	sce:YNCN0012C
ko:K14227	sce:YNCP0024C
ko:K14227	sce:YNCL0051C
ko:K14227	sce:YNCP0020W
ko:K14227	sce:YNCL0038W
ko:K14227	sce:YNCN0015W
ko:K14227	sce:YNCI0003C
ko:K14227	sce:YNCE0025C
ko:K14227	sce:YNCE0029C
ko:K14227	sce:YNCB0004W
ko:K14235	sce:YNCK0010W
ko:K14227	sce:YNCD0017W
ko:K14236	sce:YNCD0018W
ko:K14236	sce:YNCM0037W
ko:K14236	sce:YNCO0010W
ko:K14236	sce:YNCM0006W
ko:K14236	sce:YNCJ0010W
ko:K14236	sce:YNCF0007W
ko:K14232	sce:YNCA0002W
ko:K14232	sce:YNCN0011W
ko:K14232	sce:YNCL0001W
ko:K14232	sce:YNCN0009W
ko:K14232	sce:YNCO0011W
ko:K14232	sce:YNCF0002W
ko:K14232	sce:YNCO0017W
ko:K14232	sce:YNCO0031W
ko:K14226	sce:YNCE0013W
ko:K14226	sce:YNCH0001W
ko:K14226	sce:YNCG0003C
ko:K14226	sce:YNCG0011W
ko:K14226	sce:YNCK0012C
ko:K14226	sce:YNCM0020W
ko:K14226	sce:YNCE0021C
ko:K14232	sce:YNCC0004C
ko:K14232	sce:YNCN0016C
ko:K14229	sce:YNCC0009C
ko:K14229	sce:YNCM0025C
ko:K14229	sce:YNCG0007C
ko:K14229	sce:YNCG0005W
ko:K14229	sce:YNCD0029C
ko:K14229	sce:YNCE0009C
ko:K14229	sce:YNCG0041W
ko:K14229	sce:YNCK0007W
ko:K14229	sce:YNCP0010W
ko:K14229	sce:YNCD0026W
ko:K14229	sce:YNCJ0018W
ko:K14229	sce:YNCE0022C
ko:K14229	sce:YNCI0007C
ko:K14229	sce:YNCF0014C
ko:K14315	sce:YML031W
ko:K14219	sce:YNCB0015W
ko:K14219	sce:YNCJ0011W
ko:K14219	sce:YNCG0017W
ko:K14219	sce:YNCE0010W
ko:K14219	sce:YNCM0033C
ko:K14219	sce:YNCG0032W
ko:K14219	sce:YNCJ0014C
ko:K14219	sce:YNCD0011W
ko:K14219	sce:YNCK0006C
ko:K14219	sce:YNCG0038C
ko:K14219	sce:YNCM0004C
ko:K14531	sce:YDR478W
ko:K14532	sce:YLR145W
ko:K14223	sce:YNCC0010C
ko:K14223	sce:YNCL0009C
ko:K14223	sce:YNCD0014C
ko:K14223	sce:YNCD0009W
ko:K14223	sce:YNCD0016C
ko:K14223	sce:YNCE0014W
ko:K14223	sce:YNCH0005W
ko:K14223	sce:YNCB0013W
ko:K14223	sce:YNCE0008C
ko:K14223	sce:YNCM0036C
ko:K14221	sce:YNCB0016W
ko:K14221	sce:YNCG0023C
ko:K14221	sce:YNCI0010C
ko:K14221	sce:YNCJ0013C
ko:K14221	sce:YNCL0040W
ko:K14221	sce:YNCJ0012W
ko:K14221	sce:YNCM0024W
ko:K14221	sce:YNCG0021W
ko:K14221	sce:YNCI0008C
ko:K14221	sce:YNCO0019W
ko:K14221	sce:YNCJ0026W
ko:K14221	sce:YNCD0012W
ko:K14221	sce:YNCL0008W
ko:K14221	sce:YNCJ0006W
ko:K14221	sce:YNCK0018C
ko:K14228	sce:YNCG0019W
ko:K14228	sce:YNCN0007W
ko:K14228	sce:YNCL0034W
ko:K14228	sce:YNCM0027W
ko:K14228	sce:YNCA0005W
ko:K14228	sce:YNCK0016W
ko:K14228	sce:YNCG0008W
ko:K14228	sce:YNCC0002W
ko:K14228	sce:YNCG0028W
ko:K09569	sce:YDR519W
ko:K14430	sce:YCR037C
ko:K14430	sce:YJL198W
ko:K14430	sce:YNR013C
ko:K14231	sce:YNCB0002W
ko:K14231	sce:YNCM0019W
ko:K14231	sce:YNCN0006W
ko:K14234	sce:YNCI0002W
ko:K14234	sce:YNCO0013C
ko:K14234	sce:YNCJ0001C
ko:K14234	sce:YNCC0014W
ko:K14234	sce:YNCN0004W
ko:K14234	sce:YNCH0003C
ko:K14234	sce:YNCD0005C
ko:K14234	sce:YNCI0009W
ko:K14234	sce:YNCB0007W
ko:K14234	sce:YNCO0002W
ko:K14234	sce:YNCN0010C
ko:K14218	sce:YNCA0004W
ko:K14218	sce:YNCG0036W
ko:K14218	sce:YNCL0004C
ko:K14218	sce:YNCO0029C
ko:K14218	sce:YNCE0016C
ko:K08293	sce:YPR054W
ko:K14571	sce:YLL034C
ko:K14573	sce:YPL043W
ko:K14575	sce:YLR397C
ko:K14650	sce:YPL011C
ko:K14775	sce:YKR060W
ko:K14553	sce:YJL069C
ko:K14803	sce:YBL056W
ko:K14803	sce:YER089C
ko:K15015	sce:YJR001W
ko:K14551	sce:YHR196W
ko:K14554	sce:YLR409C
ko:K13201	sce:YNL016W
ko:K22484	sce:YJR060W
ko:K14841	sce:YGL111W
ko:K14521	sce:YNL132W
ko:K14866	sce:YNCA0003W
ko:K14869	sce:YNCK0009W
ko:K14926	sce:YNCN0018W
ko:K14830	sce:YKL021C
ko:K14818	sce:YIR012W
ko:K14834	sce:YLR002C
ko:K14842	sce:YER126C
ko:K14838	sce:YNL110C
ko:K14961	sce:YAR003W
ko:K14796	sce:YMR269W
ko:K14797	sce:YBR247C
ko:K26122	sce:YLR320W
ko:K14829	sce:YNL182C
ko:K14826	sce:YLR449W
ko:K14826	sce:YML074C
ko:K14799	sce:YDL060W
ko:K15119	sce:YGR257C
ko:K15109	sce:YOR100C
ko:K15110	sce:YPL134C
ko:K15113	sce:YKR052C
ko:K15113	sce:YJL133W
ko:K14684	sce:YNL083W
ko:K15111	sce:YNL003C
ko:K15068	sce:YOR080W
ko:K14655	sce:YOL066C
ko:K15084	sce:YHR002W
ko:K14654	sce:YBR153W
ko:K24364	sce:YJR084W
ko:K18158	sce:YPR155C
ko:K15115	sce:YIL134W
ko:K13721	sce:YHR047C
ko:K03768	sce:YDR304C
ko:K14684	sce:YPR011C
ko:K15114	sce:YOR130C
ko:K12868	sce:YGR129W
ko:K01922	sce:YIL083C
ko:K13303	sce:YMR104C
ko:K14234	sce:YNCK0002C
ko:K14237	sce:YNCD0022C
ko:K14237	sce:YNCH0016C
ko:K14279	sce:YNCG0044C
ko:K14280	sce:YNCL0006W
ko:K00618	sce:YJL071W
ko:K14225	sce:YNCO0020C
ko:K14225	sce:YNCD0027C
ko:K14228	sce:YNCJ0029W
ko:K14228	sce:YNCL0037W
ko:K12488	sce:YDR524C
ko:K14219	sce:YNCD0013C
ko:K14219	sce:YNCE0028C
ko:K14219	sce:YNCO0012C
ko:K14219	sce:YNCL0007W
ko:K14219	sce:YNCK0017W
ko:K14219	sce:YNCJ0008W
ko:K14278	sce:YNCE0011C
ko:K14231	sce:tF_GAA_Q
ko:K14219	sce:YNCL0045W
ko:K14219	sce:YNCJ0025W
ko:K14896	sce:YNCP0014C
ko:K14262	sce:YBR281C
ko:K14263	sce:YDR428C
ko:K01183	sce:YDR371W
ko:K14233	sce:YNCE0005W
ko:K14233	sce:YNCD0006W
ko:K14233	sce:YNCG0025C
ko:K14233	sce:YNCA0006C
ko:K14233	sce:YNCD0019C
ko:K14233	sce:YNCB0006W
ko:K14233	sce:YNCL0002C
ko:K14233	sce:YNCH0004C
ko:K14233	sce:YNCJ0023C
ko:K14233	sce:YNCM0009C
ko:K14233	sce:YNCD0028W
ko:K14319	sce:YMR235C
ko:K14233	sce:YNCE0015C
ko:K14233	sce:YNCP0012W
ko:K14233	sce:YNCI0006W
ko:K14233	sce:YNCC0013W
ko:K14220	sce:YNCC0005W
ko:K14220	sce:YNCF0004C
ko:K14220	sce:YNCL0050C
ko:K14220	sce:YNCP0019W
ko:K14220	sce:YNCN0017W
ko:K14220	sce:YNCG0031W
ko:K14220	sce:YNCO0018W
ko:K14220	sce:YNCO0005W
ko:K14220	sce:YNCK0003W
ko:K14220	sce:YNCN0003W
ko:K14230	sce:YNCC0008W
ko:K14230	sce:YNCE0006W
ko:K14230	sce:YNCJ0022C
ko:K14230	sce:YNCO0023W
ko:K14230	sce:YNCP0006C
ko:K14309	sce:YFR002W
ko:K14299	sce:YGL100W
ko:K03267	sce:YDR172W
ko:K14793	sce:YPR137W
ko:K14804	sce:YGR081C
ko:K10365	sce:YIL034C
ko:K14786	sce:YNL308C
ko:K14789	sce:YDL213C
ko:K14792	sce:YMR229C
ko:K14794	sce:YPL012W
ko:K14795	sce:YOR287C
ko:K14913	sce:YNCO0014C
ko:K14915	sce:YNCO0027C
ko:K14916	sce:YNCH0012W
ko:K14721	sce:YKR025W
ko:K14791	sce:YLR196W
ko:K14785	sce:YNR054C
ko:K14787	sce:YPR112C
ko:K14860	sce:YOR252W
ko:K14880	sce:YNCM0005C
ko:K14881	sce:YNCL0042C
ko:K14885	sce:YNCP0003W
ko:K14887	sce:YNCL0041C
ko:K14890	sce:YNCK0001W
ko:K14891	sce:YNCC0011W
ko:K14893	sce:YNCE0002W
ko:K14894	sce:YNCI0001W
ko:K14898	sce:YNCM0017W
ko:K14901	sce:YNCM0014W
ko:K14903	sce:YNCM0012W
ko:K14905	sce:YNCL0005C
ko:K12946	sce:YJR010C-A
ko:K14776	sce:YJL033W
ko:K03671	sce:YCR083W
ko:K14848	sce:YMR131C
ko:K14853	sce:YPL193W
ko:K14865	sce:YNCJ0003C
ko:K14868	sce:YNCD0030W
ko:K14873	sce:YNCP0021W
ko:K14876	sce:YNCO0007W
ko:K14878	sce:YNCE0020C
ko:K14773	sce:YOR004W
ko:K14779	sce:YGL171W
ko:K14856	sce:YGR245C
ko:K14852	sce:YOR294W
ko:K14561	sce:YNL075W
ko:K14846	sce:YHR088W
ko:K14862	sce:YJR041C
ko:K14851	sce:YDR412W
ko:K14967	sce:YLR015W
ko:K10436	sce:YER016W
ko:K14968	sce:YDR469W
ko:K14969	sce:YBR258C
ko:K06269	sce:YDR436W
ko:K06269	sce:YML016C
ko:K14483	sce:YNCO0025W
ko:K14483	sce:YNCP0005C
ko:K14292	sce:YPL157W
ko:K14209	sce:YKL146W
ko:K14569	sce:YPL217C
ko:K14570	sce:YGR276C
ko:K14536	sce:YNL163C
ko:K14539	sce:YGL099W
ko:K14567	sce:YML093W
ko:K14568	sce:YLR186W
ko:K14528	sce:YBL018C
ko:K03676	sce:YCL035C
ko:K14566	sce:YDR339C
ko:K14559	sce:YJR002W
ko:K14825	sce:YAL007C
ko:K14825	sce:YOR016C
ko:K14541	sce:YBR208C
ko:K14543	sce:YKL186C
ko:K14805	sce:YBR142W
ko:K14808	sce:YDL031W
ko:K14813	sce:YDR101C
ko:K14832	sce:YDR060W
ko:K14821	sce:YLR074C
ko:K14642	sce:YER005W
ko:K14524	sce:YGR030C
ko:K14526	sce:YBR167C
ko:K14790	sce:YJL010C
ko:K14782	sce:YDR299W
ko:K14772	sce:YBL004W
ko:K14780	sce:YMR128W
ko:K14771	sce:YPR144C
ko:K14635	sce:YIR002C
ko:K14556	sce:YLR129W
ko:K10401	sce:YGL216W
ko:K14788	sce:YGR145W
ko:K14563	sce:YDL014W
ko:K11315	sce:YDR176W
ko:K15072	sce:YBR280C
ko:K15073	sce:YML088W
ko:K14557	sce:YDR449C
ko:K12471	sce:YLR206W
ko:K14558	sce:YCR057C
ko:K14960	sce:YPL138C
ko:K14300	sce:YKR082W
ko:K14798	sce:YKL143W
ko:K11095	sce:YLR298C
ko:K01598	sce:YKL088W
ko:K14800	sce:YLR435W
ko:K14801	sce:YOL022C
ko:K14950	sce:YEL031W
ko:K15078	sce:YBR228W
ko:K14715	sce:YOR079C
ko:K14560	sce:YHR148W
ko:K14768	sce:YER082C
ko:K14564	sce:YLR197W
ko:K14663	sce:YJR062C
ko:K14770	sce:YOR078W
ko:K14769	sce:YKL099C
ko:K14550	sce:YJL109C
ko:K15075	sce:YIL128W
ko:K14649	sce:YML114C
ko:K14767	sce:YDL153C
ko:K15115	sce:YIL006W
ko:K15115	sce:YEL006W
ko:K15117	sce:YKL120W
ko:K14544	sce:YGR090W
ko:K14547	sce:YGR128C
ko:K14552	sce:YPL126W
ko:K14555	sce:YLR222C
ko:K14962	sce:YKL018W
ko:K15080	sce:YAL027W
ko:K15081	sce:YBR158W
ko:K15079	sce:YLR135W
ko:K15077	sce:YNL230C
ko:K15083	sce:YBR114W
ko:K15082	sce:YJR052W
ko:K01522	sce:YDR305C
ko:K14644	sce:YCR045C
ko:K14548	sce:YDR324C
ko:K00547	sce:YPL273W
ko:K14565	sce:YOR310C
ko:K14679	sce:YJL087C
ko:K15053	sce:YJL049W
ko:K04728	sce:YBL088C
ko:K14546	sce:YDR398W
ko:K15138	sce:YBL093C
ko:K15150	sce:YNR010W
ko:K15154	sce:YDL005C
ko:K15155	sce:YGL025C
ko:K15165	sce:YDR443C
ko:K14766	sce:YDL148C
ko:K15305	sce:YLR386W
ko:K14763	sce:YNL124W
ko:K14778	sce:YHR169W
ko:K14676	sce:YML059C
ko:K14675	sce:YMR313C
ko:K14674	sce:YKR089C
ko:K15158	sce:YOL051W
ko:K15160	sce:YNL236W
ko:K15148	sce:YOL135C
ko:K15152	sce:YDR308C
ko:K15430	sce:YOL124C
ko:K15451	sce:YOL141W
ko:K15452	sce:YGL063W
ko:K15296	sce:YBL050W
ko:K15177	sce:YOR123C
ko:K15437	sce:YGL105W
ko:K15442	sce:YLR316C
ko:K07870	sce:YAL048C
ko:K15440	sce:YGL243W
ko:K15443	sce:YDR165W
ko:K15221	sce:YBL025W
ko:K15333	sce:YDL112W
ko:K15334	sce:YBL024W
ko:K15428	sce:YFR044C
ko:K15331	sce:YKR056W
ko:K11137	sce:YGR099W
ko:K10858	sce:YNL082W
ko:K15265	sce:YLR165C
ko:K15267	sce:YMR228W
ko:K15455	sce:YBL071W-A
ko:K15264	sce:YNL022C
ko:K15340	sce:YMR137C
ko:K15176	sce:YOL145C
ko:K15447	sce:YPL030W
ko:K15449	sce:YPL207W
ko:K15132	sce:YMR112C
ko:K15140	sce:YBR253W
ko:K15171	sce:YGR063C
ko:K14815	sce:YKL009W
ko:K14855	sce:YCR072C
ko:K14861	sce:YKL014C
ko:K14847	sce:YKR081C
ko:K19564	sce:YGL077C
ko:K14806	sce:YKR024C
ko:K14812	sce:YMR285C
ko:K14997	sce:YEL064C
ko:K15118	sce:YDL119C
ko:K14857	sce:YCL054W
ko:K14858	sce:YCR018C
ko:K14807	sce:YNR038W
ko:K14810	sce:YLR276C
ko:K15116	sce:YBR192W
ko:K14572	sce:YLR106C
ko:K14835	sce:YNL061W
ko:K14839	sce:YER002W
ko:K14845	sce:YGL246C
ko:K14574	sce:YLR022C
ko:K00799	sce:YNL229C
ko:K14802	sce:YAL026C
ko:K14837	sce:YOL041C
ko:K14850	sce:YDR083W
ko:K01127	sce:YJL132W
ko:K03233	sce:YGR201C
ko:K14729	sce:YKR009C
ko:K14777	sce:YHR065C
ko:K15105	sce:YPR021C
ko:K15109	sce:YBR104W
ko:K15109	sce:YPR058W
ko:K14537	sce:YNR053C
ko:K14708	sce:YBR294W
ko:K14709	sce:YLR130C
ko:K15100	sce:YBR291C
ko:K15100	sce:YJR095W
ko:K15102	sce:YER053C
ko:K15102	sce:YJR077C
ko:K15108	sce:YGR096W
ko:K14545	sce:YCL031C
ko:K14538	sce:YER006W
ko:K14708	sce:YLR092W
ko:K14811	sce:YGL078C
ko:K01101	sce:YDL236W
ko:K14843	sce:YGR103W
ko:K15070	sce:YLR368W
ko:K15071	sce:YJL204C
ko:K14758	sce:YPL204W
ko:K14833	sce:YOR206W
ko:K14836	sce:YOL144W
ko:K14840	sce:YPL146C
ko:K09184	sce:YJL110C
ko:K07213	sce:YNL259C
ko:K02201	sce:YGR277C
ko:K14764	sce:YIL104C
ko:K14765	sce:YER127W
ko:K14844	sce:YDR496C
ko:K14854	sce:YLR221C
ko:K14522	sce:YNL282W
ko:K14709	sce:YGL255W
ko:K12041	sce:YDR456W
ko:K18064	sce:YPR200C
ko:K15040	sce:YNL055C
ko:K14686	sce:YHR175W
ko:K14871	sce:YNCN0001W
ko:K14874	sce:YNCD0010C
ko:K14877	sce:YNCP0013C
ko:K14882	sce:YNCB0003W
ko:K14886	sce:YNCJ0009C
ko:K14888	sce:YNCO0015C
ko:K14892	sce:YNCN0014W
ko:K14900	sce:YNCM0015W
ko:K14902	sce:YNCM0013W
ko:K08876	sce:YOR112W
ko:K17773	sce:YPR133W-A
ko:K14823	sce:YKL172W
ko:K14827	sce:YHR085W
ko:K14820	sce:YOL077C
ko:K14831	sce:YAL025C
ko:K14822	sce:YGL029W
ko:K14828	sce:YHR197W
ko:K14859	sce:YDR312W
ko:K14863	sce:YOR272W
ko:K14816	sce:YBR267W
ko:K14814	sce:YJL122W
ko:K14816	sce:YLR387C
ko:K14824	sce:YMR049C
ko:K15026	sce:YGR054W
ko:K15271	sce:YGL251C
ko:K15304	sce:YIL063C
ko:K15255	sce:YHR031C
ko:K04709	sce:YKL008C
ko:K15202	sce:YBR123C
ko:K15198	sce:YNL039W
ko:K15207	sce:YPL007C
ko:K15201	sce:YGR047C
ko:K15204	sce:YAL001C
ko:K15220	sce:YMR270C
ko:K03686	sce:YFL016C
ko:K15356	sce:YER039C
ko:K15356	sce:YGL225W
ko:K15435	sce:YGR247W
ko:K15441	sce:YJL035C
ko:K15445	sce:YOL093W
ko:K15444	sce:YML014W
ko:K15364	sce:YPL024W
ko:K03327	sce:YHR032W
ko:K15136	sce:YGR104C
ko:K15172	sce:YML010W
ko:K15427	sce:YDL047W
ko:K15436	sce:YOR160W
ko:K02208	sce:YPL042C
ko:K15564	sce:YJL006C
ko:K15565	sce:YML112W
ko:K15728	sce:YMR165C
ko:K15732	sce:YMR277W
ko:K15456	sce:YKL110C
ko:K15462	sce:YAL020C
ko:K14407	sce:YGR156W
ko:K06100	sce:YAL043C
ko:K15193	sce:YER161C
ko:K15206	sce:YOR110W
ko:K15206	sce:YNL108C
ko:K15562	sce:YPR161C
ko:K15205	sce:YDR362C
ko:K15326	sce:YPL083C
ko:K15147	sce:YGL151W
ko:K15153	sce:YGL127C
ko:K08968	sce:YKL069W
ko:K15196	sce:YGR246C
ko:K15151	sce:YPR168W
ko:K15178	sce:YGL244W
ko:K15163	sce:YCR081W
ko:K15161	sce:YNL025C
ko:K15175	sce:YLR418C
ko:K05658	sce:YKL209C
ko:K15255	sce:YML061C
ko:K01834	sce:YOL056W
ko:K06176	sce:YOR243C
ko:K22315	sce:YKR043C
ko:K15559	sce:YDR289C
ko:K15563	sce:YLR226W
ko:K15560	sce:YNL251C
ko:K15561	sce:YPL190C
ko:K00227	sce:YLR056W
ko:K15731	sce:YLR019W
ko:K15731	sce:YLL010C
ko:K10524	sce:YNL129W
ko:K15289	sce:YML018C
ko:K15289	sce:YDR438W
ko:K15620	sce:YDR372C
ko:K15283	sce:YJL193W
ko:K14402	sce:YLR115W
ko:K05605	sce:YDR036C
ko:K04518	sce:YNL316C
ko:K11339	sce:YPR023C
ko:K15146	sce:YOR174W
ko:K15156	sce:YLR071C
ko:K15505	sce:YLR032W
ko:K15457	sce:YFR040W
ko:K15458	sce:YJL098W
ko:K15174	sce:YBR279W
ko:K15446	sce:YOL125W
ko:K15450	sce:YGL050W
ko:K15453	sce:YGR169C
ko:K15454	sce:YDL036C
ko:K15275	sce:YPL244C
ko:K15448	sce:YNR046W
ko:K15130	sce:YBR193C
ko:K15134	sce:YER022W
ko:K15145	sce:YPR070W
ko:K14403	sce:YOR179C
ko:K15859	sce:YHR206W
ko:K15507	sce:YOR201C
ko:K01549	sce:YDR322C-A
ko:K00459	sce:YJR149W
ko:K15217	sce:YLR141W
ko:K15218	sce:YBL014C
ko:K15222	sce:YML043C
ko:K15223	sce:YMR233W
ko:K15223	sce:YOR295W
ko:K15429	sce:YHR070W
ko:K15219	sce:YJL025W
ko:K15216	sce:YKL125W
ko:K03327	sce:YDR338C
ko:K15414	sce:YIL070C
ko:K15262	sce:YDR361C
ko:K15628	sce:YPL147W
ko:K15710	sce:YLR247C
ko:K15371	sce:YDL215C
ko:K15628	sce:YKL188C
ko:K15263	sce:YCR087C-A
ko:K06030	sce:YBR179C
ko:K15280	sce:YML038C
ko:K15541	sce:YKL059C
ko:K15542	sce:YNL317W
ko:K15278	sce:YEL004W
ko:K15128	sce:YHR058C
ko:K15458	sce:YKR028W
ko:K15463	sce:YMR283C
ko:K15901	sce:YML036W
ko:K15902	sce:YKR095W-A
ko:K18097	sce:YOR120W
ko:K15903	sce:YJL184W
ko:K15908	sce:YKL204W
ko:K17769	sce:YNL131W
ko:K03320	sce:YNL142W
ko:K24104	sce:YLR243W
ko:K15918	sce:YGR205W
ko:K18664	sce:YGR271W
ko:K03320	sce:YGR121C
ko:K13239	sce:YLR284C
ko:K07513	sce:YIL160C
ko:K00045	sce:YNR073C
ko:K11121	sce:YDR191W
ko:K11121	sce:YOR025W
ko:K01689	sce:YPL281C
ko:K01240	sce:YDR400W
ko:K05857	sce:YPL268W
ko:K18932	sce:YOL003C
ko:K03320	sce:YPR138C
ko:K18932	sce:YDR459C
ko:K16075	sce:YOR334W
ko:K16075	sce:YPL060W
ko:K08853	sce:YIL095W
ko:K16055	sce:YDR074W
ko:K01519	sce:YJR069C
ko:K21456	sce:YOL049W
ko:K16073	sce:YOL130W
ko:K16073	sce:YKL064W
ko:K16073	sce:YFL050C
ko:K16066	sce:YMR226C
ko:K00645	sce:YOR221C
ko:K05310	sce:YJL062W
ko:K03283	sce:YNL209W
ko:K07827	sce:YNL098C
ko:K03321	sce:YGR125W
ko:K12158	sce:YDR139C
ko:K16261	sce:YDR160W
ko:K16261	sce:YDR508C
ko:K07836	sce:YGR152C
ko:K19307	sce:YIL096C
ko:K13303	sce:YKL126W
ko:K13289	sce:YBR139W
ko:K16219	sce:YBR261C
ko:K07208	sce:YCR027C
ko:K16261	sce:YBR068C
ko:K16261	sce:YBR069C
ko:K16261	sce:YBR132C
ko:K16261	sce:YEL063C
ko:K16185	sce:YML121W
ko:K16186	sce:YGR163W
ko:K16569	sce:YHR172W
ko:K16570	sce:YNL126W
ko:K16466	sce:YOR257W
ko:K16261	sce:YCL025C
ko:K16369	sce:YGR157W
ko:K16302	sce:YOL060C
ko:K16365	sce:YOR007C
ko:K16368	sce:YOR311C
ko:K07901	sce:YFL005W
ko:K19030	sce:YLR345W
ko:K12828	sce:YMR288W
ko:K14692	sce:YDR205W
ko:K08853	sce:YNL020C
ko:K16230	sce:YFL031W
ko:K12587	sce:YGR158C
ko:K16261	sce:YFL055W
ko:K16261	sce:YGR191W
ko:K16261	sce:YKR039W
ko:K16261	sce:YLL061W
ko:K16261	sce:YNL268W
ko:K16261	sce:YNL270C
ko:K16261	sce:YOL020W
ko:K16261	sce:YOR348C
ko:K16261	sce:YPL265W
ko:K16261	sce:YPL274W
ko:K16196	sce:YDR283C
ko:K16315	sce:YBL009W
ko:K07238	sce:YKL175W
ko:K02906	sce:YGR220C
ko:K14225	sce:YNCG0035W
ko:K14225	sce:YNCO0001C
ko:K14225	sce:YNCN0002C
ko:K16794	sce:YOR269W
ko:K24394	sce:YLR045C
ko:K02876	sce:YNL284C
ko:K02867	sce:YNL185C
ko:K02864	sce:YDL202W
ko:K02931	sce:YDR237W
ko:K02933	sce:YHR147C
ko:K02926	sce:YML025C
ko:K16833	sce:YMR311C
ko:K02902	sce:YMR193W
ko:K02892	sce:YDR405W
ko:K17783	sce:YGR029W
ko:K17804	sce:YIL022W
ko:K17784	sce:YCL057C-A
ko:K09448	sce:YBR083W
ko:K02950	sce:YNR036C
ko:K02956	sce:YDR337W
ko:K02996	sce:YBR146W
ko:K02990	sce:YKL003C
ko:K02946	sce:YDR041W
ko:K02963	sce:YER050C
ko:K02992	sce:YJR113C
ko:K02961	sce:YMR188C
ko:K02948	sce:YNL306W
ko:K02959	sce:YPL013C
ko:K02954	sce:YPR166C
ko:K02935	sce:YGL068W
ko:K02919	sce:YPL183W-A
ko:K02914	sce:YDR115W
ko:K02911	sce:YCR003W
ko:K16732	sce:YOR058C
ko:K04569	sce:YMR038C
ko:K20353	sce:YPL085W
ko:K08794	sce:YOL016C
ko:K14218	sce:tA_UGC_Q
ko:K17053	sce:YOR239W
ko:K16946	sce:YDL225W
ko:K23802	sce:YPR045C
ko:K14233	sce:tS_UGA_Q2
ko:K04536	sce:YOR212W
ko:K08870	sce:YGR080W
ko:K14221	sce:YNCN0008C
ko:K14226	sce:tH_GUG_Q
ko:K14229	sce:tK_UUU_Q
ko:K14219	sce:tR_UCU_Q1
ko:K14227	sce:tI_GAU_Q
ko:K14232	sce:tP_UGG_Q
ko:K14230	sce:tM_CAU_Q2
ko:K14233	sce:YNCL0039W
ko:K16912	sce:YKR063C
ko:K16947	sce:YDR218C
ko:K18658	sce:YKL185W
ko:K14230	sce:YNCD0025W
ko:K14230	sce:YNCJ0020W
ko:K14230	sce:YNCM0028C
ko:K14230	sce:YNCO0030W
ko:K14230	sce:YNCJ0016C
ko:K18655	sce:YOR046C
ko:K01501	sce:YIL164C
ko:K23801	sce:YOL072W
ko:K14225	sce:tG_UCC_Q
ko:K05012	sce:YJR040W
ko:K16938	sce:YCR002C
ko:K14228	sce:tL_UAA_Q
ko:K14223	sce:tQ_UUG_Q
ko:K14230	sce:tM_CAU_Q1
ko:K14236	sce:tY_GUA_Q
ko:K14233	sce:tS_GCU_Q1
ko:K08711	sce:YOR328W
ko:K14237	sce:tV_UAC_Q
ko:K12077	sce:YIL042C
ko:K14220	sce:tN_GUU_Q
ko:K16948	sce:YHR107C
ko:K14222	sce:tC_GCA_Q
ko:K14219	sce:tR_ACG_Q2
ko:K14221	sce:tD_GUC_Q
ko:K16944	sce:YLR314C
ko:K16945	sce:YJR076C
ko:K00988	sce:YCL050C
ko:K04706	sce:YDR409W
ko:K17081	sce:YGR231C
ko:K19953	sce:YNL293W
ko:K19953	sce:YOL112W
ko:K04513	sce:YPR165W
ko:K17086	sce:YDR107C
ko:K17086	sce:YLR083C
ko:K08518	sce:YBL106C
ko:K08518	sce:YPR032W
ko:K23563	sce:YJR088C
ko:K17415	sce:YBL090W
ko:K17417	sce:YFR049W
ko:K17278	sce:YPL170W
ko:K17103	sce:YER026C
ko:K17424	sce:YPR100W
ko:K17430	sce:YCR071C
ko:K14238	sce:tW_UCA_Q
ko:K15423	sce:YDR075W
ko:K07937	sce:YDL192W
ko:K07937	sce:YDL137W
ko:K19308	sce:YLR063W
ko:K14328	sce:YGR072W
ko:K17427	sce:YNL252C
ko:K17450	sce:YJL200C
ko:K17421	sce:YDR462W
ko:K02895	sce:YPL173W
ko:K17279	sce:YPR028W
ko:K17402	sce:YIL093C
ko:K17714	sce:YMR060C
ko:K17065	sce:YLL001W
ko:K17292	sce:YOR265W
ko:K07827	sce:YOR101W
ko:K07277	sce:YNL026W
ko:K04630	sce:YER020W
ko:K17255	sce:YER136W
ko:K07889	sce:YKR014C
ko:K17080	sce:YGR132C
ko:K07893	sce:YLR262C
ko:K17260	sce:YDL029W
ko:K17301	sce:YDR238C
ko:K17261	sce:YNL138W
ko:K17262	sce:YNL148C
ko:K17302	sce:YGL137W
ko:K12399	sce:YJL024C
ko:K14304	sce:YJR042W
ko:K24139	sce:YNL095C
ko:K24139	sce:YLR152C
ko:K17268	sce:YIL076W
ko:K17086	sce:YER113C
ko:K08794	sce:YFR014C
ko:K18443	sce:YEL022W
ko:K17422	sce:YBR282W
ko:K14007	sce:YHR098C
ko:K07941	sce:YOR094W
ko:K17069	sce:YLR303W
ko:K17413	sce:YDR175C
ko:K17428	sce:YLR439W
ko:K17408	sce:YGL129C
ko:K17440	sce:YKL167C
ko:K17434	sce:YMR225C
ko:K17439	sce:YDR322W
ko:K17438	sce:YGR076C
ko:K17437	sce:YLR312W-A
ko:K17607	sce:YPR040W
ko:K17496	sce:YPL063W
ko:K12351	sce:YER019W
ko:K17617	sce:YHR004C
ko:K17715	sce:YHR083W
ko:K07297	sce:YOL002C
ko:K07297	sce:YDR492W
ko:K07297	sce:YOL101C
ko:K07297	sce:YLR023C
ko:K12825	sce:YJL203W
ko:K15040	sce:YIL114C
ko:K17619	sce:YER134C
ko:K17615	sce:YNR032W
ko:K17686	sce:YDR270W
ko:K17491	sce:YNL201C
ko:K17553	sce:YFR003C
ko:K17600	sce:YDR027C
ko:K17550	sce:YKL193C
ko:K17497	sce:YFL045C
ko:K17663	sce:YBR120C
ko:K17666	sce:YGR222W
ko:K17670	sce:YNR045W
ko:K17675	sce:YPL029W
ko:K04508	sce:YBR103W
ko:K17508	sce:YHR076W
ko:K11293	sce:YOR038C
ko:K17583	sce:YLR336C
ko:K17623	sce:YKL033W-A
ko:K10356	sce:YKL129C
ko:K10356	sce:YMR109W
ko:K12837	sce:YKL074C
ko:K17605	sce:YIL153W
ko:K17605	sce:YPL152W
ko:K17657	sce:YIR021W
ko:K17671	sce:YMR064W
ko:K17676	sce:YKL011C
ko:K13099	sce:YHR156C
ko:K01238	sce:YKR042W
ko:K01102	sce:YOR090C
ko:K12481	sce:YDR323C
ko:K06269	sce:YPL179W
ko:K14306	sce:YJL041W
ko:K17498	sce:YPR133C
ko:K17541	sce:YGL083W
ko:K11493	sce:YGL097W
ko:K14651	sce:YDR432W
ko:K17679	sce:YDR194C
ko:K17667	sce:YMR257C
ko:K17669	sce:YLR067C
ko:K17637	sce:YDR166C
ko:K17656	sce:YLR203C
ko:K17660	sce:YJL209W
ko:K17661	sce:YHL038C
ko:K17662	sce:YPL215W
ko:K17665	sce:YDR197W
ko:K17668	sce:YER153C
ko:K17664	sce:YDL069C
ko:K17672	sce:YMR282C
ko:K17673	sce:YDR350C
ko:K17674	sce:YMR066W
ko:K10357	sce:YOR326W
ko:K10357	sce:YAL029C
ko:K17677	sce:YDR332W
ko:K17678	sce:YGL064C
ko:K19830	sce:YER123W
ko:K17782	sce:YKL195W
ko:K17741	sce:YOL151W
ko:K17822	sce:YLR128W
ko:K17791	sce:YOR297C
ko:K17764	sce:YLL006W
ko:K17866	sce:YKL191W
ko:K17868	sce:YBR246W
ko:K17757	sce:YKL151C
ko:K17867	sce:YJR097W
ko:K17805	sce:YJL104W
ko:K17806	sce:YKR065C
ko:K17807	sce:YGR046W
ko:K14231	sce:YNCG0020C
ko:K14231	sce:YNCH0009C
ko:K14231	sce:YNCP0008C
ko:K14228	sce:YNCL0032C
ko:K14232	sce:YNCH0013C
ko:K14232	sce:YNCM0008C
ko:K14227	sce:YNCL0033C
ko:K17765	sce:YOL009C
ko:K17743	sce:YHR104W
ko:K01238	sce:YNL066W
ko:K17774	sce:YAL010C
ko:K17775	sce:YGL219C
ko:K17799	sce:YOR266W
ko:K17781	sce:YGR181W
ko:K17778	sce:YHR005C-A
ko:K17802	sce:YEL059C-A
ko:K17803	sce:YDR316W
ko:K17786	sce:YGR235C
ko:K17787	sce:YBR262C
ko:K17788	sce:YFR011C
ko:K17789	sce:YNL100W
ko:K17785	sce:YKR016W
ko:K17790	sce:YDL217C
ko:K17792	sce:YJL054W
ko:K17793	sce:YBR091C
ko:K17794	sce:YNR017W
ko:K17795	sce:YJL143W
ko:K17796	sce:YGR033C
ko:K17797	sce:YGR062C
ko:K17798	sce:YDL107W
ko:K17801	sce:YBR185C
ko:K17771	sce:YNL070W
ko:K17808	sce:YNL310C
ko:K07561	sce:YIL103W
ko:K03099	sce:YLR310C
ko:K17772	sce:YOR045W
ko:K17732	sce:YLR163C
ko:K17768	sce:YNL121C
ko:K17770	sce:YGR082W
ko:K17815	sce:YBR163W
ko:K17777	sce:YEL020W-A
ko:K17780	sce:YJR135W-A
ko:K17759	sce:YNL200C
ko:K17800	sce:YOL027C
ko:K12580	sce:YPR072W
ko:K01409	sce:YKR038C
ko:K18044	sce:YNL056W
ko:K19487	sce:YLR403W
ko:K12396	sce:YPL195W
ko:K12398	sce:YBR288C
ko:K18155	sce:YPL005W
ko:K03506	sce:YJL065C
ko:K18156	sce:YNR020C
ko:K17917	sce:YOR069W
ko:K17891	sce:YPR037C
ko:K17974	sce:YJR091C
ko:K17983	sce:YDR393W
ko:K12404	sce:YHR108W
ko:K11826	sce:YOL062C
ko:K12397	sce:YGR261C
ko:K17945	sce:YIL138C
ko:K17922	sce:YMR004W
ko:K17971	sce:YIL159W
ko:K18045	sce:YNL032W
ko:K18046	sce:YDR067C
ko:K17878	sce:YLR285W
ko:K17944	sce:YLL013C
ko:K17906	sce:YNL242W
ko:K17908	sce:YFR021W
ko:K17945	sce:YNL079C
ko:K17989	sce:YCL064C
ko:K17970	sce:YJL112W
ko:K17970	sce:YKR036C
ko:K17887	sce:YML104C
ko:K04459	sce:YBR276C
ko:K18172	sce:YBL059C-A
ko:K18174	sce:YPL189C-A
ko:K18203	sce:YDR435C
ko:K18183	sce:YLL018C-A
ko:K18187	sce:YDR079W
ko:K18179	sce:YMR244C-A
ko:K18191	sce:YIL098C
ko:K18185	sce:YHR116W
ko:K17968	sce:YKL053C-A
ko:K17977	sce:YNL304W
ko:K17976	sce:YLR190W
ko:K02619	sce:YMR289W
ko:K17978	sce:YDR150W
ko:K22589	sce:YKL218C
ko:K17979	sce:YHR194W
ko:K17980	sce:YOR147W
ko:K17907	sce:YDL149W
ko:K17984	sce:YIL146C
ko:K17909	sce:YLR431C
ko:K17918	sce:YOR357C
ko:K17919	sce:YJL036W
ko:K17967	sce:YDR470C
ko:K17969	sce:YIL065C
ko:K17972	sce:YPR131C
ko:K17973	sce:YOL076W
ko:K09043	sce:YPR199C
ko:K18173	sce:YIL157C
ko:K18184	sce:YDR231C
ko:K14998	sce:YGR112W
ko:K18168	sce:YOL071W
ko:K18171	sce:YKL137W
ko:K18176	sce:YJL062W-A
ko:K18177	sce:YLR218C
ko:K18178	sce:YJR034W
ko:K18181	sce:YML129C
ko:K18182	sce:YJL003W
ko:K18188	sce:YER058W
ko:K18192	sce:YLR393W
ko:K18278	sce:YNL332W
ko:K10750	sce:YPR018W
ko:K10080	sce:YLR080W
ko:K18278	sce:YJR156C
ko:K18278	sce:YDL244W
ko:K18693	sce:YDR284C
ko:K22913	sce:YNL325C
ko:K18278	sce:YFL058W
ko:K18327	sce:YOL080C
ko:K18342	sce:YHL013C
ko:K18423	sce:YGL238W
ko:K10080	sce:YFL048C
ko:K22239	sce:YLR408C
ko:K22240	sce:YDR357C
ko:K19525	sce:YLL040C
ko:K22483	sce:YDR174W
ko:K20457	sce:YKL132C
ko:K22587	sce:YOR180C
ko:K01052	sce:YKL140W
ko:K01649	sce:YOR108W
ko:K00931	sce:YHR033W
ko:K12236	sce:YNL023C
ko:K18467	sce:YHR012W
ko:K18477	sce:YDR465C
ko:K18442	sce:YDR170C
ko:K18469	sce:YJL044C
ko:K00844	sce:YDR516C
ko:K11262	sce:YMR207C
ko:K18466	sce:YJL053W
ko:K18468	sce:YJL154C
ko:K18551	sce:YGL224C
ko:K18561	sce:YJR051W
ko:K14308	sce:YGR119C
ko:K14303	sce:YKL057C
ko:K18588	sce:YOL008W
ko:K18550	sce:YOR155C
ko:K18561	sce:YEL047C
ko:K18573	sce:YER078C
ko:K18532	sce:YDL166C
ko:K16575	sce:YHR129C
ko:K18584	sce:YJR065C
ko:K18599	sce:YMR294W
ko:K04648	sce:YPL174C
ko:K14297	sce:YKL068W
ko:K18600	sce:YLL049W
ko:K13886	sce:YLR429W
ko:K18586	sce:YDR204W
ko:K18587	sce:YLR201C
ko:K01094	sce:YHR100C
ko:K18637	sce:YIL140W
ko:K18638	sce:YNL233W
ko:K18639	sce:YCL024W
ko:K14312	sce:YER105C
ko:K15292	sce:YDR164C
ko:K14233	sce:YNCD0024C
ko:K18670	sce:YJL141C
ko:K18694	sce:YPL206C
ko:K18717	sce:YDL088C
ko:K18723	sce:YDL207W
ko:K18757	sce:YCL037C
ko:K18716	sce:YDR192C
ko:K18725	sce:YMR129W
ko:K18726	sce:YDL091C
ko:K24139	sce:YOR092W
ko:K18712	sce:YDR138W
ko:K18713	sce:YHR167W
ko:K18714	sce:YML062C
ko:K18720	sce:YGL092W
ko:K18738	sce:YBL032W
ko:K21797	sce:YKL212W
ko:K18749	sce:YPR129W
ko:K07766	sce:YOR163W
ko:K18724	sce:YLR018C
ko:K18715	sce:YIL115C
ko:K14313	sce:YMR153W
ko:K18718	sce:YAR002W
ko:K18719	sce:YJL061W
ko:K18721	sce:YOR098C
ko:K18722	sce:YLR335W
ko:K18759	sce:YER035W
ko:K18759	sce:YGL222C
ko:K18731	sce:YMR255W
ko:K18732	sce:YER063W
ko:K18736	sce:YKL130C
ko:K18737	sce:YBR130C
ko:K18730	sce:YBR172C
ko:K18730	sce:YPL105C
ko:K18748	sce:YDR293C
ko:K18624	sce:YIL097W
ko:K00858	sce:YJR049C
ko:K18696	sce:YPL110C
ko:K20794	sce:YMR069W
ko:K21671	sce:YNL199C
ko:K21628	sce:YOR066W
ko:K18852	sce:YPR193C
ko:K03457	sce:YLR237W
ko:K18914	sce:YDR376W
ko:K10747	sce:YDL164C
ko:K21544	sce:YPL230W
ko:K21543	sce:YNL027W
ko:K22991	sce:YGR223C
ko:K18798	sce:YEL052W
ko:K18804	sce:YHR109W
ko:K09510	sce:YNL007C
ko:K20824	sce:YCR020C-A
ko:K18849	sce:YBR141C
ko:K20827	sce:YDR066C
ko:K20827	sce:YER139C
ko:K18803	sce:YIL110W
ko:K20826	sce:YDR527W
ko:K18802	sce:YNL191W
ko:K01673	sce:YNL036W
ko:K03426	sce:YGL067W
ko:K18852	sce:YEL066W
ko:K23039	sce:YGL122C
ko:K00844	sce:YLR446W
ko:K17435	sce:YBR268W
ko:K19001	sce:YFR038W
ko:K19054	sce:YDL120W
ko:K00326	sce:YML125C
ko:K00128	sce:YMR110C
ko:K00547	sce:YLL062C
ko:K11654	sce:YBR245C
ko:K11654	sce:YOR304W
ko:K00624	sce:YER024W
ko:K05925	sce:YGL192W
ko:K19029	sce:YJL155C
ko:K20791	sce:YHR013C
ko:K00750	sce:YKR058W
ko:K00750	sce:YJL137C
ko:K14007	sce:YNL049C
ko:K14003	sce:YCR067C
ko:K00128	sce:YMR169C
ko:K07305	sce:YCL033C
ko:K01724	sce:YHL018W
ko:K19177	sce:YDL193W
ko:K06215	sce:YNL333W
ko:K23562	sce:YCL045C
ko:K19202	sce:YMR263W
ko:K00059	sce:YKL055C
ko:K25577	sce:YBR270C
ko:K26935	sce:YNL323W
ko:K11446	sce:YJR119C
ko:K19245	sce:YLL057C
ko:K19386	sce:YPL188W
ko:K01180	sce:YNR067C
ko:K01180	sce:YLR144C
ko:K12472	sce:YBL047C
ko:K03768	sce:YHR057C
ko:K06657	sce:YDL179W
ko:K09173	sce:YLR176C
ko:K19323	sce:YCR054C
ko:K19476	sce:YNL265C
ko:K17275	sce:YDR129C
ko:K16261	sce:YDR046C
ko:K19306	sce:YCR047C
ko:K12471	sce:YDL161W
ko:K24114	sce:YPL219W
ko:K24114	sce:YGL134W
ko:K24113	sce:YIL050W
ko:K24113	sce:YER059W
ko:K16315	sce:YGL021W
ko:K06695	sce:YGL033W
ko:K00683	sce:YFR018C
ko:K15100	sce:YFR045W
ko:K01336	sce:YOR003W
ko:K12471	sce:YJR125C
ko:K19589	sce:YDR140W
ko:K10396	sce:YKL079W
ko:K23567	sce:YLL014W
ko:K07905	sce:YER031C
ko:K12562	sce:YDR388W
ko:K18443	sce:YJR031C
ko:K07889	sce:YOR089C
ko:K14003	sce:YNR026C
ko:K17267	sce:YNL287W
ko:K19565	sce:YNR056C
ko:K21631	sce:YEL007W
ko:K19717	sce:YLR356W
ko:K19718	sce:YNR051C
ko:K19703	sce:YMR272C
ko:K19704	sce:YDL006W
ko:K01238	sce:YIL123W
ko:K19705	sce:YBR125C
ko:K19782	sce:YMR287C
ko:K14231	sce:YNCD0023C
ko:K14231	sce:YNCF0005C
ko:K14231	sce:YNCH0010C
ko:K14231	sce:YNCP0011C
ko:K14229	sce:YNCP0017C
ko:K14229	sce:YNCG0029C
ko:K14228	sce:YNCD0031C
ko:K14228	sce:YNCG0040C
ko:K14233	sce:YNCF0009C
ko:K14236	sce:YNCF0012C
ko:K14236	sce:YNCJ0027C
ko:K14235	sce:YNCG0009C
ko:K14235	sce:YNCJ0019C
ko:K14235	sce:YNCP0001C
ko:K14235	sce:YNCM0022C
ko:K14235	sce:YNCG0042C
ko:K19770	sce:YPR170W-B
ko:K07243	sce:YBR207W
ko:K19792	sce:YMR319C
ko:K19791	sce:YMR058W
ko:K20241	sce:YMR102C
ko:K19791	sce:YFL041W
ko:K19787	sce:YNL092W
ko:K06035	sce:YFL061W
ko:K06035	sce:YNL335W
ko:K19788	sce:YBR025C
ko:K19783	sce:YKL017C
ko:K19781	sce:YOL095C
ko:K19788	sce:YHL014C
ko:K01054	sce:YKL094W
ko:K19785	sce:YCL047C
ko:K19786	sce:YDR315C
ko:K19829	sce:YOR205C
ko:K06276	sce:YDR466W
ko:K19839	sce:YOR127W
ko:K19839	sce:YDR379W
ko:K19841	sce:YCL032W
ko:K19842	sce:YLR371W
ko:K07101	sce:YJR133W
ko:K19842	sce:YGR070W
ko:K19843	sce:YLR425W
ko:K19852	sce:YDR122W
ko:K19852	sce:YLR096W
ko:K19800	sce:YHR205W
ko:K19836	sce:YDR399W
ko:K19844	sce:YER155C
ko:K19845	sce:YDR389W
ko:K19846	sce:YLL021W
ko:K19847	sce:YKL161C
ko:K19848	sce:YDR420W
ko:K19849	sce:YGR014W
ko:K19799	sce:YER169W
ko:K19798	sce:YDR096W
ko:K19838	sce:YLR452C
ko:K19840	sce:YPL115C
ko:K19850	sce:YPR075C
ko:K19851	sce:YIR019C
ko:K03695	sce:YLL026W
ko:K19801	sce:YNL267W
ko:K00275	sce:YGR017W
ko:K19806	sce:YER075C
ko:K19860	sce:YHR005C
ko:K19808	sce:YMR042W
ko:K19806	sce:YOR208W
ko:K19807	sce:YBR182C
ko:K19828	sce:YMR097C
ko:K22496	sce:YPR065W
ko:K19812	sce:YIL113W
ko:K19815	sce:YMR172W
ko:K19816	sce:YMR164C
ko:K11245	sce:YGR023W
ko:K06276	sce:YDR490C
ko:K06276	sce:YOL100W
ko:K19881	sce:YMR237W
ko:K19877	sce:YLR330W
ko:K19898	sce:YJR004C
ko:K19986	sce:YBR102C
ko:K06110	sce:YIL068C
ko:K19992	sce:YNR049C
ko:K01182	sce:YGR287C
ko:K01182	sce:YOL157C
ko:K01182	sce:YIL172C
ko:K01182	sce:YJL221C
ko:K01182	sce:YBR299W
ko:K01182	sce:YGR292W
ko:K01182	sce:YJL216C
ko:K19983	sce:YER008C
ko:K19984	sce:YLR166C
ko:K19985	sce:YGL233W
ko:K02863	sce:YDR116C
ko:K03695	sce:YDR258C
ko:K19950	sce:YGR009C
ko:K19880	sce:YKR027W
ko:K19932	sce:YDR373W
ko:K19996	sce:YJL145W
ko:K20003	sce:YDR126W
ko:K19951	sce:YGR100W
ko:K20028	sce:YNL326C
ko:K22140	sce:YOR211C
ko:K20042	sce:YCR030C
ko:K19881	sce:YOR299W
ko:K19998	sce:YDR189W
ko:K19880	sce:YJL099W
ko:K20040	sce:YNL243W
ko:K20032	sce:YDR264C
ko:K20032	sce:YOR034C
ko:K20793	sce:YOR253W
ko:K19940	sce:YNL272C
ko:K03186	sce:YDR538W
ko:K20039	sce:YDR539W
ko:K20044	sce:YHR161C
ko:K20044	sce:YGR241C
ko:K19952	sce:YPR017C
ko:K20060	sce:YBL101C
ko:K20060	sce:YPR030W
ko:K20059	sce:YOR322C
ko:K20062	sce:YFR022W
ko:K20062	sce:YGR068C
ko:K20062	sce:YOR018W
ko:K06689	sce:YDR059C
ko:K20179	sce:YMR231W
ko:K20183	sce:YDL077C
ko:K12479	sce:YGL095C
ko:K20184	sce:YDR080W
ko:K20221	sce:YER110C
ko:K20222	sce:YMR308C
ko:K20178	sce:YAL002W
ko:K20223	sce:YJR132W
ko:K20223	sce:YDR395W
ko:K20195	sce:YGL124C
ko:K22831	sce:YPR139C
ko:K20237	sce:YOR373W
ko:K20311	sce:YGR166W
ko:K20803	sce:YJR141W
ko:K20061	sce:YJL084C
ko:K20061	sce:YKR021W
ko:K20302	sce:YKR068C
ko:K20304	sce:YOR115C
ko:K20063	sce:YGL045W
ko:K20298	sce:YDR484W
ko:K20299	sce:YJL029C
ko:K20279	sce:YIL002C
ko:K20279	sce:YNL106C
ko:K20279	sce:YOR109W
ko:K20792	sce:YDL040C
ko:K20303	sce:YDR246W
ko:K20306	sce:YDR407C
ko:K20131	sce:YML097C
ko:K20312	sce:YEL048C
ko:K20280	sce:YDR472W
ko:K20177	sce:YDR495C
ko:K20295	sce:YML071C
ko:K20300	sce:YML077W
ko:K20290	sce:YER157W
ko:K20301	sce:YBR254C
ko:K20291	sce:YPR105C
ko:K20293	sce:YNL041C
ko:K20318	sce:YJL004C
ko:K20307	sce:YMR218C
ko:K20297	sce:YKR020W
ko:K20305	sce:YDR108W
ko:K20046	sce:YBL007C
ko:K20047	sce:YIR006C
ko:K20180	sce:YPL045W
ko:K20048	sce:YNL084C
ko:K20181	sce:YLR148W
ko:K20463	sce:YHR073W
ko:K20182	sce:YLR396C
ko:K20168	sce:YDL234C
ko:K22645	sce:YDL013W
ko:K22646	sce:YER116C
ko:K06689	sce:YBR082C
ko:K20224	sce:YGL241W
ko:K20346	sce:YAR002C-A
ko:K20367	sce:YAL042W
ko:K12404	sce:YDR358W
ko:K20359	sce:YNL044W
ko:K20360	sce:YOR070C
ko:K20362	sce:YNL263C
ko:K20457	sce:YMR113W
ko:K20456	sce:YAR042W
ko:K20456	sce:YDL019C
ko:K11578	sce:YNL258C
ko:K20471	sce:YFR051C
ko:K20472	sce:YPL010W
ko:K20474	sce:YGL145W
ko:K20465	sce:YPL145C
ko:K20465	sce:YOR237W
ko:K20346	sce:YHR110W
ko:K20346	sce:YGL002W
ko:K20347	sce:YGL200C
ko:K20408	sce:YOL138C
ko:K20361	sce:YDL058W
ko:K20368	sce:YBR210W
ko:K20368	sce:YGL054C
ko:K20369	sce:YGR284C
ko:K20405	sce:YEL062W
ko:K20407	sce:YBL104C
ko:K20406	sce:YHL023C
ko:K20404	sce:YJR138W
ko:K20409	sce:YDR128W
ko:K20363	sce:YGR172C
ko:K20403	sce:YKL033W
ko:K24366	sce:YOL117W
ko:K24367	sce:YIL071C
ko:K20372	sce:YFL027C
ko:K20352	sce:YML012W
ko:K20498	sce:YGL196W
ko:K20475	sce:YLR440C
ko:K20476	sce:YLR039C
ko:K20524	sce:YCL034W
ko:K20523	sce:YFR024C-A
ko:K20477	sce:YDR137W
ko:K13711	sce:YJL100W
ko:K20520	sce:YCR088W
ko:K20521	sce:YJL020C
ko:K20526	sce:YOR367W
ko:K20523	sce:YHR016C
ko:K20522	sce:YGR136W
ko:K20522	sce:YPR154W
ko:K20121	sce:YHR114W
ko:K19327	sce:YBR086C
ko:K20643	sce:YBR260C
ko:K16489	sce:YLL003W
ko:K22264	sce:YHR195W
ko:K22133	sce:YBR222C
ko:K21997	sce:YOL082W
ko:K21997	sce:YOL083W
ko:K24350	sce:YDR330W
ko:K20724	sce:YLR064W
ko:K20724	sce:YLL023C
ko:K23741	sce:YJR131W
ko:K20823	sce:YEL053C
ko:K20815	sce:YGR147C
ko:K20872	sce:YAR018C
ko:K20989	sce:YHL016C
ko:K08267	sce:YER093C
ko:K21027	sce:YDL033C
ko:K21141	sce:YJL178C
ko:K07756	sce:YDR017C
ko:K17606	sce:YMR028W
ko:K21156	sce:YBR131W
ko:K21157	sce:YER129W
ko:K21158	sce:YGL179C
ko:K21155	sce:YOR106W
ko:K22721	sce:YBR161W
ko:K22725	sce:YDR072C
ko:K11835	sce:YJL197W
ko:K21641	sce:YKL038W
ko:K21145	sce:YLR211C
ko:K16314	sce:YKL048C
ko:K21143	sce:YPL166W
ko:K21144	sce:YDR022C
ko:K21646	sce:YPL075W
ko:K18083	sce:YJR110W
ko:K21197	sce:YHR071W
ko:K09043	sce:YIR018W
ko:K09043	sce:YHL009C
ko:K09043	sce:YOL028C
ko:K09043	sce:YOR028C
ko:K09043	sce:YDR259C
ko:K23010	sce:YKR087C
ko:K22940	sce:YGL161C
ko:K18738	sce:YBR233W
ko:K07200	sce:YGL115W
ko:K05665	sce:YDR135C
ko:K21627	sce:YLR223C
ko:K21545	sce:YER130C
ko:K21618	sce:YDL178W
ko:K21594	sce:YLR289W
ko:K21631	sce:YHR177W
ko:K21642	sce:YHL020C
ko:K21618	sce:YEL071W
ko:K21629	sce:YKR077W
ko:K21751	sce:YDR397C
ko:K21752	sce:YER159C
ko:K21766	sce:YPL241C
ko:K21767	sce:YOR349W
ko:K21768	sce:YER007W
ko:K16216	sce:YIR036C
ko:K21842	sce:YMR212C
ko:K21848	sce:YLR242C
ko:K05727	sce:YLR422W
ko:K21864	sce:YGR217W
ko:K21845	sce:YGR198W
ko:K21804	sce:YNL024C
ko:K21849	sce:YFR042W
ko:K21850	sce:YPR159W
ko:K03885	sce:YML120C
ko:K01110	sce:YNL128W
ko:K22943	sce:YGL198W
ko:K21989	sce:YOL084W
ko:K22009	sce:YNL307C
ko:K13024	sce:YLR410W
ko:K17908	sce:YPL100W
ko:K21989	sce:YLL005C
ko:K21996	sce:YDL113C
ko:K21989	sce:YLR241W
ko:K22939	sce:YER074W-A
ko:K21991	sce:YOR035C
ko:K21989	sce:YMR266W
ko:K21996	sce:YDR425W
ko:K12394	sce:YLR170C
ko:K22008	sce:YBR028C
ko:K14686	sce:YLR411W
ko:K22066	sce:YAL044W-A
ko:K22138	sce:YGL080W
ko:K22068	sce:YPL135W
ko:K22072	sce:YPR067W
ko:K22073	sce:YJR122W
ko:K22074	sce:YKL040C
ko:K22139	sce:YGR243W
ko:K22071	sce:YPL252C
ko:K00015	sce:YNL274C
ko:K06199	sce:YOR390W
ko:K06199	sce:YPL279C
ko:K22139	sce:YHR162W
ko:K22075	sce:YAL046C
ko:K22068	sce:YOR226C
ko:K22132	sce:YKL027W
ko:K22132	sce:YHR003C
ko:K22069	sce:YER048W-A
ko:K13525	sce:YDL126C
ko:K01536	sce:YDR038C
ko:K22211	sce:YDR533C
ko:K22721	sce:YPL057C
ko:K22241	sce:YNL086W
ko:K01536	sce:YDR040C
ko:K22211	sce:YMR322C
ko:K22211	sce:YOR391C
ko:K22211	sce:YPL280W
ko:K22238	sce:YKL061W
ko:K22242	sce:YEL005C
ko:K22243	sce:YGL079W
ko:K22255	sce:YDL130W-A
ko:K22255	sce:YDL181W
ko:K22260	sce:YOL044W
ko:K22803	sce:YOL034W
ko:K22285	sce:YKR003W
ko:K22285	sce:YHR001W
ko:K22258	sce:YJL185C
ko:K22337	sce:YML100W
ko:K22337	sce:YMR261C
ko:K22746	sce:YKR071C
ko:K22384	sce:YGL020C
ko:K22377	sce:YMR247C
ko:K13566	sce:YLR351C
ko:K01551	sce:YDL100C
ko:K22399	sce:YBR186W
ko:K22386	sce:YER083C
ko:K22438	sce:YER175C
ko:K22381	sce:YDR266C
ko:K22382	sce:YCL039W
ko:K00551	sce:YJR073C
ko:K00820	sce:YMR084W
ko:K01309	sce:YPL191C
ko:K01309	sce:YGL082W
ko:K00876	sce:YDR020C
ko:K22503	sce:YLL018C
ko:K09562	sce:YBR101C
ko:K22541	sce:YHR067W
ko:K08288	sce:YDR221W
ko:K24104	sce:YOR262W
ko:K06047	sce:YBR094W
ko:K22722	sce:YBR036C
ko:K22723	sce:YKL004W
ko:K22724	sce:YDR367W
ko:K22685	sce:YHR134W
ko:K00641	sce:YNL277W
ko:K22736	sce:YLR220W
ko:K22698	sce:YOR165W
ko:K22686	sce:YNL123W
ko:K22756	sce:YEL019C
ko:K22766	sce:YER047C
ko:K22825	sce:YDL105W
ko:K22804	sce:YLR383W
ko:K22817	sce:YLR007W
ko:K22832	sce:YMR307W
ko:K22833	sce:YLR343W
ko:K22834	sce:YMR215W
ko:K22836	sce:YOL030W
ko:K22856	sce:YIL064W
ko:K22696	sce:YJR129C
ko:K22889	sce:YLL063C
ko:K22823	sce:YDR288W
ko:K24137	sce:YBL064C
ko:K22855	sce:YGR001C
ko:K22835	sce:YOL132W
ko:K22684	sce:YOR197W
ko:K18693	sce:YDR503C
ko:K13985	sce:YPL103C
ko:K10398	sce:YEL061C
ko:K07575	sce:YER007C-A
ko:K03865	sce:YGR102C
ko:K23114	sce:YMR027W
ko:K24128	sce:YHR035W
ko:K24104	sce:YJR072C
ko:K23334	sce:YGL227W
ko:K23338	sce:YMR135C
ko:K03979	sce:YHR168W
ko:K00997	sce:YPL148C
ko:K23314	sce:YNL187W
ko:K01532	sce:YBR295W
ko:K25304	sce:YJL011C
ko:K23333	sce:YDR255C
ko:K23335	sce:YGR066C
ko:K23358	sce:YGR274C
ko:K13526	sce:YOR291W
ko:K23327	sce:YOL032W
ko:K23387	sce:YOR164C
ko:K14867	sce:YNCM0026C
ko:K23388	sce:YOL111C
ko:K23362	sce:YDR182W
ko:K10258	sce:YDL015C
ko:K09191	sce:YPR186C
ko:K23451	sce:YJL134W
ko:K23451	sce:YKR053C
ko:K23490	sce:YNL111C
ko:K25162	sce:YGL084C
ko:K23469	sce:YPR119W
ko:K23543	sce:YHR060W
ko:K23565	sce:YGL231C
ko:K23978	sce:YOR126C
ko:K06910	sce:YLR178C
ko:K06910	sce:YLR179C
ko:K23541	sce:YBR187W
ko:K23460	sce:YOR370C
ko:K23544	sce:YDR105C
ko:K15042	sce:YNL189W
ko:K00898	sce:YGL059W
ko:K23553	sce:YCR044C
ko:K23503	sce:YOR271C
ko:K23566	sce:YIL027C
ko:K26752	sce:YDR084C
ko:K23498	sce:YLR281C
ko:K23564	sce:YKL207W
ko:K23481	sce:YKR001C
ko:K23458	sce:YAR071W
ko:K23458	sce:YBR093C
ko:K23458	sce:YHR215W
ko:K23542	sce:YKL119C
ko:K23979	sce:YHR204W
ko:K23678	sce:YOL092W
ko:K23612	sce:YOR181W
ko:K23679	sce:YMR010W
ko:K23643	sce:YHR121W
ko:K03809	sce:YBR052C
ko:K23592	sce:YMR174C
ko:K03885	sce:YDL085W
ko:K02879	sce:YJL063C
ko:K23700	sce:YJL168C
ko:K23750	sce:YJL046W
ko:K23787	sce:YHR115C
ko:K23787	sce:YNL116W
ko:K26753	sce:YKR088C
ko:K23736	sce:YER037W
ko:K23735	sce:YLR239C
ko:K23788	sce:YKL034W
ko:K23799	sce:YKL214C
ko:K27388	sce:YGR086C
ko:K23719	sce:YDR159W
ko:K23785	sce:YLR248W
ko:K23856	sce:YBR244W
ko:K23856	sce:YKL026C
ko:K23856	sce:YIR037W
ko:K23905	sce:YGR058W
ko:K24664	sce:YNL068C
ko:K24663	sce:YOR372C
ko:K24664	sce:YIL131C
ko:K23960	sce:YCL055W
ko:K23952	sce:YGR105W
ko:K24029	sce:YER049W
ko:K02888	sce:YJL096W
ko:K12392	sce:YKL135C
ko:K03283	sce:YDL229W
ko:K18752	sce:YBR017C
ko:K02153	sce:YCL005W-A
ko:K07078	sce:YCL026C-B
ko:K03809	sce:YCR004C
ko:K03809	sce:YDR032C
ko:K12471	sce:YDR153C
ko:K13217	sce:YDR235W
ko:K01527	sce:YDR252W
ko:K02907	sce:YMR286W
ko:K23678	sce:YDR352W
ko:K10520	sce:YIL001W
ko:K01238	sce:YJL116C
ko:K02913	sce:YML009C
ko:K22758	sce:YMR002W
ko:K07374	sce:YML124C
ko:K03676	sce:YLR364W
ko:K13199	sce:YLR150W
ko:K13026	sce:YLR419W
ko:K00326	sce:YML087C
ko:K25004	sce:YPL023C
ko:K11294	sce:YGR159C
ko:K26751	sce:YMR071C
ko:K15338	sce:YER041W
ko:K24965	sce:YLR087C
ko:K05681	sce:YCR011C
ko:K00944	sce:YER170W
ko:K26171	sce:YLR050C
ko:K15457	sce:YGL229C
ko:K26750	sce:YDR100W
ko:K24368	sce:YMR025W
ko:K24365	sce:YDR179C
ko:K24962	sce:YNR021W
ko:K24970	sce:YDR333C
ko:K24767	sce:YPR085C
ko:K24971	sce:YPL009C
ko:K17411	sce:YGR215W
ko:K08762	sce:YGR037C
ko:K24195	sce:YIL047C
ko:K24083	sce:YNL320W
ko:K10355	sce:YFL039C
ko:K16578	sce:YBL034C
ko:K03457	sce:YBL042C
ko:K02884	sce:YCR046C
ko:K08066	sce:YOR358W
ko:K08065	sce:YBL021C
ko:K08064	sce:YGL237C
ko:K21850	sce:YGR143W
ko:K09503	sce:YLR090W
ko:K05538	sce:YNR059W
ko:K08139	sce:YNL318C
ko:K11511	sce:YOL086W-A
ko:K03457	sce:YBR021W
ko:K04077	sce:YBR044C
ko:K23335	sce:YBR105C
ko:K23678	sce:YBR147W
ko:K10752	sce:YBR195C
ko:K13754	sce:YDL206W
ko:K24160	sce:YLR138W
ko:K11825	sce:YJR005W
ko:K05864	sce:YJR032W
ko:K12737	sce:YPL064C
ko:K09503	sce:YNL077W
ko:K14570	sce:YLR107W
ko:K12486	sce:YGL181W
ko:K11206	sce:YJL126W
ko:K24107	sce:YCL073C
ko:K24107	sce:YKR106W
ko:K18167	sce:YDR379C-A
ko:K08150	sce:YDR387C
ko:K09539	sce:YNL328C
ko:K20102	sce:YDR374C
ko:K22531	sce:YGR270W
ko:K01301	sce:YJR126C
ko:K23499	sce:YDR282C
ko:K15361	sce:YOL087C
ko:K09595	sce:YKL100C
ko:K02143	sce:YOR020W-A
ko:K03457	sce:YOR071C
ko:K14674	sce:YOR081C
ko:K09419	sce:YJR147W
ko:K20286	sce:YJR134C
ko:K05665	sce:YLL015W
ko:K10864	sce:YLR035C
ko:K27383	sce:YJL205C
ko:K01557	sce:YNL168C
ko:K23309	sce:YJR055W
ko:K03676	sce:YDR513W
ko:K18757	sce:YDR515W
ko:K04043	sce:YEL030W
ko:K24139	sce:YBR287W
ko:K05665	sce:YGR281W
ko:K20242	sce:YPL249C
ko:K10882	sce:YBR098W
ko:K14686	sce:YPR124W
ko:K22530	sce:YGR028W
ko:K22745	sce:YNR074C
ko:K13352	sce:YOL147C
ko:K24121	sce:YGL010W
ko:K08997	sce:YPL222W
ko:K00128	sce:YMR170C
ko:K24205	sce:YNL305C
ko:K10352	sce:YHR023W
ko:K24194	sce:YNL275W
ko:K24272	sce:YJR014W
ko:K24611	sce:YOR289W
ko:K24736	sce:YMR092C
ko:K24755	sce:YDL156W
ko:K24771	sce:YJR136C
ko:K24750	sce:YPR169W
ko:K24814	sce:YJL207C
ko:K24737	sce:YPL183C
ko:K24730	sce:YDR267C
ko:K24781	sce:YCR032W
ko:K24758	sce:YNL035C
ko:K05662	sce:YMR301C
ko:K24939	sce:YGR093W
ko:K05657	sce:YPL270W
ko:K24927	sce:YBR155W
ko:K24935	sce:YNL313C
ko:K05657	sce:YLR188W
ko:K24976	sce:YJL129C
ko:K24976	sce:YKR050W
ko:K25162	sce:YPL189W
ko:K25201	sce:YPL125W
ko:K26461	sce:YNCJ0004C
ko:K26405	sce:YMR132C
ko:K24155	sce:YJR033C
ko:K25485	sce:YDR202C
ko:K25576	sce:YMR068W
ko:K25577	sce:YJL058C
ko:K25579	sce:YPL180W
ko:K20410	sce:YOL078W
ko:K12599	sce:YLR398C
ko:K25639	sce:YGL207W
ko:K25662	sce:YLR394W
ko:K00875	sce:YDR109C
ko:K25829	sce:YKL160W
ko:K25815	sce:YMR039C
ko:K03885	sce:YMR145C
ko:K25817	sce:YDR005C
ko:K25877	sce:YER156C
ko:K07466	sce:YAR007C
ko:K26089	sce:YDR049W
ko:K26123	sce:YPR164W
ko:K26124	sce:YJL047C
ko:K11661	sce:YDR334W
ko:K10991	sce:YHR079C-A
ko:K10992	sce:YPL121C
ko:K26194	sce:Q0158
ko:K26216	sce:YDR214W
ko:K26193	sce:Q0020
ko:K14885	sce:YNCG0014C
ko:K26245	sce:YNL097C
ko:K26244	sce:YMR075W
ko:K26246	sce:YPL139C
ko:K14872	sce:YNCP0015C
ko:K26246	sce:YOR229W
ko:K26246	sce:YOR230W
ko:K14883	sce:YNCL0043C
ko:K14897	sce:YNCH0014W
ko:K26403	sce:YHR122W
ko:K26462	sce:YNCG0026W
ko:K26463	sce:YNCM0016W
ko:K26465	sce:YNCO0024C
ko:K26464	sce:YNCM0011W
ko:K26479	sce:YNCG0013W
ko:K26476	sce:YNCK0013W
ko:K26475	sce:YNCD0002C
ko:K26478	sce:YNCO0026W
ko:K26477	sce:YNCN0013W
ko:K26544	sce:YNL231C
ko:K26544	sce:YMR079W
ko:K26544	sce:YKL091C
ko:K26550	sce:YJL158C
ko:K26550	sce:YJL160C
ko:K26550	sce:YKL163W
ko:K26550	sce:YJL159W
ko:K26550	sce:YKL164C
ko:K26544	sce:YNL264C
ko:K08192	sce:YLR004C
ko:K08192	sce:YGR260W
ko:K08192	sce:YIL166C
ko:K08192	sce:YAL067C
ko:K08192	sce:YLL055W
ko:K08192	sce:YGR065C
ko:K08192	sce:YOL163W
ko:K26683	sce:YMR292W
ko:K26678	sce:YNL297C
ko:K26680	sce:YDR141C
ko:K26681	sce:YNL156C
ko:K26681	sce:YHR133C
ko:K26731	sce:YJL094C
ko:K26797	sce:YDR517W
ko:K26935	sce:YCR094W
ko:K26979	sce:YLR427W
ko:K27163	sce:YDR186C
ko:K27165	sce:YBR106W
ko:K14870	sce:YNCG0015C
ko:K27164	sce:YLR065C
ko:K27246	sce:YBR089C-A
ko:K27246	sce:YPR052C
ko:K02994	sce:YMR158W
ko:K27290	sce:YDL045W-A
ko:K27349	sce:YDR198C
ko:K27320	sce:YMR211W
ko:K02965	sce:YNR037C
ko:K02986	sce:YNL137C
ko:K02886	sce:YEL050C
ko:K27387	sce:YMR086W
ko:K27387	sce:YKL105C
ko:K27384	sce:YPR149W
ko:K27385	sce:YML052W
ko:K27398	sce:YDL209C
ko:K27407	sce:YOR359W
ko:K27388	sce:YPL004C
ko:K27389	sce:YBR239C
ko:K27389	sce:YPL133C
ko:K27384	sce:YGR131W
ko:K27385	sce:YDL222C
ko:K27385	sce:YNL194C
ko:K27386	sce:YMR031C
ko:K27389	sce:YJL103C
