reaction_id,category
MAR03905,Duplicate
MAR03907,Duplicate
MAR04281,Loop
MAR04388,Multiple
MAR04283,Duplicate
MAR04521,Duplicate
MAR07745,Dead-End
MAR08652,Dead-End
MAR04774,Multiple
MAR04775,Multiple
MAR04310,Dead-End
MAR04316,Multiple
MAR04356,Dead-End
MAR04400,Duplicate
MAR08768,Duplicate
MAR04590,Multiple
MAR04591,Multiple
MAR08344,Loop
MAR06537,Loop
MAR01568,Duplicate
MAR03855,Multiple
MAR03859,Multiple
MAR04087,Duplicate
MAR04091,Duplicate
MAR08501,Duplicate
MAR08507,Multiple
MAR08508,Multiple
MAR08509,Multiple
MAR08512,Duplicate
MAR08514,Multiple
MAR04280,Loop
MAR03212,Duplicate
MAR03797,Multiple
MAR04460,Multiple
MAR00718,Multiple
MAR00719,Multiple
MAR03163,Duplicate
MAR04304,Multiple
MAR04351,Loop
MAR04352,Loop
MAR04477,Multiple
MAR09799,Dead-End
MAR09800,Dead-End
MAR04625,Duplicate
MAR08653,Multiple
MAR04002,Loop
MAR04004,Loop
MAR04012,Loop
MAR04020,Loop
MAR04085,Multiple
MAR04135,Loop
MAR04171,Loop
MAR04418,Multiple
MAR04451,Loop
MAR04452,Multiple
MAR04480,Loop
MAR04486,Dilution
MAR04488,Dilution
MAR04492,Dilution
MAR04495,Dilution
MAR04519,Duplicate
MAR04520,Duplicate
MAR04574,Loop
MAR04611,Loop
MAR04615,Loop
MAR04646,Duplicate
MAR04648,Duplicate
MAR04649,Duplicate
MAR04650,Duplicate
MAR04651,Loop
MAR05353,Loop
MAR06601,Dead-End
MAR06602,Loop
MAR06603,Loop
MAR06605,Loop
MAR06606,Dilution
MAR06607,Loop
MAR06609,Dead-End
MAR04016,Loop
MAR04018,Loop
MAR04044,Loop
MAR04291,Multiple
MAR04570,Loop
MAR04006,Loop
MAR04028,Loop
MAR04670,Loop
MAR06614,Loop
MAR06615,Loop
MAR06616,Loop
MAR03793,Loop
MAR03931,Loop
MAR03969,Dilution
MAR04345,Multiple
MAR04470,Duplicate
MAR04472,Duplicate
MAR04512,Loop
MAR04513,Loop
MAR04637,Loop
MAR05415,Multiple
MAR05416,Multiple
MAR05417,Dead-End
MAR06621,Multiple
MAR03967,Loop
MAR04024,Loop
MAR04083,Loop
MAR04344,Multiple
MAR07800,Loop
MAR07801,Loop
MAR07802,Loop
MAR07863,Loop
MAR07864,Loop
MAR07866,Loop
MAR07868,Loop
MAR07869,Loop
MAR07870,Loop
MAR07872,Loop
MAR07873,Loop
MAR07878,Multiple
MAR07881,Multiple
MAR07882,Loop
MAR07884,Loop
MAR07885,Loop
MAR07886,Loop
MAR07887,Loop
MAR07888,Loop
MAR07891,Loop
MAR07892,Loop
MAR07893,Multiple
MAR07894,Dead-End
MAR07895,Dead-End
MAR08448,Loop
MAR08450,Loop
MAR08451,Loop
MAR08454,Loop
MAR08457,Loop
MAR08458,Loop
MAR08459,Loop
MAR08460,Loop
MAR08461,Loop
MAR08462,Loop
MAR08463,Loop
MAR08464,Loop
MAR08465,Loop
MAR08466,Loop
MAR08469,Loop
MAR08470,Loop
MAR08471,Loop
MAR08472,Loop
MAR08477,Loop
MAR08478,Loop
MAR08479,Loop
MAR08481,Loop
MAR08482,Multiple
MAR08484,Dead-End
MAR08486,Loop
MAR08493,Dead-End
MAR08494,Dead-End
MAR08495,Dead-End
MAR03802,Multiple
MAR03804,Multiple
MAR03822,Loop
MAR03829,Loop
MAR03831,Loop
MAR03870,Duplicate
MAR03899,Loop
MAR04109,Loop
MAR04118,Multiple
MAR04287,Duplicate
MAR03806,Loop
MAR03820,Loop
MAR03833,Duplicate
MAR03835,Duplicate
MAR03837,Duplicate
MAR03838,Multiple
MAR03956,Loop
MAR04605,Multiple
MAR04778,Duplicate
MAR04779,Duplicate
MAR04780,Duplicate
MAR04781,Duplicate
MAR04784,Multiple
MAR04785,Multiple
MAR06929,Dead-End
MAR06930,Dead-End
MAR06931,Dead-End
MAR06933,Dead-End
MAR06934,Dead-End
MAR06936,Dead-End
MAR06939,Dead-End
MAR06941,Dead-End
MAR06943,Dead-End
MAR06944,Dead-End
MAR06946,Dead-End
MAR06947,Dead-End
MAR06949,Dead-End
MAR06950,Dead-End
MAR06952,Dead-End
MAR06953,Dead-End
MAR06954,Dead-End
MAR06955,Dead-End
MAR06956,Dead-End
MAR06957,Dead-End
MAR06958,Dead-End
MAR06959,Dead-End
MAR06961,Dead-End
MAR06962,Dead-End
MAR06963,Dead-End
MAR06964,Dead-End
MAR06973,Dead-End
MAR08096,Loop
MAR08097,Loop
MAR08427,Loop
MAR08608,Dead-End
MAR08609,Duplicate
MAR08610,Duplicate
MAR08611,Multiple
MAR04285,Duplicate
MAR03752,Multiple
MAR03770,Multiple
MAR03784,Multiple
MAR03845,Loop
MAR03856,Duplicate
MAR04584,Loop
MAR04697,Duplicate
MAR04698,Duplicate
MAR04792,Loop
MAR07702,Multiple
MAR07703,Duplicate
MAR05338,Dilution
MAR05339,Dilution
MAR05340,Dead-End
MAR08786,Dead-End
MAR04596,Loop
MAR04597,Loop
MAR04667,Duplicate
MAR04668,Duplicate
MAR06981,Duplicate
MAR06983,Dead-End
MAR06984,Dead-End
MAR06985,Dead-End
MAR08564,Loop
MAR08565,Loop
MAR03935,Loop
MAR04683,Multiple
MAR04685,Multiple
MAR04686,Multiple
MAR04687,Multiple
MAR04703,Duplicate
MAR04704,Duplicate
MAR08530,Loop
MAR08534,Dilution
MAR03211,Duplicate
MAR04797,Duplicate
MAR06926,Dead-End
MAR06927,Dead-End
MAR04222,Loop
MAR04242,Duplicate
MAR04243,Duplicate
MAR04244,Loop
MAR04245,Loop
MAR04246,Loop
MAR06741,Dilution
MAR06748,Duplicate
MAR06749,Duplicate
MAR06753,Duplicate
MAR06754,Duplicate
MAR06760,Duplicate
MAR06761,Duplicate
MAR06766,Duplicate
MAR06767,Duplicate
MAR06788,Dead-End
MAR06790,Duplicate
MAR06791,Duplicate
MAR06792,Dead-End
MAR06798,Dead-End
MAR06800,Dead-End
MAR06801,Dead-End
MAR06802,Dead-End
MAR06803,Dead-End
MAR06806,Dead-End
MAR06817,Loop
MAR06818,Dead-End
MAR06819,Dead-End
MAR06820,Dead-End
MAR06822,Dead-End
MAR06823,Dead-End
MAR06824,Dead-End
MAR06826,Dilution
MAR06827,Dead-End
MAR06828,Dead-End
MAR06829,Dilution
MAR06830,Dead-End
MAR06831,Dilution
MAR06834,Dilution
MAR06835,Dead-End
MAR06836,Dead-End
MAR06837,Dead-End
MAR06838,Dilution
MAR06839,Dilution
MAR06842,Dead-End
MAR06844,Dilution
MAR06845,Dilution
MAR06850,Dilution
MAR06851,Dilution
MAR06855,Dead-End
MAR06878,Dead-End
MAR06879,Dead-End
MAR06880,Dead-End
MAR06881,Dead-End
MAR06882,Dead-End
MAR03922,Dead-End
MAR03995,Multiple
MAR03996,Multiple
MAR04302,Loop
MAR08066,Loop
MAR08067,Loop
MAR08068,Loop
MAR08069,Loop
MAR08641,Dilution
MAR08682,Loop
MAR03868,Multiple
MAR03869,Duplicate
MAR03933,Multiple
MAR04079,Duplicate
MAR04688,Multiple
MAR04689,Duplicate
MAR07993,Duplicate
MAR07134,Dead-End
MAR07135,Dead-End
MAR07136,Dead-End
MAR07139,Dead-End
MAR07620,Dead-End
MAR08640,Dead-End
MAR03751,Multiple
MAR03769,Multiple
MAR03783,Multiple
MAR03790,Duplicate
MAR03792,Loop
MAR03796,Loop
MAR04531,Loop
MAR04532,Multiple
MAR04533,Multiple
MAR04534,Multiple
MAR04536,Multiple
MAR07696,Dead-End
MAR07697,Dead-End
MAR07698,Dead-End
MAR08367,Dilution
MAR08377,Loop
MAR08672,Dead-End
MAR08674,Dead-End
MAR08675,Dead-End
MAR05130,Dilution
MAR05131,Dilution
MAR05132,Dilution
MAR05133,Dilution
MAR05134,Dilution
MAR05135,Dilution
MAR05136,Dilution
MAR05137,Dilution
MAR05138,Dilution
MAR05139,Dilution
MAR05140,Dilution
MAR05141,Dilution
MAR05142,Dilution
MAR05143,Dilution
MAR05144,Dead-End
MAR05145,Dilution
MAR05146,Dilution
MAR05147,Dilution
MAR05148,Dilution
MAR05149,Dilution
MAR05150,Dilution
MAR05151,Dilution
MAR05152,Dilution
MAR05153,Dilution
MAR05154,Dilution
MAR05155,Dilution
MAR05156,Dilution
MAR05157,Dilution
MAR05158,Dilution
MAR05159,Dilution
MAR05160,Dilution
MAR05161,Dilution
MAR05162,Dilution
MAR05163,Dilution
MAR05164,Dilution
MAR05165,Dilution
MAR05166,Dilution
MAR05167,Dilution
MAR05168,Dilution
MAR05169,Dilution
MAR05170,Dilution
MAR05171,Dilution
MAR05172,Dilution
MAR05173,Dead-End
MAR05174,Dilution
MAR07616,Dead-End
MAR07619,Dead-End
MAR05267,Dilution
MAR05287,Dilution
MAR09818,Dilution
MAR05407,Loop
MAR08662,Loop
MAR08663,Loop
MAR08667,Loop
MAR08668,Loop
MAR03957,Multiple
MAR03958,Multiple
MAR04139,Loop
MAR04141,Loop
MAR04147,Loop
MAR04152,Loop
MAR04454,Loop
MAR04458,Loop
MAR04465,Duplicate
MAR04589,Loop
MAR04652,Multiple
MAR08743,Multiple
MAR08779,Loop
MAR08782,Duplicate
MAR06911,Loop
MAR06914,Multiple
MAR06918,Dilution
MAR03982,Duplicate
MAR04767,Loop
MAR06608,Loop
MAR00156,Multiple
MAR00217,Multiple
MAR00267,Multiple
MAR00313,Multiple
MAR00349,Multiple
MAR00353,Multiple
MAR00361,Multiple
MAR00397,Multiple
MAR00401,Multiple
MAR00405,Multiple
MAR00409,Multiple
MAR02949,Multiple
MAR02952,Multiple
MAR02973,Multiple
MAR02981,Multiple
MAR02982,Multiple
MAR02984,Multiple
MAR02991,Multiple
MAR02992,Multiple
MAR02994,Multiple
MAR02996,Multiple
MAR02174,Multiple
MAR02286,Duplicate
MAR02294,Duplicate
MAR02359,Duplicate
MAR02437,Dead-End
MAR02438,Dead-End
MAR02443,Dilution
MAR02444,Dead-End
MAR02445,Dilution
MAR02446,Dilution
MAR02447,Dilution
MAR02449,Loop
MAR06397,Multiple
MAR06398,Dilution
MAR06399,Dilution
MAR06400,Dilution
MAR06401,Dilution
MAR06402,Dilution
MAR06403,Dilution
MAR06404,Dead-End
MAR02472,Duplicate
MAR02484,Duplicate
MAR02368,Duplicate
MAR02380,Duplicate
MAR03444,Multiple
MAR03445,Dead-End
MAR03446,Dead-End
MAR03447,Dead-End
MAR03448,Dead-End
MAR03449,Dead-End
MAR03450,Dead-End
MAR03459,Dead-End
MAR03460,Dead-End
MAR03461,Dead-End
MAR03462,Dead-End
MAR03463,Dead-End
MAR03464,Dead-End
MAR03466,Dead-End
MAR03467,Dead-End
MAR03468,Dead-End
MAR03469,Dead-End
MAR03470,Dead-End
MAR03471,Dead-End
MAR03472,Dead-End
MAR00942,Duplicate
MAR00943,Duplicate
MAR00946,Duplicate
MAR00947,Duplicate
MAR00950,Duplicate
MAR00951,Duplicate
MAR00954,Duplicate
MAR00955,Duplicate
MAR00979,Loop
MAR00988,Dead-End
MAR00989,Multiple
MAR00990,Multiple
MAR01101,Duplicate
MAR01102,Duplicate
MAR01105,Duplicate
MAR01106,Duplicate
MAR01150,Loop
MAR01151,Loop
MAR01152,Loop
MAR01158,Multiple
MAR01159,Multiple
MAR01160,Multiple
MAR01186,Loop
MAR01194,Loop
MAR01195,Loop
MAR01196,Loop
MAR01231,Loop
MAR01232,Loop
MAR01233,Loop
MAR01263,Multiple
MAR01264,Multiple
MAR01266,Multiple
MAR01280,Loop
MAR01281,Loop
MAR01282,Loop
MAR01285,Loop
MAR04796,Loop
MAR08547,Loop
MAR08549,Loop
MAR08559,Loop
MAR08560,Loop
MAR00159,Loop
MAR02591,Loop
MAR02608,Multiple
MAR02626,Loop
MAR02636,Loop
MAR02663,Loop
MAR02666,Loop
MAR02702,Loop
MAR02711,Loop
MAR02714,Loop
MAR02720,Loop
MAR02730,Loop
MAR02742,Loop
MAR02746,Loop
MAR02752,Loop
MAR02759,Loop
MAR03032,Loop
MAR00160,Loop
MAR00161,Loop
MAR00162,Loop
MAR00163,Loop
MAR02592,Loop
MAR02598,Loop
MAR02612,Loop
MAR02624,Loop
MAR02629,Loop
MAR02634,Loop
MAR02638,Loop
MAR02640,Loop
MAR02644,Loop
MAR02655,Loop
MAR02658,Loop
MAR02664,Loop
MAR02665,Loop
MAR02667,Loop
MAR02673,Loop
MAR02679,Loop
MAR02712,Loop
MAR02713,Loop
MAR02715,Loop
MAR02718,Loop
MAR02722,Loop
MAR02727,Loop
MAR02731,Loop
MAR02744,Loop
MAR02748,Loop
MAR02753,Loop
MAR02757,Loop
MAR02760,Loop
MAR02764,Loop
MAR03520,Loop
MAR08418,Loop
MAR03029,Loop
MAR03030,Loop
MAR03033,Loop
MAR03034,Loop
MAR03035,Loop
MAR03037,Loop
MAR02778,Loop
MAR02780,Loop
MAR02801,Loop
MAR02803,Loop
MAR02807,Loop
MAR02809,Loop
MAR02851,Loop
MAR02852,Loop
MAR02857,Loop
MAR02859,Loop
MAR02861,Loop
MAR02862,Loop
MAR02865,Loop
MAR02866,Loop
MAR02869,Loop
MAR02870,Loop
MAR02880,Loop
MAR02882,Loop
MAR02884,Loop
MAR02886,Loop
MAR02888,Loop
MAR02890,Loop
MAR02892,Loop
MAR02894,Loop
MAR02896,Loop
MAR02897,Loop
MAR02921,Loop
MAR02924,Loop
MAR02927,Loop
MAR00604,Loop
MAR03106,Loop
MAR03364,Duplicate
MAR03369,Duplicate
MAR03478,Loop
MAR03480,Multiple
MAR03481,Loop
MAR03482,Multiple
MAR03491,Loop
MAR03493,Multiple
MAR03301,Duplicate
MAR03306,Duplicate
MAR03311,Duplicate
MAR03322,Duplicate
MAR03121,Duplicate
MAR03128,Duplicate
MAR03135,Duplicate
MAR03142,Duplicate
MAR03149,Duplicate
MAR03156,Duplicate
MAR03284,Duplicate
MAR03294,Duplicate
MAR03296,Duplicate
MAR06904,Duplicate
MAR07165,Dead-End
MAR07166,Dead-End
MAR07167,Dead-End
MAR07168,Dead-End
MAR07169,Dead-End
MAR07170,Dead-End
MAR09722,Dead-End
MAR01924,Loop
MAR01926,Loop
MAR01932,Dead-End
MAR01933,Dead-End
MAR01934,Dead-End
MAR01935,Dead-End
MAR01942,Dead-End
MAR01950,Dead-End
MAR01951,Dead-End
MAR04766,Loop
MAR06793,Dead-End
MAR06794,Dead-End
MAR07942,Multiple
MAR07943,Multiple
MAR07955,Duplicate
MAR07968,Duplicate
MAR02041,Duplicate
MAR07971,Duplicate
MAR07972,Duplicate
MAR07976,Multiple
MAR01974,Duplicate
MAR02016,Duplicate
MAR02017,Duplicate
MAR02018,Duplicate
MAR02019,Duplicate
MAR01495,Duplicate
MAR01496,Duplicate
MAR01557,Duplicate
MAR01558,Duplicate
MAR02050,Dead-End
MAR02056,Dead-End
MAR02062,Dead-End
MAR02077,Dead-End
MAR02088,Loop
MAR02089,Loop
MAR03537,Dead-End
MAR03538,Dilution
MAR03539,Dilution
MAR03540,Dilution
MAR03541,Dilution
MAR03542,Dilution
MAR03543,Dilution
MAR03544,Dilution
MAR03545,Dilution
MAR03546,Dilution
MAR03547,Dilution
MAR03548,Dilution
MAR03549,Dilution
MAR03550,Dilution
MAR03551,Dilution
MAR03552,Dilution
MAR03553,Dilution
MAR03554,Dilution
MAR03555,Dilution
MAR03556,Dilution
MAR03557,Dilution
MAR03558,Dilution
MAR03559,Dilution
MAR03560,Dilution
MAR03561,Dilution
MAR03562,Dilution
MAR03563,Dilution
MAR03564,Dilution
MAR03565,Dilution
MAR03566,Dilution
MAR03567,Dilution
MAR03568,Dilution
MAR03569,Dilution
MAR03570,Dilution
MAR03571,Dilution
MAR03572,Dilution
MAR03573,Dilution
MAR03574,Dilution
MAR03575,Dilution
MAR03576,Dilution
MAR03577,Dilution
MAR03578,Dilution
MAR03579,Dilution
MAR03580,Dilution
MAR03581,Dilution
MAR03582,Dilution
MAR03583,Dilution
MAR03584,Dilution
MAR03585,Dilution
MAR03586,Dilution
MAR03587,Dilution
MAR03588,Dilution
MAR03589,Dilution
MAR03590,Dilution
MAR03591,Dilution
MAR03592,Dilution
MAR03593,Dilution
MAR03594,Dilution
MAR03595,Dilution
MAR03596,Dilution
MAR03702,Dead-End
MAR03730,Dead-End
MAR03731,Dead-End
MAR03742,Dead-End
MAR00715,Dead-End
MAR00716,Dead-End
MAR00733,Dead-End
MAR00735,Loop
MAR00736,Loop
MAR00754,Duplicate
MAR00763,Loop
MAR00766,Loop
MAR00786,Loop
MAR08219,Duplicate
MAR08220,Duplicate
MAR08237,Dead-End
MAR00463,Dead-End
MAR00478,Duplicate
MAR00479,Duplicate
MAR00483,Duplicate
MAR00482,Duplicate
MAR00625,Loop
MAR00640,Loop
MAR08362,Loop
MAR00856,Dead-End
MAR00857,Dead-End
MAR00858,Dead-End
MAR00861,Dead-End
MAR00862,Dead-End
MAR00879,Dead-End
MAR00880,Dead-End
MAR00881,Dead-End
MAR00896,Dead-End
MAR00897,Dead-End
MAR01996,Loop
MAR01308,Loop
MAR01310,Loop
MAR01312,Loop
MAR01315,Loop
MAR01318,Loop
MAR01322,Loop
MAR01323,Loop
MAR01324,Loop
MAR01325,Multiple
MAR01326,Multiple
MAR01327,Loop
MAR01330,Loop
MAR01333,Loop
MAR01335,Loop
MAR01355,Dead-End
MAR01356,Dead-End
MAR01357,Dead-End
MAR01358,Dead-End
MAR01359,Dead-End
MAR01360,Dead-End
MAR01361,Dead-End
MAR01362,Dead-End
MAR01363,Dead-End
MAR01373,Loop
MAR01375,Loop
MAR01376,Loop
MAR00703,Dead-End
MAR00705,Dead-End
MAR00706,Dead-End
MAR00708,Dead-End
MAR00024,Dead-End
MAR00025,Multiple
MAR00026,Dead-End
MAR00027,Dead-End
MAR00028,Dead-End
MAR00030,Multiple
MAR08648,Dead-End
MAR01581,Loop
MAR01584,Multiple
MAR01585,Multiple
MAR01589,Duplicate
MAR01590,Duplicate
MAR01598,Duplicate
MAR01599,Duplicate
MAR01604,Loop
MAR01605,Loop
MAR01608,Loop
MAR01609,Duplicate
MAR01610,Duplicate
MAR01611,Loop
MAR01613,Duplicate
MAR01614,Duplicate
MAR01620,Loop
MAR01623,Loop
MAR01673,Loop
MAR01676,Multiple
MAR01678,Multiple
MAR01679,Loop
MAR01684,Loop
MAR01685,Multiple
MAR01692,Multiple
MAR01693,Duplicate
MAR01694,Loop
MAR01702,Duplicate
MAR01725,Loop
MAR01726,Multiple
MAR01727,Multiple
MAR01772,Loop
MAR01774,Loop
MAR01776,Loop
MAR01786,Loop
MAR01787,Loop
MAR01790,Dead-End
MAR01792,Dead-End
MAR01794,Dead-End
MAR01796,Dead-End
MAR01798,Dead-End
MAR01800,Dead-End
MAR01802,Loop
MAR01806,Loop
MAR01836,Dead-End
MAR01837,Dead-End
MAR01841,Multiple
MAR01842,Multiple
MAR01844,Diphosphate
MAR01845,Multiple
MAR01846,Dilution
MAR03911,Duplicate
MAR01847,Dilution
MAR01852,Multiple
MAR01854,Loop
MAR01855,Multiple
MAR01857,Duplicate
MAR01859,Multiple
MAR01861,Duplicate
MAR01862,Multiple
MAR01863,Multiple
MAR01865,Multiple
MAR01866,Loop
MAR01867,Loop
MAR01870,Duplicate
MAR01875,Loop
MAR01876,Loop
MAR01877,Loop
MAR01878,Loop
MAR01879,Loop
MAR01880,Multiple
MAR01881,Multiple
MAR01882,Multiple
MAR01883,Multiple
MAR01884,Multiple
MAR01885,Multiple
MAR01886,Multiple
MAR01887,Multiple
MAR01888,Multiple
MAR01889,Multiple
MAR01890,Multiple
MAR01891,Multiple
MAR01892,Multiple
MAR01893,Multiple
MAR01894,Multiple
MAR01403,Dead-End
MAR01405,Dead-End
MAR01406,Dead-End
MAR01407,Dead-End
MAR01408,Dead-End
MAR01409,Dead-End
MAR01410,Dead-End
MAR01411,Dead-End
MAR01412,Dead-End
MAR01413,Dead-End
MAR01414,Dead-End
MAR01415,Dead-End
MAR01416,Dead-End
MAR01417,Dead-End
MAR01418,Dead-End
MAR01419,Dead-End
MAR01420,Dead-End
MAR01421,Dead-End
MAR01422,Dead-End
MAR01423,Dead-End
MAR01424,Dead-End
MAR01425,Dead-End
MAR01426,Dead-End
MAR01427,Dead-End
MAR01428,Dead-End
MAR01429,Dead-End
MAR01430,Dead-End
MAR01431,Dead-End
MAR01432,Dead-End
MAR01433,Dead-End
MAR00712,Loop
MAR03992,Dilution
MAR04257,Multiple
MAR04262,Multiple
MAR04265,Loop
MAR04276,Multiple
MAR08791,Loop
MAR04499,Dead-End
MAR04714,Loop
MAR04716,Loop
MAR04725,Loop
MAR04730,Loop
MAR03925,Multiple
MAR04332,Multiple
MAR04333,Multiple
MAR04335,Loop
MAR04440,Multiple
MAR04442,Multiple
MAR04444,Multiple
MAR04446,Multiple
MAR04448,Multiple
MAR04503,Loop
MAR04505,Loop
MAR04654,Multiple
MAR04655,Multiple
MAR04656,Loop
MAR07145,Dead-End
MAR07146,Dead-End
MAR07147,Dead-End
MAR08144,Multiple
MAR07661,Dilution
MAR07662,Dilution
MAR07668,Dilution
MAR07669,Dilution
MAR07670,Dilution
MAR07671,Dilution
MAR07672,Dilution
MAR07673,Dilution
MAR04165,Loop
MAR04166,Loop
MAR04167,Loop
MAR04523,Multiple
MAR04539,Loop
MAR04540,Multiple
MAR04541,Loop
MAR04542,Multiple
MAR04543,Loop
MAR04544,Multiple
MAR08740,Loop
MAR06393,Dilution
MAR06394,Multiple
MAR06396,Multiple
MAR06405,Dead-End
MAR08345,Loop
MAR08346,Loop
MAR08348,Loop
MAR08620,Multiple
MAR04762,Dilution
MAR04763,Dead-End
MAR04764,Duplicate
MAR06395,Dilution
MAR08634,Duplicate
MAR09717,Dead-End
MAR06630,Multiple
MAR06631,Multiple
MAR06632,Duplicate
MAR06633,Duplicate
MAR06634,Dilution
MAR06635,Dead-End
MAR06638,Multiple
MAR06639,Dead-End
MAR06641,Dilution
MAR06642,Dilution
MAR06643,Loop
MAR06644,Multiple
MAR06645,Loop
MAR06646,Multiple
MAR06647,Loop
MAR06648,Dilution
MAR06649,Dilution
MAR06650,Loop
MAR06651,Loop
MAR06652,Loop
MAR06653,Dilution
MAR06654,Dilution
MAR06655,Dilution
MAR06656,Dilution
MAR06657,Dilution
MAR06658,Dilution
MAR06660,Loop
MAR06661,Loop
MAR06662,Loop
MAR06664,Dilution
MAR06665,Dilution
MAR06668,Dilution
MAR06669,Dilution
MAR06670,Dead-End
MAR06672,Loop
MAR06673,Loop
MAR06674,Loop
MAR06675,Multiple
MAR06676,Loop
MAR06677,Dilution
MAR06678,Dilution
MAR06681,Dead-End
MAR06682,Dilution
MAR06683,Dead-End
MAR06684,Dead-End
MAR06685,Dead-End
MAR06686,Dead-End
MAR06687,Dilution
MAR06690,Dilution
MAR06691,Dilution
MAR06692,Dilution
MAR06693,Dilution
MAR06694,Dead-End
MAR06695,Dead-End
MAR06697,Dead-End
MAR06699,Dead-End
MAR06700,Dilution
MAR06701,Dilution
MAR06702,Dilution
MAR06703,Dilution
MAR06704,Dead-End
MAR06705,Dead-End
MAR08698,Multiple
MAR08699,Multiple
MAR08702,Loop
MAR08703,Dead-End
MAR08704,Dead-End
MAR08706,Dead-End
MAR08709,Multiple
MAR08710,Loop
MAR08711,Loop
MAR04548,Loop
MAR04552,Loop
MAR04553,Loop
MAR04555,Dead-End
MAR04556,Dead-End
MAR04559,Duplicate
MAR04560,Duplicate
MAR08613,Dilution
MAR08615,Dilution
MAR08616,Dilution
MAR04068,Dilution
MAR08724,Dilution
MAR02114,Loop
MAR02129,Dilution
MAR02130,Dilution
MAR02131,Dilution
MAR02132,Dilution
MAR02133,Dilution
MAR02134,Dilution
MAR02135,Dilution
MAR02136,Dilution
MAR02139,Dilution
MAR02140,Multiple
MAR02142,Dilution
MAR02143,Dilution
MAR02144,Dilution
MAR02145,Dilution
MAR08003,Dead-End
MAR08005,Dead-End
MAR08006,Multiple
MAR08011,Loop
MAR08014,Loop
MAR06423,Dead-End
MAR06457,Multiple
MAR06458,Dead-End
MAR06500,Multiple
MAR06501,Dead-End
MAR06992,Dilution
MAR06993,Dilution
MAR06994,Dilution
MAR06995,Dilution
MAR06996,Dilution
MAR06997,Dilution
MAR06998,Dilution
MAR06999,Dilution
MAR07000,Dilution
MAR07002,Dilution
MAR07003,Dilution
MAR07004,Dilution
MAR07005,Dilution
MAR07006,Dilution
MAR07007,Dilution
MAR07008,Dilution
MAR07009,Dilution
MAR07010,Dilution
MAR07011,Dilution
MAR07012,Dilution
MAR07013,Dilution
MAR07014,Dilution
MAR07015,Dilution
MAR07016,Dilution
MAR07017,Dilution
MAR07018,Dilution
MAR07019,Dilution
MAR07020,Dilution
MAR07022,Dilution
MAR07023,Dilution
MAR07024,Dilution
MAR07025,Dilution
MAR07026,Dilution
MAR07027,Dilution
MAR07028,Dilution
MAR07029,Dilution
MAR07030,Dilution
MAR07031,Dilution
MAR07032,Dilution
MAR07033,Dilution
MAR07034,Dilution
MAR07035,Dilution
MAR07036,Dilution
MAR07037,Dilution
MAR07038,Dilution
MAR07039,Dilution
MAR07040,Dilution
MAR07041,Dilution
MAR07042,Dilution
MAR07043,Dilution
MAR07044,Dilution
MAR07045,Dilution
MAR07046,Dilution
MAR07047,Dilution
MAR07048,Dilution
MAR07049,Dilution
MAR07050,Dilution
MAR07051,Dead-End
MAR07052,Dilution
MAR07053,Dilution
MAR07054,Dilution
MAR07055,Dilution
MAR07056,Dilution
MAR07057,Dilution
MAR07058,Dilution
MAR07059,Dilution
MAR07060,Dilution
MAR07061,Dilution
MAR07063,Dilution
MAR07064,Dilution
MAR07065,Dilution
MAR07066,Dilution
MAR07067,Dilution
MAR07068,Dilution
MAR07069,Dilution
MAR07070,Dilution
MAR07071,Dilution
MAR07072,Dilution
MAR07073,Dilution
MAR07074,Dilution
MAR07075,Dilution
MAR07076,Dilution
MAR07077,Dilution
MAR07078,Dilution
MAR07079,Dilution
MAR07080,Dilution
MAR07081,Dilution
MAR07082,Dilution
MAR07083,Dilution
MAR07084,Dilution
MAR07085,Dilution
MAR07086,Dilution
MAR07087,Dilution
MAR07088,Dilution
MAR07089,Dilution
MAR07090,Dilution
MAR07091,Dead-End
MAR07092,Dead-End
MAR07093,Dead-End
MAR07094,Dead-End
MAR07095,Dead-End
MAR07096,Dead-End
MAR07097,Dead-End
MAR07098,Dead-End
MAR07099,Dilution
MAR07100,Dilution
MAR07103,Dilution
MAR07104,Dilution
MAR07106,Dilution
MAR06535,Dead-End
MAR06536,Dead-End
MAR03955,Loop
MAR03984,Duplicate
MAR05128,Loop
MAR05406,Loop
MAR05409,Loop
MAR08617,Dilution
MAR08749,Loop
MAR08750,Loop
MAR08751,Loop
MAR09469,Dead-End
MAR09481,Dead-End
MAR09482,Dead-End
MAR09488,Dilution
MAR09489,Dilution
MAR09490,Dead-End
MAR09491,Dead-End
MAR09493,Dilution
MAR09494,Dilution
MAR09498,Dead-End
MAR09499,Dead-End
MAR09506,Dead-End
MAR09507,Dead-End
MAR09508,Multiple
MAR09509,Dead-End
MAR09510,Dead-End
MAR09516,Dilution
MAR09517,Dilution
MAR09518,Dead-End
MAR09519,Dead-End
MAR09520,Dead-End
MAR09522,Dead-End
MAR09523,Multiple
MAR09530,Dead-End
MAR09531,Dead-End
MAR09532,Dead-End
MAR09536,Dead-End
MAR09537,Dead-End
MAR09538,Dead-End
MAR09539,Dead-End
MAR09540,Dead-End
MAR09541,Dead-End
MAR09542,Dead-End
MAR09553,Dead-End
MAR09565,Dead-End
MAR09566,Dead-End
MAR09567,Dead-End
MAR09568,Dead-End
MAR09575,Dead-End
MAR09580,Dead-End
MAR09581,Multiple
MAR09582,Multiple
MAR09583,Multiple
MAR09584,Multiple
MAR09585,Dead-End
MAR09586,Dead-End
MAR09587,Dead-End
MAR09588,Dead-End
MAR00014,Dilution
MAR05238,Dilution
MAR05239,Dilution
MAR05257,Dead-End
MAR00019,Loop
MAR00155,Loop
MAR00225,Loop
MAR00295,Duplicate
MAR00339,Duplicate
MAR00408,Loop
MAR00444,Loop
MAR00469,Duplicate
MAR00770,Loop
MAR01082,Loop
MAR01086,Loop
MAR01898,Multiple
MAR01899,Multiple
MAR01900,Multiple
MAR01901,Multiple
MAR01902,Multiple
MAR01903,Multiple
MAR01904,Multiple
MAR01905,Multiple
MAR01906,Multiple
MAR01907,Multiple
MAR01908,Multiple
MAR01909,Multiple
MAR01913,Duplicate
MAR01914,Multiple
MAR03916,Loop
MAR03951,Loop
MAR04321,Loop
MAR04433,Multiple
MAR04434,Multiple
MAR04435,Multiple
MAR04436,Loop
MAR04721,Multiple
MAR04844,Loop
MAR04845,Multiple
MAR04858,Loop
MAR04861,Loop
MAR04873,Loop
MAR04875,Loop
MAR04885,Loop
MAR04910,Multiple
MAR04912,Multiple
MAR04919,Loop
MAR04928,Loop
MAR04933,Multiple
MAR04934,Loop
MAR04938,Duplicate
MAR04939,Duplicate
MAR04946,Multiple
MAR04949,Loop
MAR04954,Loop
MAR04958,Loop
MAR04973,Loop
MAR04975,Loop
MAR04976,Loop
MAR04983,Multiple
MAR04989,Loop
MAR04992,Loop
MAR04995,Loop
MAR05003,Loop
MAR05007,Loop
MAR05008,Loop
MAR05013,Loop
MAR05018,Loop
MAR05021,Multiple
MAR05023,Loop
MAR05029,Loop
MAR05032,Loop
MAR05034,Loop
MAR05035,Loop
MAR05037,Loop
MAR05038,Multiple
MAR05039,Multiple
MAR05040,Multiple
MAR05041,Multiple
MAR05042,Loop
MAR05068,Loop
MAR05071,Loop
MAR05074,Loop
MAR05077,Loop
MAR05078,Loop
MAR05080,Loop
MAR05084,Loop
MAR05085,Loop
MAR05087,Loop
MAR05088,Loop
MAR05089,Loop
MAR05091,Loop
MAR05129,Multiple
MAR05237,Dilution
MAR05240,Dilution
MAR05295,Duplicate
MAR05305,Loop
MAR05307,Multiple
MAR05310,Multiple
MAR05313,Multiple
MAR05314,Loop
MAR05322,Multiple
MAR05328,Loop
MAR05330,Loop
MAR05335,Multiple
MAR05413,Loop
MAR05429,Duplicate
MAR05430,Loop
MAR05432,Multiple
MAR05433,Loop
MAR05435,Multiple
MAR05436,Multiple
MAR05437,Multiple
MAR05438,Multiple
MAR05440,Loop
MAR05441,Multiple
MAR05443,Dilution
MAR05444,Dilution
MAR05445,Dilution
MAR05448,Multiple
MAR05450,Multiple
MAR05454,Multiple
MAR05455,Multiple
MAR05457,Multiple
MAR05458,Loop
MAR05459,Loop
MAR05460,Loop
MAR05461,Loop
MAR05462,Loop
MAR05463,Loop
MAR05464,Loop
MAR05465,Loop
MAR05466,Loop
MAR05467,Loop
MAR05468,Loop
MAR05470,Loop
MAR05471,Multiple
MAR05472,Loop
MAR05473,Loop
MAR05475,Loop
MAR05476,Loop
MAR05477,Loop
MAR05478,Loop
MAR05479,Loop
MAR05480,Loop
MAR05481,Loop
MAR05482,Loop
MAR05484,Loop
MAR05485,Multiple
MAR05486,Loop
MAR05487,Loop
MAR05488,Loop
MAR05489,Loop
MAR05490,Loop
MAR05492,Loop
MAR05493,Loop
MAR05495,Loop
MAR05496,Loop
MAR05497,Loop
MAR05498,Multiple
MAR05499,Loop
MAR05500,Loop
MAR05501,Loop
MAR05502,Loop
MAR05503,Loop
MAR05504,Loop
MAR05505,Loop
MAR05506,Loop
MAR05507,Loop
MAR05508,Loop
MAR05509,Loop
MAR05510,Multiple
MAR05511,Loop
MAR05512,Loop
MAR05515,Loop
MAR05517,Loop
MAR05518,Loop
MAR05521,Multiple
MAR05522,Loop
MAR05523,Loop
MAR05524,Loop
MAR05525,Loop
MAR05526,Loop
MAR05527,Loop
MAR05528,Loop
MAR05529,Loop
MAR05530,Loop
MAR05531,Multiple
MAR05532,Loop
MAR05533,Loop
MAR05534,Loop
MAR05535,Loop
MAR05536,Loop
MAR05537,Loop
MAR05539,Loop
MAR05540,Multiple
MAR05541,Loop
MAR05542,Loop
MAR05543,Loop
MAR05544,Loop
MAR05545,Loop
MAR05546,Loop
MAR05547,Loop
MAR05548,Multiple
MAR05549,Loop
MAR05550,Loop
MAR05551,Loop
MAR05552,Loop
MAR05553,Loop
MAR05554,Loop
MAR05555,Multiple
MAR05556,Loop
MAR05557,Loop
MAR05558,Loop
MAR05559,Loop
MAR05560,Loop
MAR05561,Multiple
MAR05562,Loop
MAR05563,Loop
MAR05564,Loop
MAR05565,Loop
MAR05566,Multiple
MAR05567,Loop
MAR05568,Loop
MAR05569,Loop
MAR05570,Multiple
MAR05571,Loop
MAR05572,Loop
MAR05573,Multiple
MAR05574,Loop
MAR05575,Multiple
MAR05576,Loop
MAR05577,Multiple
MAR05578,Loop
MAR05579,Loop
MAR05581,Loop
MAR05582,Loop
MAR05583,Loop
MAR05584,Loop
MAR05585,Loop
MAR05586,Loop
MAR05587,Multiple
MAR05588,Multiple
MAR05589,Multiple
MAR05590,Multiple
MAR05591,Multiple
MAR05592,Multiple
MAR05593,Multiple
MAR05594,Multiple
MAR05595,Multiple
MAR05596,Multiple
MAR05597,Multiple
MAR05598,Multiple
MAR05599,Multiple
MAR05600,Multiple
MAR05601,Multiple
MAR05602,Multiple
MAR05603,Multiple
MAR05604,Multiple
MAR05605,Multiple
MAR05606,Multiple
MAR05607,Multiple
MAR05608,Multiple
MAR05609,Multiple
MAR05610,Multiple
MAR05611,Multiple
MAR05612,Multiple
MAR05613,Multiple
MAR05614,Multiple
MAR05615,Multiple
MAR05616,Multiple
MAR05617,Multiple
MAR05618,Multiple
MAR05619,Multiple
MAR05620,Multiple
MAR05621,Multiple
MAR05622,Multiple
MAR05623,Multiple
MAR05624,Multiple
MAR05625,Multiple
MAR05626,Multiple
MAR05627,Multiple
MAR05628,Multiple
MAR05629,Multiple
MAR05630,Multiple
MAR05631,Multiple
MAR05632,Multiple
MAR05633,Multiple
MAR05634,Multiple
MAR05635,Multiple
MAR05636,Multiple
MAR05637,Multiple
MAR05638,Multiple
MAR05639,Multiple
MAR05640,Multiple
MAR05641,Multiple
MAR05642,Multiple
MAR05643,Multiple
MAR05644,Multiple
MAR05645,Multiple
MAR05646,Multiple
MAR05647,Multiple
MAR05648,Multiple
MAR05649,Multiple
MAR05650,Multiple
MAR05651,Multiple
MAR05652,Multiple
MAR05653,Multiple
MAR05654,Multiple
MAR05655,Multiple
MAR05656,Multiple
MAR05657,Multiple
MAR05658,Multiple
MAR05659,Multiple
MAR05660,Multiple
MAR05661,Multiple
MAR05662,Multiple
MAR05663,Multiple
MAR05664,Multiple
MAR05665,Multiple
MAR05666,Multiple
MAR05667,Multiple
MAR05668,Multiple
MAR05669,Multiple
MAR05670,Multiple
MAR05671,Multiple
MAR05672,Multiple
MAR05673,Multiple
MAR05674,Multiple
MAR05675,Multiple
MAR05676,Multiple
MAR05677,Multiple
MAR05678,Multiple
MAR05679,Multiple
MAR05680,Multiple
MAR05681,Multiple
MAR05682,Multiple
MAR05683,Multiple
MAR05684,Multiple
MAR05685,Multiple
MAR05686,Multiple
MAR05687,Multiple
MAR05688,Multiple
MAR05689,Multiple
MAR05690,Multiple
MAR05691,Multiple
MAR05692,Multiple
MAR05693,Multiple
MAR05694,Multiple
MAR05695,Multiple
MAR05696,Multiple
MAR05697,Multiple
MAR05698,Multiple
MAR05699,Multiple
MAR05700,Multiple
MAR05701,Multiple
MAR05702,Multiple
MAR05703,Multiple
MAR05704,Multiple
MAR05705,Multiple
MAR05706,Multiple
MAR05707,Multiple
MAR05708,Multiple
MAR05709,Multiple
MAR05710,Multiple
MAR05711,Multiple
MAR05712,Multiple
MAR05713,Multiple
MAR05714,Multiple
MAR05715,Multiple
MAR05716,Multiple
MAR05717,Multiple
MAR05718,Multiple
MAR05719,Multiple
MAR05720,Multiple
MAR05721,Multiple
MAR05722,Multiple
MAR05723,Multiple
MAR05724,Multiple
MAR05725,Multiple
MAR05726,Multiple
MAR05727,Multiple
MAR05728,Multiple
MAR05729,Multiple
MAR05730,Multiple
MAR05731,Multiple
MAR05732,Multiple
MAR05733,Multiple
MAR05734,Multiple
MAR05735,Multiple
MAR05736,Multiple
MAR05737,Multiple
MAR05738,Multiple
MAR05739,Multiple
MAR05740,Multiple
MAR05741,Multiple
MAR05742,Multiple
MAR05743,Multiple
MAR05744,Multiple
MAR05745,Multiple
MAR05746,Multiple
MAR05747,Multiple
MAR05748,Multiple
MAR05749,Multiple
MAR05750,Multiple
MAR05751,Multiple
MAR05752,Multiple
MAR05753,Multiple
MAR05754,Multiple
MAR05755,Multiple
MAR05756,Multiple
MAR05757,Multiple
MAR05758,Multiple
MAR05759,Multiple
MAR05760,Multiple
MAR05761,Multiple
MAR05762,Multiple
MAR05763,Multiple
MAR05764,Multiple
MAR05765,Multiple
MAR05766,Multiple
MAR05767,Multiple
MAR05768,Multiple
MAR05769,Multiple
MAR05770,Multiple
MAR05771,Multiple
MAR05772,Multiple
MAR05773,Multiple
MAR05774,Multiple
MAR05775,Multiple
MAR05776,Multiple
MAR05777,Multiple
MAR05778,Multiple
MAR05779,Multiple
MAR05780,Multiple
MAR05781,Multiple
MAR05782,Multiple
MAR05783,Multiple
MAR05784,Multiple
MAR05785,Multiple
MAR05786,Multiple
MAR05787,Multiple
MAR05788,Multiple
MAR05789,Multiple
MAR05790,Multiple
MAR05791,Multiple
MAR05792,Multiple
MAR05793,Multiple
MAR05794,Multiple
MAR05795,Multiple
MAR05796,Multiple
MAR05797,Multiple
MAR05798,Multiple
MAR05799,Multiple
MAR05800,Multiple
MAR05801,Multiple
MAR05802,Multiple
MAR05803,Multiple
MAR05804,Multiple
MAR05805,Multiple
MAR05806,Multiple
MAR05807,Multiple
MAR05808,Multiple
MAR05809,Multiple
MAR05810,Multiple
MAR05811,Multiple
MAR05812,Multiple
MAR05813,Multiple
MAR05814,Multiple
MAR05815,Multiple
MAR05816,Multiple
MAR05817,Multiple
MAR05818,Multiple
MAR05819,Multiple
MAR05820,Multiple
MAR05821,Multiple
MAR05822,Multiple
MAR05823,Multiple
MAR05824,Multiple
MAR05825,Multiple
MAR05826,Multiple
MAR05829,Loop
MAR05833,Loop
MAR05835,Loop
MAR05838,Loop
MAR05839,Loop
MAR05846,Loop
MAR05847,Loop
MAR05852,Loop
MAR05858,Loop
MAR05860,Loop
MAR05862,Loop
MAR05864,Loop
MAR05868,Loop
MAR05871,Loop
MAR05872,Loop
MAR05875,Loop
MAR05877,Loop
MAR05881,Loop
MAR05882,Loop
MAR05887,Loop
MAR05889,Loop
MAR05891,Loop
MAR05892,Loop
MAR05893,Loop
MAR05896,Loop
MAR05897,Multiple
MAR05898,Multiple
MAR05899,Multiple
MAR05900,Multiple
MAR05901,Multiple
MAR05902,Loop
MAR05903,Loop
MAR05904,Loop
MAR05906,Loop
MAR05907,Loop
MAR05909,Loop
MAR05910,Loop
MAR05911,Loop
MAR05913,Loop
MAR05914,Loop
MAR05915,Loop
MAR05916,Loop
MAR05917,Loop
MAR05918,Loop
MAR05919,Loop
MAR05920,Loop
MAR05921,Multiple
MAR05922,Loop
MAR05924,Loop
MAR05926,Loop
MAR05928,Loop
MAR05931,Loop
MAR05932,Loop
MAR05935,Loop
MAR05937,Multiple
MAR05938,Loop
MAR05941,Loop
MAR05946,Loop
MAR05951,Loop
MAR05953,Multiple
MAR05956,Loop
MAR05957,Loop
MAR05958,Loop
MAR05959,Loop
MAR05962,Loop
MAR05965,Loop
MAR05969,Multiple
MAR05971,Loop
MAR05972,Loop
MAR05973,Loop
MAR05975,Loop
MAR05976,Loop
MAR05978,Loop
MAR05979,Loop
MAR05983,Loop
MAR05984,Loop
MAR05985,Multiple
MAR05987,Loop
MAR05989,Multiple
MAR05990,Loop
MAR05992,Multiple
MAR05994,Duplicate
MAR05995,Duplicate
MAR05996,Duplicate
MAR05997,Duplicate
MAR05998,Loop
MAR06000,Loop
MAR06003,Loop
MAR06004,Loop
MAR06005,Loop
MAR06006,Loop
MAR06007,Loop
MAR06008,Loop
MAR06009,Loop
MAR06010,Loop
MAR06011,Loop
MAR06012,Loop
MAR06013,Loop
MAR06014,Loop
MAR06015,Loop
MAR06016,Loop
MAR06017,Loop
MAR06018,Loop
MAR06019,Loop
MAR06020,Loop
MAR06021,Loop
MAR06022,Loop
MAR06024,Loop
MAR06025,Loop
MAR06026,Loop
MAR06027,Loop
MAR06029,Loop
MAR06030,Loop
MAR06031,Loop
MAR06032,Loop
MAR06033,Loop
MAR06034,Loop
MAR06035,Loop
MAR06036,Loop
MAR06037,Loop
MAR06038,Loop
MAR06039,Loop
MAR06040,Loop
MAR06041,Loop
MAR06042,Loop
MAR06043,Loop
MAR06044,Loop
MAR06045,Loop
MAR06046,Loop
MAR06047,Loop
MAR06048,Loop
MAR06049,Loop
MAR06050,Loop
MAR06051,Loop
MAR06052,Loop
MAR06053,Loop
MAR06054,Loop
MAR06055,Multiple
MAR06056,Multiple
MAR06057,Multiple
MAR06058,Loop
MAR06059,Multiple
MAR06060,Multiple
MAR06061,Multiple
MAR06062,Multiple
MAR06063,Multiple
MAR06064,Multiple
MAR06065,Multiple
MAR06066,Multiple
MAR06067,Multiple
MAR06068,Multiple
MAR06069,Multiple
MAR06070,Multiple
MAR06071,Multiple
MAR06072,Multiple
MAR06073,Multiple
MAR06074,Multiple
MAR06075,Multiple
MAR06076,Multiple
MAR06077,Multiple
MAR06078,Multiple
MAR06079,Multiple
MAR06080,Multiple
MAR06081,Multiple
MAR06082,Multiple
MAR06083,Multiple
MAR06084,Multiple
MAR06085,Multiple
MAR06086,Multiple
MAR06087,Multiple
MAR06088,Multiple
MAR06089,Multiple
MAR06090,Multiple
MAR06091,Multiple
MAR06092,Multiple
MAR06093,Multiple
MAR06094,Multiple
MAR06095,Loop
MAR06096,Multiple
MAR06097,Multiple
MAR06098,Multiple
MAR06099,Multiple
MAR06100,Multiple
MAR06101,Loop
MAR06102,Loop
MAR06103,Loop
MAR06104,Loop
MAR06106,Loop
MAR06107,Loop
MAR06108,Multiple
MAR06109,Multiple
MAR06110,Multiple
MAR06111,Multiple
MAR06112,Multiple
MAR06113,Multiple
MAR06114,Multiple
MAR06115,Multiple
MAR06116,Multiple
MAR06117,Multiple
MAR06118,Multiple
MAR06119,Multiple
MAR06120,Multiple
MAR06121,Multiple
MAR06122,Multiple
MAR06123,Multiple
MAR06124,Multiple
MAR06125,Multiple
MAR06126,Multiple
MAR06127,Multiple
MAR06128,Multiple
MAR06129,Loop
MAR06130,Multiple
MAR06131,Multiple
MAR06132,Multiple
MAR06133,Multiple
MAR06134,Multiple
MAR06135,Multiple
MAR06136,Multiple
MAR06137,Multiple
MAR06138,Multiple
MAR06139,Multiple
MAR06140,Multiple
MAR06141,Multiple
MAR06142,Multiple
MAR06143,Multiple
MAR06144,Multiple
MAR06145,Multiple
MAR06146,Multiple
MAR06147,Multiple
MAR06148,Multiple
MAR06149,Multiple
MAR06150,Multiple
MAR06151,Multiple
MAR06152,Multiple
MAR06153,Multiple
MAR06154,Multiple
MAR06155,Multiple
MAR06156,Multiple
MAR06157,Multiple
MAR06158,Multiple
MAR06159,Multiple
MAR06160,Multiple
MAR06161,Multiple
MAR06162,Multiple
MAR06163,Multiple
MAR06164,Multiple
MAR06165,Multiple
MAR06166,Multiple
MAR06167,Multiple
MAR06168,Multiple
MAR06169,Multiple
MAR06170,Multiple
MAR06171,Multiple
MAR06172,Multiple
MAR06173,Multiple
MAR06174,Multiple
MAR06175,Multiple
MAR06176,Multiple
MAR06177,Multiple
MAR06178,Multiple
MAR06179,Multiple
MAR06180,Multiple
MAR06181,Multiple
MAR06182,Multiple
MAR06183,Multiple
MAR06184,Multiple
MAR06185,Multiple
MAR06186,Multiple
MAR06187,Multiple
MAR06188,Multiple
MAR06189,Multiple
MAR06190,Multiple
MAR06191,Multiple
MAR06192,Multiple
MAR06193,Multiple
MAR06194,Multiple
MAR06195,Multiple
MAR06196,Multiple
MAR06197,Multiple
MAR06198,Multiple
MAR06199,Multiple
MAR06200,Multiple
MAR06201,Multiple
MAR06202,Multiple
MAR06203,Multiple
MAR06204,Multiple
MAR06205,Multiple
MAR06206,Multiple
MAR06207,Multiple
MAR06208,Multiple
MAR06209,Multiple
MAR06210,Multiple
MAR06211,Multiple
MAR06212,Multiple
MAR06213,Multiple
MAR06214,Loop
MAR06215,Loop
MAR06216,Loop
MAR06217,Loop
MAR06218,Loop
MAR06219,Loop
MAR06220,Loop
MAR06221,Loop
MAR06222,Loop
MAR06223,Loop
MAR06224,Loop
MAR06225,Loop
MAR06226,Loop
MAR06227,Loop
MAR06228,Loop
MAR06229,Loop
MAR06230,Multiple
MAR06231,Loop
MAR06232,Multiple
MAR06233,Loop
MAR06234,Loop
MAR06235,Loop
MAR06236,Loop
MAR06237,Multiple
MAR06238,Loop
MAR06239,Loop
MAR06240,Loop
MAR06241,Loop
MAR06242,Multiple
MAR06243,Loop
MAR06245,Loop
MAR06246,Loop
MAR06247,Loop
MAR06248,Loop
MAR06249,Loop
MAR06250,Loop
MAR06251,Loop
MAR06252,Loop
MAR06253,Loop
MAR06254,Loop
MAR06255,Loop
MAR06256,Loop
MAR06257,Multiple
MAR06258,Loop
MAR06259,Loop
MAR06260,Loop
MAR06261,Loop
MAR06262,Loop
MAR06263,Loop
MAR06264,Loop
MAR06265,Multiple
MAR06266,Loop
MAR06267,Multiple
MAR06269,Loop
MAR06270,Loop
MAR06271,Multiple
MAR06272,Loop
MAR06273,Loop
MAR06274,Loop
MAR06275,Multiple
MAR06351,Multiple
MAR06352,Multiple
MAR06353,Multiple
MAR06354,Multiple
MAR06355,Multiple
MAR06356,Multiple
MAR06357,Multiple
MAR06358,Multiple
MAR06359,Multiple
MAR06360,Multiple
MAR06361,Multiple
MAR06362,Multiple
MAR06363,Multiple
MAR06364,Multiple
MAR06365,Multiple
MAR06366,Loop
MAR06367,Loop
MAR06368,Loop
MAR06369,Loop
MAR06370,Multiple
MAR06373,Loop
MAR06374,Loop
MAR06379,Multiple
MAR06380,Multiple
MAR06381,Multiple
MAR06382,Multiple
MAR06383,Multiple
MAR06384,Multiple
MAR06392,Dilution
MAR06406,Multiple
MAR06524,Loop
MAR06525,Multiple
MAR06527,Loop
MAR06529,Multiple
MAR06530,Loop
MAR06532,Multiple
MAR06534,Multiple
MAR06732,Loop
MAR06733,Multiple
MAR06989,Multiple
MAR06991,Multiple
MAR07109,Dilution
MAR07115,Dilution
MAR07117,Dilution
MAR07119,Dilution
MAR07123,Dilution
MAR07125,Dilution
MAR07127,Dilution
MAR07630,Loop
MAR07631,Loop
MAR07633,Duplicate
MAR07634,Duplicate
MAR07635,Duplicate
MAR07636,Duplicate
MAR07637,Duplicate
MAR07639,Multiple
MAR07643,Loop
MAR07644,Loop
MAR07645,Loop
MAR07650,Duplicate
MAR07666,Multiple
MAR07667,Duplicate
MAR07681,Duplicate
MAR07682,Multiple
MAR07683,Loop
MAR07684,Loop
MAR07685,Loop
MAR07686,Loop
MAR07699,Multiple
MAR07700,Multiple
MAR07734,Loop
MAR07736,Duplicate
MAR07737,Duplicate
MAR07738,Duplicate
MAR07739,Multiple
MAR07901,Dead-End
MAR07902,Loop
MAR07903,Multiple
MAR07904,Duplicate
MAR07977,Loop
MAR08023,Loop
MAR08075,Loop
MAR08076,Multiple
MAR08077,Multiple
MAR08081,Loop
MAR08354,Loop
MAR08408,Loop
MAR08429,Loop
MAR08515,Loop
MAR08551,Loop
MAR08612,Dilution
MAR08618,Multiple
MAR08635,Loop
MAR08656,Dead-End
MAR08659,Loop
MAR08670,Multiple
MAR08671,Multiple
MAR08676,Loop
MAR08677,Loop
MAR08721,Loop
MAR08730,Duplicate
MAR08732,Duplicate
MAR08733,Multiple
MAR08734,Multiple
MAR08735,Multiple
MAR08736,Loop
MAR08846,Dilution
MAR08847,Loop
MAR08853,Loop
MAR08861,Loop
MAR08872,Loop
MAR08876,Multiple
MAR08877,Multiple
MAR08879,Loop
MAR08884,Multiple
MAR08889,Loop
MAR08911,Multiple
MAR08912,Multiple
MAR08917,Loop
MAR08922,Duplicate
MAR08923,Dilution
MAR08924,Multiple
MAR08925,Loop
MAR08929,Multiple
MAR08930,Duplicate
MAR08932,Loop
MAR08936,Loop
MAR08937,Loop
MAR08938,Multiple
MAR09178,Dilution
MAR09180,Multiple
MAR09190,Loop
MAR09191,Multiple
MAR09195,Loop
MAR09196,Dead-End
MAR09197,Loop
MAR09198,Loop
MAR09590,Loop
MAR09591,Multiple
MAR09592,Multiple
MAR09593,Loop
MAR09594,Multiple
MAR09595,Multiple
MAR09597,Multiple
MAR09598,Multiple
MAR09599,Multiple
MAR09600,Multiple
MAR09601,Duplicate
MAR09602,Duplicate
MAR09603,Multiple
MAR09604,Multiple
MAR09605,Multiple
MAR09606,Loop
MAR09607,Multiple
MAR09608,Dilution
MAR09610,Duplicate
MAR09612,Loop
MAR09613,Multiple
MAR09614,Multiple
MAR09615,Multiple
MAR09616,Multiple
MAR09617,Multiple
MAR09619,Loop
MAR09621,Multiple
MAR09622,Loop
MAR09623,Loop
MAR09624,Loop
MAR09637,Dilution
MAR09639,Loop
MAR09640,Loop
MAR09649,Loop
MAR09650,Loop
MAR09652,Loop
MAR09660,Loop
MAR09661,Loop
MAR09662,Loop
MAR09737,Loop
MAR08428,Loop
MAR08430,Loop
MAR08022,Loop
MAR08070,Loop
MAR09015,Loop
MAR00157,Loop
MAR00158,Loop
MAR00169,Loop
MAR00175,Loop
MAR01145,Loop
MAR01187,Loop
MAR01267,Loop
MAR01284,Loop
MAR01602,Loop
MAR01915,Loop
MAR01925,Loop
MAR02141,Dilution
MAR02590,Loop
MAR03746,Loop
MAR03921,Dead-End
MAR03949,Loop
MAR03950,Loop
MAR03952,Loop
MAR04184,Dilution
MAR04237,Loop
MAR04843,Loop
MAR04854,Loop
MAR04863,Loop
MAR04864,Loop
MAR04867,Loop
MAR04870,Dilution
MAR04871,Multiple
MAR04872,Multiple
MAR04874,Loop
MAR04898,Loop
MAR04914,Loop
MAR04922,Loop
MAR04926,Loop
MAR04964,Loop
MAR04971,Loop
MAR04972,Loop
MAR04957,Loop
MAR04977,Loop
MAR04998,Loop
MAR05006,Loop
MAR05031,Loop
MAR05036,Loop
MAR05046,Loop
MAR05101,Duplicate
MAR05102,Duplicate
MAR05113,Loop
MAR05114,Loop
MAR05115,Duplicate
MAR05116,Duplicate
MAR05122,Loop
MAR05124,Loop
MAR05125,Duplicate
MAR05126,Duplicate
MAR05222,Dilution
MAR05223,Dead-End
MAR05225,Loop
MAR05227,Dilution
MAR05292,Loop
MAR05304,Loop
MAR05361,Loop
MAR05426,Loop
MAR06276,Loop
MAR06277,Loop
MAR06286,Loop
MAR06288,Loop
MAR06292,Loop
MAR06295,Loop
MAR06296,Loop
MAR06298,Loop
MAR06299,Duplicate
MAR06300,Duplicate
MAR06301,Duplicate
MAR06302,Duplicate
MAR06307,Duplicate
MAR06308,Duplicate
MAR06311,Loop
MAR06315,Duplicate
MAR06316,Duplicate
MAR06325,Duplicate
MAR06326,Duplicate
MAR06328,Loop
MAR06333,Loop
MAR06342,Loop
MAR06521,Loop
MAR06522,Loop
MAR07708,Loop
MAR07769,Loop
MAR07808,Loop
MAR07810,Loop
MAR07812,Loop
MAR07814,Loop
MAR07818,Loop
MAR07820,Loop
MAR07822,Loop
MAR07824,Loop
MAR07843,Loop
MAR07844,Loop
MAR07846,Loop
MAR07847,Loop
MAR07852,Loop
MAR07853,Loop
MAR07854,Loop
MAR07897,Dead-End
MAR07899,Dead-End
MAR08475,Loop
MAR08614,Dilution
MAR08655,Dead-End
MAR08741,Loop
MAR08742,Loop
MAR08745,Loop
MAR08785,Dead-End
MAR08910,Dead-End
MAR09675,Loop
MAR00707,Dead-End
MAR00713,Loop
MAR01144,Loop
MAR01188,Loop
MAR01268,Loop
MAR01283,Loop
MAR03007,Loop
MAR03026,Loop
MAR03473,Loop
MAR04908,Loop
MAR04924,Loop
MAR04930,Loop
MAR04986,Loop
MAR05344,Loop
MAR05346,Loop
MAR05362,Loop
MAR05452,Loop
MAR05453,Loop
MAR06928,Dead-End
MAR06937,Dead-End
MAR06986,Loop
MAR07771,Loop
MAR07775,Loop
MAR07777,Loop
MAR07779,Loop
MAR07782,Loop
MAR07785,Loop
MAR07797,Loop
MAR09179,Multiple
MAR09680,Loop
MAR01090,Loop
MAR01095,Loop
MAR04274,Loop
MAR04275,Loop
MAR04535,Loop
MAR04916,Loop
MAR05422,Loop
MAR05423,Loop
MAR05424,Loop
MAR07664,Dilution
MAR07665,Dilution
MAR07786,Loop
MAR07795,Multiple
MAR07855,Multiple
MAR07856,Loop
MAR07857,Loop
MAR07860,Loop
MAR07877,Multiple
MAR08024,Loop
MAR08361,Loop
MAR08363,Loop
MAR08476,Loop
MAR08909,Multiple
MAR08918,Dilution
MAR09674,Loop
MAR08638,Dead-End
MAR08642,Dead-End
MAR09016,Dead-End
MAR00769,Loop
MAR00796,Loop
MAR01917,Loop
MAR02040,Dead-End
MAR02087,Loop
MAR02090,Loop
MAR04887,Loop
MAR04903,Dead-End
MAR04962,Loop
MAR05226,Dilution
MAR05228,Dilution
MAR07199,Loop
MAR07762,Loop
MAR08202,Loop
MAR08490,Dead-End
MAR08491,Dead-End
MAR08492,Dead-End
MAR08765,Loop
MAR08928,Dead-End
MAR00612,Dilution
MAR03597,Loop
MAR04961,Loop
MAR05248,Dead-End
MAR05249,Loop
MAR09738,Dilution
MAR09739,Dilution
MAR09740,Dilution
MAR09741,Dilution
MAR09742,Dilution
MAR09743,Dilution
MAR09744,Dilution
MAR09745,Dilution
MAR09746,Dilution
MAR09747,Dilution
MAR09748,Dilution
MAR09749,Dilution
MAR09750,Dilution
MAR09751,Dilution
MAR09752,Dilution
MAR09753,Dilution
MAR09754,Dilution
MAR09755,Dilution
MAR09756,Dilution
MAR09757,Dilution
MAR09758,Dilution
MAR09759,Dilution
MAR09760,Dilution
MAR09761,Dilution
MAR09763,Dilution
MAR09764,Dilution
MAR09765,Dilution
MAR09766,Dilution
MAR09767,Dilution
MAR09770,Dilution
MAR09771,Dilution
MAR09772,Dilution
MAR09773,Dilution
MAR09776,Dilution
MAR09777,Dilution
MAR09778,Dilution
MAR09780,Dilution
MAR09781,Dilution
MAR09782,Dilution
MAR09783,Dilution
MAR09784,Dilution
MAR09785,Dilution
MAR09786,Dilution
MAR09787,Dilution
MAR09788,Dilution
MAR09789,Dilution
MAR09790,Dilution
MAR09791,Dilution
MAR09792,Dilution
MAR09793,Dilution
MAR09794,Dilution
MAR09795,Dilution
MAR09796,Dilution
MAR00731,Loop
MAR00734,Loop
MAR04125,Dead-End
MAR04902,Dead-End
MAR07431,Loop
MAR07743,Loop
MAR07793,Loop
MAR08146,Loop
MAR08241,Loop
MAR08259,Loop
MAR08673,Dead-End
MAR09199,Dead-End
MAR09669,Loop
MAR09670,Loop
MAR09671,Loop
MAR07432,Loop
MAR00020,Loop
MAR00464,Multiple
MAR00664,Dead-End
MAR00730,Loop
MAR01143,Loop
MAR01189,Loop
MAR01311,Loop
MAR01316,Loop
MAR01331,Loop
MAR01530,Loop
MAR01672,Loop
MAR01998,Loop
MAR02569,Loop
MAR04123,Loop
MAR04126,Dead-End
MAR04765,Loop
MAR04846,Loop
MAR04856,Loop
MAR04876,Loop
MAR04877,Loop
MAR04880,Loop
MAR04883,Loop
MAR04894,Loop
MAR04913,Loop
MAR04941,Loop
MAR04960,Loop
MAR05004,Loop
MAR05027,Loop
MAR05342,Loop
MAR05347,Loop
MAR05354,Loop
MAR06386,Loop
MAR06387,Loop
MAR06388,Loop
MAR07772,Loop
MAR07776,Loop
MAR07778,Loop
MAR07780,Loop
MAR08347,Loop
MAR08350,Loop
MAR08351,Loop
MAR08651,Dead-End
MAR08855,Loop
MAR08859,Loop
MAR08886,Loop
MAR08921,Dead-End
MAR09177,Dilution
MAR09200,Dead-End
MAR07108,Dilution
MAR07114,Dilution
MAR07116,Dilution
MAR07118,Dilution
MAR07122,Dilution
MAR07124,Dilution
MAR07126,Dilution
MAR09157,Dead-End
MAR09167,Dilution
MAR09269,Dilution
MAR09278,Dead-End
MAR09298,Dilution
MAR09424,Dilution
MAR00031,Multiple
MAR00032,Multiple
MAR00021,Dilution
MAR00022,Dilution
MAR00023,Dilution
MAR00033,Dilution
MAR00034,Dilution
MAR00035,Dilution
MAR00038,Loop
MAR00041,Duplicate
MAR00045,Loop
MAR00050,Multiple
MAR00051,Dead-End
MAR00052,Duplicate
MAR00053,Loop
MAR00057,Loop
MAR00058,Duplicate
MAR00060,Loop
MAR00061,Loop
MAR00064,Loop
MAR00065,Duplicate
MAR00067,Multiple
MAR00073,Dilution
MAR00074,Dilution
MAR00076,Loop
MAR00077,Loop
MAR00078,Loop
MAR00079,Loop
MAR00086,Dilution
MAR00087,Duplicate
MAR00091,Dilution
MAR00092,Dilution
MAR00093,Dilution
MAR00094,Duplicate
MAR00095,Multiple
MAR00097,Loop
MAR00098,Dead-End
MAR00102,Loop
MAR00105,Loop
MAR00106,Loop
MAR00107,Loop
MAR00108,Multiple
MAR00109,Loop
MAR00110,Loop
MAR00111,Loop
MAR00112,Loop
MAR00113,Duplicate
MAR00114,Duplicate
MAR00116,Duplicate
MAR00117,Duplicate
MAR00118,Duplicate
MAR00123,Loop
MAR00124,Loop
MAR00125,Loop
MAR00126,Loop
MAR00128,Loop
MAR00130,Dead-End
MAR00138,Loop
MAR00141,Loop
MAR00143,Loop
MAR00144,Duplicate
MAR00145,Duplicate
MAR00146,Duplicate
MAR00149,Duplicate
MAR00152,Duplicate
MAR00181,Duplicate
MAR00186,Duplicate
MAR00219,Loop
MAR00222,Duplicate
MAR00229,Loop
MAR00252,Loop
MAR00286,Loop
MAR00315,Loop
MAR00334,Duplicate
MAR00443,Loop
MAR00447,Dead-End
MAR00451,Loop
MAR00452,Loop
MAR00465,Loop
MAR00471,Dead-End
MAR00473,Dead-End
MAR00480,Dead-End
MAR00485,Dead-End
MAR00554,Dead-End
MAR00562,Multiple
MAR00563,Multiple
MAR00570,Dead-End
MAR00711,Dead-End
MAR00737,Multiple
MAR00742,Loop
MAR00751,Dead-End
MAR00800,Dead-End
MAR01047,Loop
MAR01051,Loop
MAR01052,Loop
MAR01169,Duplicate
MAR01314,Duplicate
MAR01354,Loop
MAR01369,Loop
MAR01372,Dead-End
MAR01377,Loop
MAR01378,Loop
MAR01396,Duplicate
MAR01400,Dead-End
MAR01435,Loop
MAR01439,Dead-End
MAR01441,Dead-End
MAR01442,Duplicate
MAR01452,Loop
MAR01461,Loop
MAR01481,Dead-End
MAR01482,Dead-End
MAR01483,Multiple
MAR01485,Loop
MAR01486,Loop
MAR01487,Loop
MAR01488,Loop
MAR01489,Loop
MAR01491,Loop
MAR01492,Loop
MAR01511,Dead-End
MAR01513,Dead-End
MAR01518,Duplicate
MAR01525,Loop
MAR01528,Loop
MAR01534,Loop
MAR01555,Duplicate
MAR01556,Dead-End
MAR01559,Dead-End
MAR01561,Loop
MAR01563,Dead-End
MAR01564,Dead-End
MAR01578,Loop
MAR01582,Loop
MAR01587,Loop
MAR01591,Dead-End
MAR01594,Duplicate
MAR01597,Loop
MAR01626,Loop
MAR01633,Loop
MAR01636,Duplicate
MAR01640,Loop
MAR01645,Loop
MAR01648,Loop
MAR01657,Dead-End
MAR01661,Duplicate
MAR01671,Loop
MAR01680,Dead-End
MAR01686,Dead-End
MAR01690,Multiple
MAR01707,Loop
MAR01713,Dead-End
MAR01715,Loop
MAR01721,Loop
MAR01731,Loop
MAR01733,Loop
MAR01736,Loop
MAR01755,Loop
MAR01757,Loop
MAR01763,Loop
MAR01773,Loop
MAR01775,Loop
MAR01779,Loop
MAR01780,Loop
MAR01788,Loop
MAR01799,Loop
MAR01814,Loop
MAR01820,Loop
MAR01822,Multiple
MAR01823,Multiple
MAR01824,Loop
MAR01827,Loop
MAR01828,Dead-End
MAR02026,Multiple
MAR02027,Loop
MAR02028,Duplicate
MAR02035,Duplicate
MAR02121,Loop
MAR02123,Loop
MAR02126,Multiple
MAR02128,Multiple
MAR02147,Multiple
MAR02148,Duplicate
MAR02149,Duplicate
MAR02183,Duplicate
MAR02184,Loop
MAR02185,Multiple
MAR02187,Duplicate
MAR02188,Multiple
MAR02189,Multiple
MAR02192,Multiple
MAR02195,Multiple
MAR02196,Multiple
MAR02197,Multiple
MAR02206,Loop
MAR02207,Duplicate
MAR02216,Loop
MAR02224,Dilution
MAR02226,Loop
MAR02272,Dilution
MAR02276,Dilution
MAR02278,Loop
MAR02280,Loop
MAR02283,Duplicate
MAR02290,Duplicate
MAR02298,Duplicate
MAR02300,Duplicate
MAR02304,Duplicate
MAR02318,Dilution
MAR02320,Dilution
MAR02331,Loop
MAR02333,Dilution
MAR02335,Dilution
MAR02337,Loop
MAR02339,Loop
MAR02352,Multiple
MAR02357,Multiple
MAR02358,Multiple
MAR02366,Duplicate
MAR02367,Duplicate
MAR02369,Duplicate
MAR02370,Duplicate
MAR02372,Duplicate
MAR02373,Duplicate
MAR02377,Loop
MAR02379,Loop
MAR02382,Loop
MAR02384,Dilution
MAR02385,Dead-End
MAR02388,Multiple
MAR02390,Dilution
MAR02392,Dilution
MAR02394,Dilution
MAR02396,Multiple
MAR02398,Multiple
MAR02400,Multiple
MAR02402,Loop
MAR02404,Multiple
MAR02405,Loop
MAR02406,Loop
MAR02413,Loop
MAR02414,Loop
MAR02416,Loop
MAR02418,Loop
MAR02422,Loop
MAR02429,Loop
MAR02431,Loop
MAR02432,Loop
MAR02471,Loop
MAR02473,Loop
MAR02474,Loop
MAR02476,Loop
MAR02477,Loop
MAR02481,Loop
MAR02483,Dead-End
MAR02485,Dead-End
MAR02490,Multiple
MAR02496,Dead-End
MAR02498,Dead-End
MAR02507,Dead-End
MAR02519,Dead-End
MAR02521,Dead-End
MAR02523,Dead-End
MAR02525,Dead-End
MAR02536,Dead-End
MAR02538,Dead-End
MAR02539,Dead-End
MAR02595,Dead-End
MAR02721,Dead-End
MAR02725,Dead-End
MAR02747,Dead-End
MAR02756,Dead-End
MAR02767,Dilution
MAR02779,Multiple
MAR02781,Dilution
MAR02804,Duplicate
MAR02808,Duplicate
MAR02810,Duplicate
MAR02818,Duplicate
MAR02858,Dead-End
MAR02881,Loop
MAR02885,Multiple
MAR02887,Dead-End
MAR02889,Multiple
MAR02891,Multiple
MAR02893,Dead-End
MAR02895,Loop
MAR02933,Dead-End
MAR02934,Dead-End
MAR02936,Dead-End
MAR02937,Dead-End
MAR02938,Dead-End
MAR02939,Dead-End
MAR02940,Dead-End
MAR02950,Dead-End
MAR02960,Dilution
MAR02993,Dilution
MAR02997,Dead-End
MAR03006,Dead-End
MAR03012,Dead-End
MAR03016,Loop
MAR03031,Dead-End
MAR03039,Dead-End
MAR03041,Dead-End
MAR03046,Dead-End
MAR03047,Multiple
MAR03061,Dead-End
MAR03119,Loop
MAR03131,Dead-End
MAR03138,Dead-End
MAR03141,Dead-End
MAR03145,Dead-End
MAR03148,Dead-End
MAR03152,Dead-End
MAR03167,Loop
MAR03168,Loop
MAR03209,Loop
MAR03210,Multiple
MAR03214,Multiple
MAR03216,Dead-End
MAR03217,Dead-End
MAR03238,Duplicate
MAR03255,Loop
MAR03261,Dead-End
MAR03265,Dilution
MAR03269,Dead-End
MAR03270,Dead-End
MAR03271,Dead-End
MAR03273,Loop
MAR03276,Duplicate
MAR03289,Duplicate
MAR03291,Dead-End
MAR03295,Dead-End
MAR03297,Dead-End
MAR03299,Dead-End
MAR03303,Dilution
MAR03313,Dead-End
MAR03318,Dead-End
MAR03324,Dead-End
MAR03366,Multiple
MAR03371,Duplicate
MAR03386,Loop
MAR03387,Multiple
MAR03392,Dead-End
MAR03412,Dead-End
MAR03415,Dead-End
MAR03417,Dead-End
MAR03418,Dead-End
MAR03419,Dead-End
MAR03435,Dead-End
MAR03436,Dead-End
MAR03437,Loop
MAR03438,Loop
MAR03440,Dead-End
MAR03442,Dead-End
MAR03443,Dead-End
MAR03451,Dead-End
MAR03465,Dead-End
MAR03479,Dead-End
MAR03613,Dead-End
MAR03614,Dead-End
MAR03754,Dead-End
MAR03756,Dead-End
MAR03760,Dead-End
MAR03764,Dead-End
MAR03781,Dead-End
MAR03791,Dead-End
MAR03798,Dead-End
MAR03801,Multiple
MAR03803,Multiple
MAR03805,Multiple
MAR03815,Multiple
MAR03817,Multiple
MAR03830,Loop
MAR03834,Dead-End
MAR03836,Loop
MAR03846,Multiple
MAR03878,Dead-End
MAR03882,Dead-End
MAR03884,Dead-End
MAR03888,Dead-End
MAR03893,Dead-End
MAR03896,Dead-End
MAR03902,Dead-End
MAR03904,Dead-End
MAR03906,Dead-End
MAR03914,Dead-End
MAR03918,Dead-End
MAR03926,Dead-End
MAR03927,Dead-End
MAR03930,Dead-End
MAR03936,Dead-End
MAR03941,Dead-End
MAR03942,Dead-End
MAR03945,Dead-End
MAR03962,Dead-End
MAR03973,Dead-End
MAR04003,Duplicate
MAR04007,Multiple
MAR04009,Dead-End
MAR04013,Dead-End
MAR04017,Dead-End
MAR04019,Dead-End
MAR04021,Dead-End
MAR04023,Dead-End
MAR04027,Dead-End
MAR04033,Dead-End
MAR04039,Dead-End
MAR04041,Dead-End
MAR04043,Dead-End
MAR04045,Dead-End
MAR04049,Dead-End
MAR04051,Dead-End
MAR04053,Dead-End
MAR04055,Dead-End
MAR04057,Dead-End
MAR04074,Dead-End
MAR04088,Dead-End
MAR04090,Dead-End
MAR04154,Dead-End
MAR04411,Multiple
MAR04462,Dead-End
MAR04475,Dead-End
MAR04508,Dead-End
MAR04562,Multiple
MAR04569,Dead-End
MAR04636,Dead-End
MAR04677,Loop
MAR04719,Loop
MAR04722,Loop
MAR04726,Loop
MAR04749,Dead-End
MAR04782,Loop
MAR04807,Loop
MAR04827,Dead-End
MAR04857,Dead-End
MAR04909,Dead-End
MAR04921,Dead-End
MAR04925,Dead-End
MAR04965,Dead-End
MAR04966,Duplicate
MAR04970,Duplicate
MAR04974,Duplicate
MAR05186,Duplicate
MAR05187,Duplicate
MAR05355,Dead-End
MAR06346,Dead-End
MAR06538,Dead-End
MAR06689,Dead-End
MAR06696,Dead-End
MAR06698,Dead-End
MAR06859,Loop
MAR06860,Loop
MAR06863,Loop
MAR06864,Dilution
MAR06865,Multiple
MAR06870,Loop
MAR06871,Loop
MAR06873,Multiple
MAR06884,Multiple
MAR06887,Loop
MAR06893,Loop
MAR06896,Multiple
MAR06913,Loop
MAR07105,Loop
MAR07150,Loop
MAR07153,Loop
MAR07155,Loop
MAR07178,Multiple
MAR07179,Multiple
MAR07190,Loop
MAR07192,Loop
MAR07194,Multiple
MAR07589,Loop
MAR07595,Multiple
MAR07657,Multiple
MAR07659,Dilution
MAR07753,Loop
MAR07754,Loop
MAR07805,Loop
MAR07809,Multiple
MAR07811,Loop
MAR07813,Loop
MAR07821,Loop
MAR07926,Loop
MAR08218,Duplicate
MAR08274,Loop
MAR08301,Loop
MAR08970,Loop
MAR08975,Loop
MAR08976,Loop
MAR08977,Loop
MAR08980,Loop
MAR08981,Loop
MAR08985,Duplicate
MAR08988,Multiple
MAR08989,Loop
MAR08992,Multiple
MAR08995,Loop
MAR08997,Loop
MAR08998,Loop
MAR09031,Loop
MAR09057,Loop
MAR09170,Loop
MAR09186,Loop
MAR09274,Loop
MAR09402,Loop
MAR09403,Loop
MAR09526,Loop
MAR09533,Loop
MAR09576,Loop
MAR09589,Loop
MAR09821,Loop
MAR09869,Multiple
MAR09870,Loop
MAR09871,Multiple
MAR09872,Multiple
MAR09873,Multiple
MAR09874,Loop
MAR09876,Multiple
MAR09878,Loop
MAR09879,Duplicate
MAR09880,Duplicate
MAR09881,Duplicate
MAR09883,Loop
MAR09884,Loop
MAR09885,Loop
MAR09886,Multiple
MAR09887,Multiple
MAR09889,Loop
MAR09890,Loop
MAR09891,Multiple
MAR09892,Multiple
MAR09895,Multiple
MAR09896,Loop
MAR09898,Multiple
MAR09900,Loop
MAR09901,Duplicate
MAR09902,Loop
MAR09904,Multiple
MAR09905,Loop
MAR09906,Duplicate
MAR09907,Multiple
MAR09908,Multiple
MAR09909,Multiple
MAR09910,Duplicate
MAR09912,Loop
MAR09913,Loop
MAR09914,Loop
MAR09915,Loop
MAR09916,Loop
MAR09917,Loop
MAR09918,Loop
MAR09933,Dead-End
MAR09934,Loop
MAR09949,Loop
MAR09957,Loop
MAR09959,Loop
MAR09961,Loop
MAR09973,Loop
MAR09975,Loop
MAR09979,Loop
MAR09980,Loop
MAR09981,Loop
MAR09982,Loop
MAR09983,Loop
MAR09984,Loop
MAR09985,Multiple
MAR09990,Loop
MAR09991,Loop
MAR10010,Dilution
MAR10011,Multiple
MAR10013,Multiple
MAR10022,Loop
MAR10032,Loop
MAR10133,Dead-End
MAR10134,Loop
MAR10135,Loop
MAR10138,Loop
MAR10153,Loop
MAR10155,Dilution
MAR10156,Dilution
MAR10157,Dilution
MAR10158,Dilution
MAR10164,Dead-End
MAR10165,Duplicate
MAR10175,Loop
MAR10178,Loop
MAR10272,Dead-End
MAR10294,Dead-End
MAR10295,Dead-End
MAR10296,Dead-End
MAR10309,Dead-End
MAR10361,Multiple
MAR10362,Multiple
MAR10363,Loop
MAR10364,Loop
MAR10365,Loop
MAR10366,Loop
MAR10367,Loop
MAR10374,Loop
MAR10376,Loop
MAR10377,Loop
MAR10383,Loop
MAR10395,Loop
MAR10406,Loop
MAR10410,Multiple
MAR10433,Dead-End
MAR10451,Dilution
MAR10452,Dilution
MAR10453,Dilution
MAR10455,Loop
MAR10456,Dead-End
MAR10461,Dead-End
MAR10462,Dead-End
MAR10463,Dead-End
MAR10464,Dead-End
MAR10466,Multiple
MAR10467,Multiple
MAR10468,Multiple
MAR10469,Multiple
MAR10470,Multiple
MAR10471,Multiple
MAR10478,Dead-End
MAR10485,Loop
MAR10486,Loop
MAR10487,Loop
MAR11223,Loop
MAR11226,Dead-End
MAR11233,Dead-End
MAR11234,Dead-End
MAR11235,Dead-End
MAR11236,Dead-End
MAR11245,Dead-End
MAR11250,Loop
MAR11251,Dead-End
MAR11263,Dead-End
MAR11267,Dead-End
MAR11268,Dead-End
MAR11270,Loop
MAR11272,Loop
MAR11274,Loop
MAR11276,Loop
MAR11277,Loop
MAR11279,Dead-End
MAR11280,Loop
MAR11290,Loop
MAR11291,Loop
MAR11303,Loop
MAR11304,Loop
MAR11307,Multiple
MAR11308,Loop
MAR11310,Multiple
MAR11315,Loop
MAR11317,Loop
MAR11319,Loop
MAR11320,Loop
MAR11323,Loop
MAR11325,Loop
MAR11326,Loop
MAR11327,Loop
MAR11329,Dead-End
MAR11330,Dead-End
MAR11331,Dead-End
MAR11332,Dead-End
MAR11333,Dead-End
MAR11338,Dead-End
MAR11340,Dead-End
MAR11341,Dead-End
MAR11342,Dead-End
MAR11343,Dead-End
MAR11354,Loop
MAR11355,Loop
MAR11365,Multiple
MAR11366,Loop
MAR11367,Loop
MAR11388,Dilution
MAR11389,Dilution
MAR11395,Loop
MAR11396,Loop
MAR11407,Dead-End
MAR11410,Loop
MAR11415,Loop
MAR11417,Loop
MAR11418,Loop
MAR11433,Multiple
MAR11434,Dead-End
MAR11435,Dead-End
MAR11436,Dead-End
MAR11437,Dead-End
MAR11517,Loop
MAR11518,Loop
MAR11571,Loop
MAR11577,Duplicate
MAR11578,Duplicate
MAR11581,Duplicate
MAR11583,Multiple
MAR11584,Multiple
MAR11585,Multiple
MAR11586,Multiple
MAR11587,Dilution
MAR11588,Dilution
MAR11589,Dilution
MAR11590,Dilution
MAR11591,Dilution
MAR11592,Dilution
MAR11593,Dilution
MAR11594,Dilution
MAR11595,Dilution
MAR11596,Dilution
MAR11597,Dilution
MAR11598,Dilution
MAR11599,Dilution
MAR11600,Dilution
MAR11601,Dilution
MAR11602,Dilution
MAR11603,Dilution
MAR11604,Dilution
MAR11605,Dilution
MAR11606,Dilution
MAR11607,Dilution
MAR11608,Dilution
MAR11609,Dilution
MAR11610,Dilution
MAR11611,Dilution
MAR11612,Dilution
MAR11613,Dilution
MAR11614,Dilution
MAR11615,Dilution
MAR11616,Dilution
MAR11617,Dilution
MAR11618,Dilution
MAR11619,Dilution
MAR11620,Dilution
MAR11621,Dilution
MAR11622,Dilution
MAR11623,Dilution
MAR11624,Dilution
MAR11625,Dilution
MAR11626,Dilution
MAR11627,Dilution
MAR11628,Dilution
MAR11630,Multiple
MAR11631,Multiple
MAR11632,Multiple
MAR11633,Multiple
MAR11634,Multiple
MAR11635,Multiple
MAR11636,Multiple
MAR11637,Multiple
MAR11638,Multiple
MAR11639,Multiple
MAR11640,Multiple
MAR11641,Multiple
MAR11642,Multiple
MAR11643,Multiple
MAR11644,Multiple
MAR11645,Multiple
MAR11646,Loop
MAR11647,Loop
MAR11649,Multiple
MAR11650,Multiple
MAR11651,Multiple
MAR11652,Multiple
MAR11653,Dilution
MAR11654,Dilution
MAR11655,Dilution
MAR11656,Dilution
MAR11657,Dilution
MAR11658,Dilution
MAR11659,Dilution
MAR11660,Dilution
MAR11661,Dilution
MAR11662,Dilution
MAR11663,Dilution
MAR11664,Dilution
MAR11665,Dilution
MAR11666,Dilution
MAR11667,Dilution
MAR11668,Dilution
MAR11669,Dilution
MAR11670,Dilution
MAR11671,Dilution
MAR11672,Dilution
MAR11673,Dilution
MAR11674,Dilution
MAR11675,Dilution
MAR11676,Dilution
MAR11677,Dilution
MAR11678,Dilution
MAR11679,Dilution
MAR11680,Dilution
MAR11681,Dilution
MAR11682,Dilution
MAR11683,Dilution
MAR11684,Dilution
MAR11685,Dilution
MAR11686,Dilution
MAR11687,Dilution
MAR11688,Dilution
MAR11689,Dilution
MAR11690,Dilution
MAR11691,Dilution
MAR11692,Dilution
MAR11693,Dilution
MAR11694,Dilution
MAR11696,Dilution
MAR11697,Multiple
MAR11698,Dilution
MAR11699,Multiple
MAR11700,Dilution
MAR11701,Multiple
MAR11702,Dilution
MAR11703,Multiple
MAR11704,Dilution
MAR11705,Multiple
MAR11706,Dilution
MAR11707,Multiple
MAR11708,Dilution
MAR11709,Multiple
MAR11710,Dilution
MAR11711,Multiple
MAR11712,Dilution
MAR11713,Multiple
MAR11714,Dilution
MAR11715,Multiple
MAR11716,Dilution
MAR11717,Multiple
MAR11718,Dilution
MAR11719,Multiple
MAR11720,Dilution
MAR11721,Multiple
MAR11722,Dilution
MAR11723,Multiple
MAR11724,Dilution
MAR11725,Multiple
MAR11726,Dilution
MAR11727,Multiple
MAR11728,Multiple
MAR11729,Multiple
MAR11731,Multiple
MAR11733,Multiple
MAR11734,Multiple
MAR11735,Multiple
MAR11759,Dilution
MAR11775,Loop
MAR11783,Loop
MAR11787,Loop
MAR11788,Loop
MAR11790,Loop
MAR11791,Loop
MAR11797,Loop
MAR11798,Loop
MAR11803,Loop
MAR11804,Loop
MAR11805,Loop
MAR11806,Loop
MAR11808,Loop
MAR11815,Multiple
MAR11843,Multiple
MAR11844,Multiple
MAR11853,Dilution
MAR11898,Dead-End
MAR11899,Dead-End
MAR11946,Dead-End
MAR11948,Loop
MAR11960,Loop
MAR11964,Multiple
MAR11982,Dead-End
MAR11986,Multiple
MAR11988,Multiple
MAR11989,Multiple
MAR11991,Multiple
MAR11992,Multiple
MAR11994,Multiple
MAR11995,Multiple
MAR11997,Multiple
MAR11998,Multiple
MAR12000,Multiple
MAR12019,Duplicate
MAR12020,Multiple
MAR12021,Multiple
MAR12022,Loop
MAR12039,Dead-End
MAR12041,Dead-End
MAR12046,Dead-End
MAR12047,Dead-End
MAR12054,Loop
MAR12077,Dead-End
MAR12081,Dead-End
MAR12082,Dead-End
MAR12083,Dead-End
MAR12088,Multiple
MAR12093,Loop
MAR12094,Loop
MAR12095,Loop
MAR12098,Dead-End
MAR12099,Dead-End
MAR12100,Dead-End
MAR12102,Dead-End
MAR12103,Dead-End
MAR12109,Dead-End
MAR12110,Dead-End
MAR12111,Dead-End
MAR12112,Loop
MAR12119,Dead-End
MAR12134,Dead-End
MAR12135,Dead-End
MAR12140,Dilution
MAR12142,Dilution
MAR12143,Multiple
MAR12144,Multiple
MAR12147,Dilution
MAR12148,Multiple
MAR12149,Multiple
MAR12151,Loop
MAR12152,Loop
MAR12155,Loop
MAR12156,Loop
MAR12157,Dilution
MAR12159,Multiple
MAR12160,Multiple
MAR12161,Dilution
MAR12162,Multiple
MAR12163,Multiple
MAR12164,Dilution
MAR12165,Multiple
MAR12166,Multiple
MAR12182,Loop
MAR12184,Dilution
MAR12185,Multiple
MAR12186,Multiple
MAR12243,Dilution
MAR12244,Dilution
MAR12262,Dilution
MAR12263,Multiple
MAR12264,Multiple
MAR12266,Dilution
MAR12267,Multiple
MAR12268,Multiple
MAR12269,Dilution
MAR12270,Multiple
MAR12271,Multiple
MAR12280,Dilution
MAR12281,Dilution
MAR12295,Loop
MAR12296,Loop
MAR12297,Dilution
MAR12298,Dilution
MAR12300,Dilution
MAR12301,Multiple
MAR12302,Multiple
MAR12303,Dilution
MAR12304,Dilution
MAR12306,Multiple
MAR12307,Multiple
MAR12309,Dilution
MAR12310,Dilution
MAR12316,Dilution
MAR12317,Dilution
MAR12323,Dilution
MAR12324,Dilution
MAR12330,Dilution
MAR12331,Dilution
MAR12339,Dilution
MAR12343,Dilution
MAR12344,Dilution
MAR12345,Multiple
MAR12346,Multiple
MAR12350,Dilution
MAR12351,Multiple
MAR12352,Multiple
MAR12358,Dilution
MAR12359,Dilution
MAR12361,Multiple
MAR12362,Multiple
MAR12373,Dilution
MAR12374,Dilution
MAR12376,Dilution
MAR12377,Multiple
MAR12378,Multiple
MAR12383,Dilution
MAR12384,Multiple
MAR12385,Multiple
MAR12389,Dilution
MAR12391,Dilution
MAR12393,Dilution
MAR12394,Dilution
MAR12395,Multiple
MAR12396,Multiple
MAR12398,Dilution
MAR12399,Dilution
MAR12400,Multiple
MAR12401,Multiple
MAR12407,Dilution
MAR12408,Dilution
MAR12410,Dilution
MAR12411,Dilution
MAR12416,Dilution
MAR12418,Dilution
MAR12419,Dilution
MAR12420,Dilution
MAR12422,Dilution
MAR12424,Dilution
MAR12428,Dilution
MAR12429,Multiple
MAR12431,Multiple
MAR12448,Dilution
MAR12450,Dilution
MAR12451,Dilution
MAR12452,Dilution
MAR12454,Dilution
MAR12456,Dilution
MAR12458,Dilution
MAR12459,Dilution
MAR12460,Multiple
MAR12461,Multiple
MAR12463,Dilution
MAR12464,Multiple
MAR12465,Multiple
MAR12466,Multiple
MAR12467,Multiple
MAR12469,Dilution
MAR12470,Multiple
MAR12471,Multiple
MAR12473,Multiple
MAR12476,Dilution
MAR12482,Dilution
MAR12483,Dilution
MAR12485,Dilution
MAR12486,Dilution
MAR12490,Dilution
MAR12491,Dilution
MAR12493,Dilution
MAR12494,Dilution
MAR12498,Dilution
MAR12501,Dilution
MAR12502,Dilution
MAR12504,Dilution
MAR12505,Dilution
MAR12507,Dilution
MAR12508,Dilution
MAR12509,Multiple
MAR12510,Multiple
MAR12511,Dilution
MAR12512,Dilution
MAR12513,Multiple
MAR12514,Dilution
MAR12515,Dilution
MAR12516,Dilution
MAR12517,Dilution
MAR12518,Multiple
MAR12519,Dilution
MAR12520,Dilution
MAR12521,Dilution
MAR12522,Multiple
MAR12523,Dilution
MAR12524,Dilution
MAR12525,Dilution
MAR12530,Dilution
MAR12532,Dilution
MAR12533,Dilution
MAR12534,Dilution
MAR12535,Dilution
MAR12536,Multiple
MAR12537,Multiple
MAR12540,Dilution
MAR12541,Dilution
MAR12544,Dilution
MAR12545,Dilution
MAR12546,Dilution
MAR12547,Dilution
MAR12548,Dilution
MAR12550,Multiple
MAR12551,Multiple
MAR12553,Dilution
MAR12554,Dilution
MAR12555,Dilution
MAR12556,Dilution
MAR12557,Dilution
MAR12558,Dilution
MAR12566,Dilution
MAR12568,Dilution
MAR12570,Dilution
MAR12571,Dilution
MAR12720,Dilution
MAR12724,Dilution
MAR12725,Dilution
MAR12726,Multiple
MAR12727,Multiple
MAR12730,Dilution
MAR12731,Dilution
MAR12734,Dilution
MAR12735,Dilution
MAR12742,Multiple
MAR12743,Multiple
MAR12750,Dilution
MAR12751,Multiple
MAR12752,Multiple
MAR12755,Multiple
MAR12757,Multiple
MAR12760,Dilution
MAR12769,Multiple
MAR12771,Multiple
MAR12772,Multiple
MAR12773,Multiple
MAR12774,Dilution
MAR12775,Dilution
MAR12782,Dilution
MAR12783,Dilution
MAR12785,Dilution
MAR12786,Dilution
MAR12787,Multiple
MAR12788,Multiple
MAR12789,Dilution
MAR12791,Dilution
MAR12806,Multiple
MAR12807,Multiple
MAR12811,Dilution
MAR12812,Dilution
MAR12813,Dilution
MAR12818,Dilution
MAR12819,Multiple
MAR12820,Multiple
MAR12821,Dilution
MAR12823,Dilution
MAR12824,Dilution
MAR12825,Multiple
MAR12826,Multiple
MAR12827,Multiple
MAR12828,Dilution
MAR12829,Dilution
MAR12830,Dilution
MAR12832,Dilution
MAR12833,Dilution
MAR12834,Multiple
MAR12835,Multiple
MAR12838,Dilution
MAR12839,Dilution
MAR12840,Dilution
MAR12841,Dilution
MAR12842,Dilution
MAR12843,Dilution
MAR12844,Dilution
MAR12845,Dilution
MAR12846,Multiple
MAR12847,Multiple
MAR12851,Dilution
MAR12852,Dilution
MAR12857,Dilution
MAR12865,Multiple
MAR12866,Multiple
MAR12867,Multiple
MAR12868,Multiple
MAR12870,Dilution
MAR12871,Dilution
MAR12941,Dilution
MAR12981,Dilution
MAR13009,Dilution
MAR13010,Dilution
MAR13012,Dilution
MAR13018,Dilution
MAR13020,Dilution
MAR13027,Loop
MAR13068,Dead-End
MAR13071,Dead-End
MAR13072,Multiple
MAR13073,Dead-End
MAR13074,Dead-End
MAR13075,Loop
MAR13076,Dead-End
MAR13077,Loop
MAR10028,Dead-End
MAR10030,Dilution
MAR10034,Dead-End
MAR10037,Dilution
MAR10044,Loop
MAR10055,Dead-End
MAR10056,Dead-End
MAR10057,Dead-End
MAR10062,Dilution
MAR10063,Dilution
MAR10064,Dilution
MAR10065,Dilution
MAR13082,Dilution
MAR10066,Multiple
MAR10070,Dead-End
MAR10080,Dilution
MAR10082,Dilution
MAR10090,Dead-End
MAR10092,Dilution
MAR10094,Dilution
MAR10095,Dilution
MAR10097,Dilution
MAR10098,Dilution
MAR10103,Dilution
MAR10104,Dead-End
MAR10105,Dilution
MAR10106,Dilution
MAR10110,Dilution
MAR10111,Dilution
MAR10112,Dilution
MAR10118,Dilution
MAR10119,Dilution
MAR10120,Dilution
MAR10121,Dilution
MAR10122,Dilution
MAR10125,Dilution
MAR10127,Dilution
MAR10128,Dilution
MAR10129,Dilution
MAR13083,Duplicate
MAR20001,Dead-End
MAR20002,Multiple
MAR20003,Dead-End
MAR20004,Multiple
MAR20005,Dead-End
MAR20006,Dead-End
MAR20007,Dead-End
MAR20008,Dead-End
MAR20009,Dead-End
MAR20011,Dead-End
MAR20012,Multiple
MAR20014,Duplicate
MAR20015,Duplicate
MAR20017,Multiple
MAR20020,Duplicate
MAR20021,Dead-End
MAR20022,Dead-End
MAR20023,Dead-End
MAR20024,Dead-End
MAR20025,Dead-End
MAR20026,Dead-End
MAR20027,Dead-End
MAR20028,Dead-End
MAR20029,Dead-End
MAR20030,Dead-End
MAR20032,Dead-End
MAR20036,Dead-End
MAR20037,Multiple
MAR20038,Multiple
MAR20039,Multiple
MAR20042,Multiple
MAR20043,Multiple
MAR20044,Multiple
MAR20045,Multiple
MAR20048,Dead-End
MAR20052,Multiple
MAR20065,Dead-End
MAR20066,Duplicate
MAR20068,Dead-End
