model,all_rxns,duplicates,dead-ends,loops
Blautia_nov_ERR2221143.xml,1048,6,379,56
Paeniclostridium_sordellii_W2945.xml,1068,6,392,24
Acinetobacter_baumannii_ATCC_17978.xml,1484,18,452,70
Bacillus_subtilis_subsp_spizizenii_DV1_B_1.xml,1606,14,450,112
Fusobacterium_periodonticum_1_1_41FAA.xml,1082,6,478,44
Clostridium_botulinum_CDC66177.xml,1606,4,671,126
Helicobacter_fennelliae_MRY12_0050.xml,990,4,313,33
Clostridium_hathewayi_WAL_18680.xml,1522,6,654,94
Pseudomonas_fluorescens_NCIMB_11764.xml,1785,22,498,117
Acinetobacter_baumannii_AB_909_01_7.xml,1552,14,451,85
Salmonella_enterica_subsp_enterica_serovar_Enteritidis_str_CDC_2010K_0899.xml,1882,22,437,103
Lactobacillus_iners_LEAF_2052A_d.xml,912,0,389,33
Lactobacillus_casei_ERR2221304.xml,1058,6,314,32
Ruminococcus_torques_ATCC_27756.xml,998,8,384,72
Parabacteroides_distasonis_ERR1204048.xml,1361,4,355,53
Salmonella_enterica_subsp_enterica_serovar_Enteritidis_str_648903_1_6.xml,2322,16,753,167
Fusobacterium_nucleatum_subsp_vincentii_4_1_13.xml,1150,8,471,45
Bacillus_amyloliquefaciens_FZB42.xml,1587,16,448,105
Bifidobacterium_animalis_subsp_lactis_BLC1.xml,1133,6,453,59
Ruminococcus_bromii_ERR2221220.xml,856,6,220,35
Staphylococcus_aureus_M1193.xml,1407,12,348,84
Staphylococcus_aureus_M0964.xml,1392,12,348,84
Roseburia_nov_ERR171282.xml,1024,4,353,30
Enterococcus_faecium_LCT_EF258.xml,1378,4,541,82
Salmonella_enterica_subsp_enterica_serovar_Newport_str_CVM_35202.xml,2367,22,768,166
Staphylococcus_epidermidis_NIHLM021.xml,1665,14,629,128
Fusobacterium_nucleatum_subsp_polymorphum_F0401.xml,1514,8,562,82
Bifidobacterium_animalis_lactis_BB_12.xml,961,10,241,47
Salmonella_enterica_subsp_enterica_serovar_Enteritidis_str_P125109.xml,1884,22,437,103
Acinetobacter_baumannii_AB307_0294.xml,1553,16,454,91
Enterococcus_faecalis_T5.xml,1240,4,338,57
Haemophilus_sputorum_HK_2154.xml,1580,10,603,107
Leptotrichia_hofstadii_DSM_21651.xml,1122,6,344,23
Streptococcus_pneumoniae_GA17570.xml,1111,2,265,56
Acinetobacter_calcoaceticus_ANC_3680.xml,1930,14,719,135
Vibrio_fluvialis_560.xml,1740,12,460,108
Coprococcus_nov_ERR1022278.xml,971,4,377,30
Helicobacter_pylori_Hp_A_27.xml,1262,2,451,71
Listeria_monocytogenes_SLCC5850.xml,1706,8,600,121
Enterococcus_faecium_UAA911.xml,1079,4,316,50
Bacteroides_pyogenes_JCM_6292.xml,987,4,386,22
Salmonella_enterica_subsp_enterica_serovar_Enteritidis_str_CDC_2010K_1747.xml,1882,22,437,103
Selenomonas_flueggei_ATCC_43531.xml,1122,4,284,51
Bifidobacterium_longum_E18.xml,1118,8,287,38
Enterococcus_faecalis_B56765.xml,1243,4,325,62
Haemophilus_parainfluenzae_HK2019.xml,1667,10,571,111
Lactobacillus_iners_SPIN_1401G.xml,944,2,378,36
Streptococcus_sanguinis_SK1057.xml,1507,8,569,84
Streptococcus_thermophilus_LMD_9.xml,1327,2,458,85
Eggerthella_lenta_28B.xml,1142,4,482,71
Pseudomonas_putida_F1.xml,1948,20,533,132
Enterococcus_faecium_E1293.xml,1074,4,322,50
Citrobacter_freundii_GTC_09479.xml,2477,23,809,201
Streptococcus_mutans_ERR2221174.xml,1083,4,293,31
Salmonella_enterica_subsp_enterica_serovar_Newport_str_CVM_N1543.xml,2396,22,771,198
Pseudomonas_putida_BIRD_1.xml,1775,22,505,98
Streptococcus_sp_GMD5S.xml,943,2,269,24
Bacteroidetes_bacterium_oral_taxon_272_str_F0290.xml,951,4,334,24
Clostridium_sp_BNL1100.xml,1032,4,354,28
Burkholderia_cenocepacia_H111.xml,2418,18,937,167
Eubacterium_yurii_ATCC_43714.xml,909,4,298,42
Blautia_nov_ERR2230071.xml,1131,6,440,47
Salmonella_enterica_subsp_enterica_serovar_Kentucky_str_CDC_191.xml,2269,16,743,158
Listeria_monocytogenes_FSL_N3_165.xml,1714,8,600,123
Desulfovibrio_legallii_KHC7.xml,1069,4,355,32
Clostridiaceae_nov_ERR2221383.xml,1073,2,459,28
Escherichia_coli_Mt1B1.xml,1892,14,389,98
Eggerthella_lenta_14A.xml,1161,4,502,67
Actinomyces_massiliensis_F0489.xml,1047,6,340,47
Enterococcus_faecium_1141733.xml,1400,4,573,88
Ralstonia_sp_5_2_56FAA.xml,1565,14,497,66
Klebsiella_oxytoca_ICU1_2b.xml,1880,19,525,67
Bifidobacterium_animalis_lactis_V9.xml,921,8,236,45
Proteus_mirabilis_CYPM1.xml,1470,10,432,61
Helicobacter_pylori_Rif2.xml,1255,2,478,67
Streptococcus_parauberis_KRS_02083.xml,1328,4,532,100
Rahnella_aquatilis_HX2.xml,1743,18,434,89
Clostridium_sordellii_ATCC_9714.xml,1241,6,453,50
Paeniclostridium_sordellii_JGS6961.xml,1064,6,388,24
Photobacterium_sp_SKA34.xml,1501,8,442,65
Streptococcus_pneumoniae_GA52612.xml,1101,2,256,58
Phascolarctobacterium_succinatutens_YIT_12067.xml,1100,10,449,65
Serratia_fonticola_RB_25.xml,1920,12,451,102
Helicobacter_pylori_Hp_H_4.xml,1281,0,448,75
Staphylococcus_epidermidis_NIHLM095.xml,1679,16,615,121
Cronobacter_sakazakii_ES15.xml,2271,23,758,164
Enterococcus_faecium_VAN_335.xml,1087,4,312,56
Lascolabacillus_massiliensis_DSM_100190.xml,1008,4,384,64
Salmonella_enterica_enterica_sv_Typhimurium_LT2.xml,1980,22,408,108
Atopobium_vaginae_CMW7778A.xml,693,2,207,18
Turicibacter_sanguinis_ERR1022323.xml,1256,4,471,53
Staphylococcus_aureus_subsp_aureus_Mu50.xml,1379,12,347,82
Klebsiella_pneumoniae_UHKPC57.xml,2613,22,835,174
Streptococcus_pneumoniae_357.xml,1056,4,228,49
Escherichia_albertii_KF1.xml,1852,17,440,81
Enterococcus_faecalis_SF6375.xml,1251,4,323,65
Klebsiella_pneumoniae_subsp_pneumoniae_KpQ3.xml,2632,22,843,198
Streptococcus_mutans_U2B.xml,1352,4,480,76
Yersinia_enterocolitica_subsp_enterocolitica_WA_314.xml,2155,16,758,152
Alloscardovia_omnicolens_1036_GVAG_103_587_17548_30_31.xml,798,2,227,20
Aeromonas_veronii_AVNIH1.xml,1458,8,413,63
Roseburia_faecis_ERR2221408.xml,1092,4,400,30
Staphylococcus_aureus_subsp_aureus_IS_88.xml,1405,12,346,92
Erysipelatoclostridium_ramosum_ERR2221150.xml,1098,8,348,43
Prevotella_bivia_JCVIHMP010.xml,1030,6,272,28
Klebsiella_michiganensis_10_5242.xml,1842,16,518,62
Lachnospiraceae_nov_ERR2221097.xml,985,6,377,36
Helicobacter_pylori_Hp_H_42.xml,1287,0,454,75
Pseudomonas_aeruginosa_2192.xml,2126,18,765,151
Lactobacillus_plantarum_ZJ316.xml,1571,4,586,106
Staphylococcus_epidermidis_VCU123.xml,1655,14,603,129
Klebsiella_pneumoniae_UHKPC01.xml,2613,22,832,181
Staphylococcus_aureus_M0687.xml,1404,12,347,80
Enorma_massiliensis_ERR1022365.xml,904,2,326,35
Enterococcus_faecium_UAA1007.xml,1087,4,320,50
Sarcina_nov_ERR1022347.xml,1051,4,363,26
Muricomes_intestini_DSM_29489.xml,1065,4,361,41
Lachnospira_pectinoschiza_M83.xml,958,4,338,31
Curtobacterium_flaccumfaciens_MEB126.xml,1119,6,368,51
Lactobacillus_helveticus_DSM_20075.xml,891,2,317,34
Streptococcus_pneumoniae_Taiwan19F_14.xml,1053,2,267,56
Bacillus_atrophaeus_1942.xml,1967,22,778,153
Lactobacillus_paracasei_subsp_paracasei_Lpp122.xml,1434,6,552,86
Clostridium_symbiosum_WAL_14673.xml,1192,8,504,80
Lachnobacterium_bovis_DSM_14045.xml,1021,4,397,41
Staphylococcus_epidermidis_NIH051668.xml,1679,14,618,119
Pseudomonas_fragi_A22.xml,1554,10,525,63
Helicobacter_pylori_Hp_P_25d.xml,1299,0,470,75
Bacillus_flexus_27Col1_1E.xml,1697,14,460,98
Staphylococcus_aureus_M0279.xml,1398,12,347,78
Mesorhizobium_loti_NZP2037.xml,1625,16,497,75
Proteus_mirabilis_ATCC_29906.xml,1752,18,445,117
Bacteroides_coprosuis_DSM_18011.xml,1071,4,370,40
Klebsiella_variicola_KV321_ZB100000.xml,1932,16,449,111
Kingella_oralis_ATCC_51147.xml,1165,2,395,39
Rikenellaceae_nov_ERR2221110.xml,907,4,350,26
Acinetobacter_baumannii_AB_2008_23_01_01_7.xml,1568,14,460,88
Lactobacillus_crispatus_FB049_03.xml,1141,4,467,58
Bifidobacterium_breve_MCC_1605.xml,1039,6,249,39
Helicobacter_pylori_Hp_H_29.xml,1287,0,455,72
Staphylococcus_aureus_M0029.xml,1403,12,365,78
Gardnerella_vaginalis_14019_MetR.xml,832,8,209,29
Lactobacillus_paracasei_M36.xml,1501,6,541,109
Enterobacter_cloacae_subsp_cloacae_08XA1.xml,2361,23,766,177
Eubacterium_saphenum_ATCC_49989.xml,751,2,240,19
Bacillus_megaterium_QM_B1551.xml,1616,18,487,94
Klebsiella_pneumoniae_ATCC_25955.xml,2546,16,829,161
Staphylococcus_aureus_subsp_aureus_MSSA476.xml,1394,12,350,84
Helicobacter_pylori_GAM252Bi.xml,1295,0,450,75
Lactobacillus_amylovorus_GRL1118.xml,1261,4,455,99
Blautia_hansenii_VPI_C7_24_DSM_20583.xml,984,8,445,70
Salmonella_enterica_subsp_enterica_serovar_Enteritidis_str_648901_16_16.xml,2306,22,753,163
Sarcina_nov_ERR171264.xml,1241,4,448,39
Helicobacter_pylori_UM054.xml,1296,4,458,80
Anaerostipes_caccae_ERR2221232.xml,1102,2,370,46
Enterococcus_faecalis_SF339.xml,1240,4,330,56
Sutterella_wadsworthensis_3_1_45B.xml,1156,10,522,55
Mycobacterium_abscessus_M172.xml,1311,10,476,73
Salmonella_enterica_subsp_enterica_serovar_Enteritidis_str_53_407.xml,2328,22,779,164
Acidaminococcus_sp_D21.xml,1050,6,437,56
Staphylococcus_epidermidis_VCU105.xml,1644,14,602,129
Campylobacter_sp_10_1_50.xml,991,8,306,27
Helicobacter_pylori_HLJHP193.xml,1289,2,462,72
Actinomyces_naeslundii_ERR2221356.xml,1086,6,298,50
Lachnospiraceae_nov_ERR1022308.xml,1163,6,414,51
Fusobacterium_nucleatum_subsp_animalis_OT_420.xml,1208,8,351,45
Acinetobacter_pittii_WC_136.xml,1578,14,449,100
Bacillus_cereus_AH187_F4810_72.xml,1648,16,371,116
Lachnospiraceae_nov_ERR2230057.xml,1024,4,379,34
Aeromonas_caviae_FDAARGOS_72.xml,1479,11,392,62
Enterococcus_faecalis_B878.xml,1233,4,328,49
Nosocomiicoccus_massiliensis_NP2.xml,863,4,348,25
Peptoniphilus_grossensis_35_6_1.xml,921,4,320,23
Acidobacterium_capsulatum_ATCC_51196.xml,1147,6,369,46
Ruminococcus_gnavus_ATCC_29149.xml,1172,10,482,71
Staphylococcus_aureus_HI010.xml,1412,12,369,92
Bacteroides_dorei_ERR2230082.xml,1142,4,350,43
Salmonella_enterica_subsp_enterica_serovar_Agona_str_22_H_04.xml,2345,22,764,172
Listeria_monocytogenes_HCC23.xml,1705,8,603,112
Enterococcus_caccae_ATCC_BAA_1240.xml,1324,4,447,90
Yersinia_enterocolitica_subsp_palearctica_556_8265.xml,2148,16,753,145
Streptococcus_anginosus_F0211.xml,1214,2,485,88
Lactobacillus_paracasei_CRF28.xml,1502,6,527,118
Paraclostridium_bifermentans_SU1074NT.xml,1118,6,417,26
Lachnospiraceae_nov_ERR1022390.xml,984,4,360,36
Staphylococcus_aureus_M1060.xml,1392,12,348,84
Streptococcus_mutans_SM6.xml,1376,4,476,69
Dorea_formicigenerans_4_6_53AFAA.xml,1485,6,595,108
Escherichia_coli_ERR2221227.xml,1887,14,393,105
Klebsiella_pneumoniae_ERR2221116.xml,1959,16,426,118
Acinetobacter_lwoffii_ERR2221242.xml,1350,14,413,70
Pseudomonas_mendocina_NBRC_14162.xml,1529,4,509,73
Clostridium_symbiosum_WAL_14163.xml,1197,10,504,81
Salmonella_enterica_subsp_enterica_serovar_Enteritidis_str_576709.xml,2332,22,766,164
Borkfalkia_ceftriaxoniphila_HDS1380.xml,896,4,267,28
Lactobacillus_paracasei_T71499.xml,1490,6,503,117
Vibrio_cholerae_O1_biovar_El_Tor_str_N16961.xml,1460,10,399,67
Actinobacillus_pleuropneumoniae_serovar_4_str_M62.xml,1747,4,614,113
Eggerthella_lenta_AB8n2.xml,1140,4,476,63
Staphylococcus_aureus_M0799.xml,1409,12,348,84
Streptococcus_macedonicus_679.xml,932,4,296,34
Salmonella_enterica_subsp_enterica_serovar_Enteritidis_str_8b_1.xml,2329,22,771,157
Gracilibacter_sp_BRH_c7a.xml,1073,4,445,43
Eggerthella_lenta_W1BHI6.xml,1134,4,484,63
Enterococcus_faecium_LCT_EF90.xml,1377,4,545,82
Helicobacter_pylori_B45.xml,1091,0,266,92
Staphylococcus_aureus_M1450.xml,1392,12,348,84
Blautia_wexlerae_ERR1022377.xml,1080,6,388,51
Anaerococcus_obesiensis_ph10.xml,891,4,357,24
Yersinia_pseudotuberculosis_YPIII.xml,1853,18,487,99
Bacillus_thuringiensis_serovar_pakistani_str_T13001.xml,1537,12,464,100
Streptococcus_infantis_SK970.xml,1124,0,426,50
Streptococcus_peroris_ATCC_700780.xml,1002,4,318,52
Salmonella_enterica_subsp_enterica_serovar_Typhi_str_CR0044.xml,2325,22,769,164
Enterococcus_faecalis_7430416_3.xml,1244,4,337,60
Streptococcus_mutans_8ID3.xml,1344,4,474,73
Enterococcus_faecalis_B2685.xml,1233,4,328,49
Staphylococcus_lugdunensis_N920143.xml,1645,8,658,114
Paeniclostridium_sordellii_W2922.xml,1072,6,378,24
Dorea_longicatena_ERR1022383.xml,1462,8,489,83
Blautia_torques_ERR2230088.xml,1056,6,295,48
Treponema_vincentii_ATCC_35580.xml,1158,8,318,32
Lachnospiraceae_nov_ERR1022303.xml,979,6,369,36
Campylobacter_jejuni_subsp_jejuni_ICDCCJ07001.xml,1071,14,238,61
Brachyspira_aalborgi_W1.xml,1151,4,383,25
Blautia_nov_ERR2221265.xml,1074,6,408,43
Paeniclostridium_sordellii_UMC1.xml,1079,6,391,24
Neisseria_meningitidis_ATCC_13091.xml,1100,6,325,42
Brevibacillus_brevis_NBRC_100599.xml,1626,16,490,90
Paenibacillus_senegalensis_JC66.xml,1212,6,437,50
Clostridiaceae_nov_ERR2221328.xml,1057,4,385,26
Bifidobacterium_animalis_lactis_DSM_10140.xml,932,8,239,43
Bacillus_thuringiensis_IBL_200.xml,1547,12,468,107
Pantoea_agglomerans_IG1.xml,1913,24,526,112
Streptococcus_pneumoniae_SP14_BS292.xml,1086,2,259,53
Bifidobacterium_adolescentis_BBMN23.xml,1048,4,240,31
Lachnoclostridium_nov_ERR1204033.xml,1105,6,440,51
Streptococcus_pneumoniae_GA44500.xml,1100,2,260,53
Streptococcus_mutans_SM4.xml,1370,4,476,69
Staphylococcus_aureus_subsp_aureus_HO_5096_0412.xml,1394,12,346,82
Clostridioides_mangenotii_TR.xml,975,4,333,24
Salmonella_enterica_subsp_enterica_serovar_Enteritidis_str_543463_42_20.xml,1867,22,427,103
Acinetobacter_baumannii_ABNIH15.xml,1551,14,455,88
Staphylococcus_aureus_M1062.xml,1407,12,348,84
Slackia_faecicanis_DSM_17537.xml,831,4,318,27
Acinetobacter_baumannii_NIPH_24.xml,1555,14,459,88
Enterococcus_faecalis_RMC1.xml,1255,4,331,65
Bacillus_amyloliquefaciens_XH7.xml,1511,14,485,78
Bacteroides_sartorii_JCM_17136.xml,1144,4,353,41
Erysipelotrichaceae_nov_ERR1022369.xml,1020,4,333,39
Eisenbergiella_nov_ERR2221109.xml,1090,6,418,44
Staphylococcus_aureus_subsp_aureus_CIG1176.xml,1384,12,343,84
Campylobacter_jejuni_subsp_doylei_269_97.xml,1403,16,482,97
Bacillus_thuringiensis_Bt407.xml,1488,12,465,81
Enterococcus_faecalis_SF24413.xml,1241,4,322,59
Acinetobacter_calcoaceticus_TG19593.xml,1966,16,740,146
Bifidobacterium_animalis_lactis_Bi_07.xml,936,8,244,45
Bacillus_subtilis_B_1.xml,1523,12,487,83
Parabacteroides_distasonis_ERR1022281.xml,1320,4,382,54
Weissella_ceti_NC36.xml,822,4,281,15
Klebsiella_pneumoniae_UHKPC04.xml,2612,22,830,186
Salmonella_enterica_subsp_enterica_serovar_Agona_str_34_H_09.xml,2346,22,765,172
Odoribacter_splanchnicus_1651_6_DSM_20712.xml,1311,10,378,57
Lactobacillus_animalis_NP51.xml,917,8,294,25
Acinetobacter_baumannii_AB_2008_15_45.xml,1561,14,459,88
Thermus_scotoductus_K1_1.xml,1033,4,370,30
Anaerococcus_hydrogenalis_ACS_025_V_Sch4.xml,1219,6,518,77
Enterococcus_faecium_HM1074.xml,1083,4,313,48
Enterococcus_faecium_UAA1280.xml,1080,4,328,47
Staphylococcus_aureus_subsp_aureus_120.xml,1410,12,343,84
Enterococcus_faecalis_B1719.xml,1233,4,328,49
Staphylococcus_aureus_subsp_aureus_CIG1770.xml,1410,12,348,86
Listeria_monocytogenes_Finland_1988.xml,1346,8,320,66
Mycobacterium_abscessus_M93.xml,1341,10,485,75
Enterococcus_faecium_F9730129_1.xml,1056,4,316,50
Lactobacillus_kunkeei_EFB6.xml,807,4,302,23
Campylobacter_lari_RM2100.xml,1072,2,326,62
Lactobacillus_plantarum_JDM1.xml,1269,4,343,65
Ruminococcaceae_nov_ERR1203965.xml,952,2,361,29
Salmonella_enterica_subsp_enterica_serovar_Agona_str_04_O_05.xml,2350,22,768,172
Staphylococcus_aureus_M0171.xml,1409,12,348,84
Salmonella_enterica_subsp_enterica_serovar_Newport_str_CVM_21554.xml,1648,18,371,84
Enterococcus_faecalis_F1.xml,1242,4,329,62
Dehalobacterium_formicoaceticum_DMC.xml,995,4,364,34
Streptococcus_pneumoniae_GA58581.xml,1091,2,256,56
Streptococcus_pneumoniae_GA05245.xml,1103,2,259,58
Caecibacter_massiliensis_DSM_100188.xml,1119,4,400,34
Salmonella_enterica_subsp_enterica_serovar_Agona_str_69_H_06.xml,2344,22,766,170
Streptococcus_pneumoniae_CDC3059_06.xml,1099,2,259,56
Staphylococcus_aureus_M0673.xml,1407,12,348,84
Proteiniphilum_acetatigenes_DSM_18083.xml,1162,4,334,50
Escherichia_coli_ERR2221113.xml,1924,14,414,105
Acinetobacter_baumannii_NIPH_410.xml,1561,14,454,88
Acinetobacter_junii_SH205.xml,1436,14,450,109
Salmonella_enterica_subsp_enterica_serovar_Paratyphi_A_str_ATCC_9150.xml,2336,22,765,178
Brevibacterium_senegalense_JC43.xml,1100,6,399,40
Peptoniphilus_nov_ERR2221395.xml,765,4,292,23
Listeria_monocytogenes_L312.xml,1710,8,595,121
Lachnoclostridium_nov_ERR1203939.xml,1105,6,440,51
Helicobacter_pylori_GAM244Ai.xml,1300,0,458,78
Salmonella_enterica_subsp_enterica_serovar_Senftenberg_str_SS209.xml,2370,22,778,176
Enterococcus_faecalis_RMC65.xml,1231,4,325,57
Helicobacter_pylori_UM299.xml,1289,2,458,73
Fusobacterium_massiliense_DSM_103085.xml,966,4,332,22
Helicobacter_pylori_HP250ASi.xml,1296,0,448,75
Acinetobacter_baumannii_LAC_4.xml,1502,16,456,62
Streptococcus_pneumoniae_GA47033.xml,1099,2,255,56
Campylobacter_jejuni_subsp_jejuni_DFVF1099.xml,1034,14,271,65
Porphyromonas_gingivalis_TDC60.xml,1454,8,518,58
Staphylococcus_epidermidis_VCU028.xml,1677,16,608,116
Bifidobacterium_bifidum_LMG_13195.xml,1324,4,464,85
Salmonella_enterica_subsp_enterica_serovar_Enteritidis_str_CDC_2010K_1565.xml,1868,22,427,103
Helicobacter_pylori_Cuz20.xml,1283,8,457,57
Salmonella_enterica_subsp_enterica_serovar_Agona_str_31_H_09.xml,2346,22,765,172
Lactobacillus_sanfranciscensis_TMW_1_1304.xml,753,2,229,15
Kluyvera_georgiana_ATCC_51603.xml,1727,14,483,56
Helicobacter_pylori_UM045.xml,1290,4,458,77
Aerococcus_viridans_ATCC_11563.xml,1172,4,429,75
Clostridium_bolteae_90A5.xml,1765,6,732,123
Salmonella_enterica_subsp_enterica_serovar_Enteritidis_str_638970_15.xml,1881,22,438,102
Streptococcus_pneumoniae_MNZ14.xml,1096,2,251,55
Salmonella_enterica_subsp_enterica_serovar_Newport_str_CVM_21550.xml,2392,22,778,187
Helicobacter_pylori_Gambia94_24.xml,1290,0,455,75
Elusimicrobium_minutum_Pei191.xml,979,2,265,31
Streptococcus_parasanguinis_F0405.xml,1274,2,438,67
Streptococcus_mutans_N3209.xml,1390,4,491,76
Clostridium_clariflavum_DSM_19732.xml,1126,6,415,51
Haemophilus_influenzae_6P18H1.xml,1348,8,367,67
Enterococcus_faecium_TX0133a04.xml,1417,4,575,90
Streptococcus_pyogenes_SSI_1.xml,933,4,261,15
Pseudomonas_putida_NBRC_14164.xml,1715,18,497,75
Corynebacteriumruchotii_NCTC10254.xml,954,6,319,38
Lactobacillus_vaginalis_ATCC_49540.xml,1043,2,421,56
Enterococcus_faecalis_UAA823.xml,1237,4,329,47
Staphylococcus_aureus_subsp_aureus_CIG1769.xml,1388,12,359,78
Pediococcus_acidilactici_ERR2221334.xml,885,4,294,29
Salmonella_enterica_subsp_enterica_serovar_Newport_str_CVM_19447.xml,2355,22,765,166
Acinetobacter_calcoaceticus_PHEA_2.xml,1710,20,516,83
Clostridiaceae_nov_ERR2221345.xml,994,4,378,27
Brachyspira_aalborgi_PC3997IV.xml,1063,4,315,25
Bacteroides_cellulosilyticus_ERR2221326.xml,1484,4,384,42
Neglecta_timonensis_DSM_102082.xml,959,4,411,36
Clostridium_acetobutylicum_ATCC_824.xml,1341,6,474,64
Providencia_alcalifaciens_DSM_30120.xml,1673,18,500,102
Bacteroides_uniformis_ERR1022412.xml,1396,4,367,37
Dorea_longicatena_ERR2230069.xml,1069,8,375,39
Erysipelatoclostridium_ramosum_ERR2221231.xml,1091,8,345,43
Flavonifractor_plautii_ERR1022312.xml,1071,6,431,41
Clostridium_massilioamazoniensis_ND2.xml,1107,4,435,31
Kingella_denitrificans_ATCC_33394.xml,1008,10,343,30
Helicobacter_pylori_Hp_P_4.xml,1279,0,453,75
Staphylococcus_aureus_A9299.xml,1387,12,365,78
Acinetobacter_baumannii_ABNIH6.xml,1555,14,449,89
Ruminococcus_bicirculans_80_3.xml,973,2,313,15
Staphylococcus_aureus_M0646.xml,1402,12,346,80
Rubeoparvulum_massiliense_DSM_100479.xml,1120,4,399,46
Salmonella_enterica_subsp_enterica_serovar_Enteritidis_str_561362_1_1.xml,1881,22,438,103
Acinetobacter_baumannii_AB_1650_8.xml,1570,14,458,88
Eggerthella_lenta_DSM_11767.xml,1163,4,491,68
Enterococcus_faecalis_Com_2.xml,1239,4,332,62
Enterococcus_faecalis_7330245_2.xml,1216,4,330,56
Comamonas_aquatica_CJG.xml,1256,6,434,47
Moraxella_catarrhalis_46P47B1.xml,1421,10,598,92
Enterococcus_faecalis_TX2141.xml,1569,4,566,115
Campylobacter_jejuni_subsp_jejuni_2008_894.xml,1335,14,459,84
Staphylococcus_aureus_subsp_aureus_WBG10049.xml,1381,12,354,84
Leuconostoc_argentinum_KCTC_3773.xml,1072,4,343,59
Lactobacillus_acidipiscis_DSM_15836.xml,948,6,315,27
Lactobacillus_johnsonii_ATCC_33200.xml,1228,6,472,55
Streptococcus_pneumoniae_GA49447.xml,1102,2,261,56
Fusobacterium_ulcerans_ATCC_49185.xml,1396,10,541,68
Campylobacter_jejuni_subsp_jejuni_RB922.xml,1322,10,464,64
Staphylococcus_aureus_M1405.xml,1392,12,348,84
Campylobacter_upsaliensis_JV21.xml,1015,14,423,69
Staphylococcus_aureus_M0450.xml,1392,12,348,84
Raoultella_ornithinolytica_B6.xml,1937,20,518,74
Massilibacterium_senegalense_DSM_100455.xml,1123,4,435,51
Pseudomonas_fluorescens_PfO_1.xml,1898,20,542,112
Streptococcus_oralis_Uo5.xml,1089,4,303,75
Eubacterium_yurii_subsp_margaretiae_ATCC_43715.xml,923,4,294,35
Lachnospiraceae_nov_ERR1022353.xml,1146,6,402,49
Lachnospiraceae_nov_ERR2221183.xml,1160,6,419,45
Intestinimonas_butyriciproducens_SRB_521_5_I.xml,1009,2,374,39
Klebsiella_pneumoniae_subsp_pneumoniae_KPNIH1.xml,2603,22,826,188
Streptococcus_pneumoniae_SPN1041.xml,1109,2,254,62
Streptococcus_mutans_ST6.xml,1376,4,489,63
Prevotella_shahii_JCM_12083.xml,1045,4,386,23
Streptococcus_pneumoniae_R6M2_PG.xml,1086,2,260,52
Staphylococcus_aureus_subsp_aureus_M876.xml,1381,12,355,82
Salmonella_enterica_subsp_enterica_serovar_Virchow_str_SL491.xml,2385,22,775,176
Paraclostridium_bifermentans_ATCC_638.xml,1090,6,408,26
Methylobacterium_mesophilicum_SR1_6_6.xml,1701,14,522,109
Salmonella_enterica_subsp_enterica_serovar_Typhi_str_ST0208.xml,2325,20,761,174
Lachnospiraceae_nov_ERR2221187.xml,985,6,377,36
Stenotrophomonas_maltophilia_RR_10.xml,1710,6,715,111
Salmonella_enterica_subsp_enterica_serovar_Enteritidis_str_08_0128.xml,1889,22,445,103
Ureaplasma_urealyticum_serovar_10_str_ATCC_33699.xml,528,2,161,18
Bacteroides_fragilis_BOB25.xml,1354,4,333,63
Streptococcus_intermedius_JTH08.xml,1071,4,274,53
Bacteroides_vulgatus_ERR1204045.xml,1316,4,321,55
Clostridium_beijerinckii_NCIMB_8052.xml,1511,10,507,104
Clostridium_bolteae_90B3.xml,1667,6,676,120
Bacteroides_uniformis_ERR1203944.xml,1340,4,375,37
Klebsiella_pneumoniae_subsp_pneumoniae_KPNIH16.xml,2595,22,826,188
Streptococcus_mitis_SK321.xml,1236,2,496,80
Mycobacterium_avium_subsp_paratuberculosis_JQ5.xml,1628,6,671,97
Bacillus_licheniformis_ERR2221106.xml,1517,4,468,82
Rothia_dentocariosa_M567.xml,1322,10,538,106
Enterococcus_faecalis_B4674.xml,1233,4,328,49
Staphylococcus_aureus_M1044.xml,1403,12,348,80
Acinetobacter_baumannii_W7282.xml,1548,14,457,87
Campylobacter_fetus_subsp_fetus_006A_0073.xml,995,10,304,32
Campylobacter_jejuni_subsp_jejuni_55037.xml,1339,14,460,84
Lactobacillus_helveticus_H10.xml,1240,6,453,66
Lactococcus_lactis_subsp_lactis_KF147.xml,1235,4,307,41
Erysipelotrichaceae_nov_ERR1022368.xml,942,4,332,25
Capnocytophaga_sputigena_ATCC_33612.xml,1145,4,342,53
Salmonella_enterica_subsp_enterica_serovar_Enteritidis_str_543463_40_18.xml,1877,22,436,103
Salmonella_enterica_subsp_enterica_serovar_Enteritidis_str_CVM_56_3991.xml,1869,22,431,103
Lachnoclostridium_nov_ERR1022305.xml,1050,4,431,34
Lactobacillus_antri_DSM_16041.xml,1047,4,520,64
Salmonella_enterica_subsp_enterica_serovar_Agona_str_19_F_03.xml,2349,22,767,172
Acinetobacter_baumannii_NIPH_2061.xml,1555,14,458,88
Enterococcus_faecalis_RM3817.xml,1259,4,331,63
Salmonella_enterica_subsp_enterica_serovar_Enteritidis_str_22510_1.xml,1879,22,437,103
Prevotella_melaninogenica_D18.xml,1340,8,475,74
Bacteroides_fragilis_ERR2230137.xml,1303,4,332,53
Bacillus_licheniformis_ERR2230161.xml,1527,4,486,85
Pseudomonas_aeruginosa_DK2.xml,2216,22,790,178
Ureibacillus_thermosphaericus_str_Thermo_BF.xml,1285,14,445,90
Actinobacillus_pleuropneumoniae_serovar_10_str_D13039.xml,1792,6,646,124
Emergencia_timonensis_DSM_101844.xml,1009,2,412,37
Bacillus_cereus_SJ1.xml,1577,12,418,82
Streptococcus_mitis_bv_2_str_SK95.xml,1223,2,481,52
Actinomyces_johnsonii_F0542.xml,1083,6,369,49
Eubacterium_rectale_M104_1.xml,1159,10,468,56
Staphylococcus_aureus_M0328.xml,1405,12,346,84
Lactobacillus_algidus_CMTALT10.xml,850,4,252,14
Campylobacter_coli_H9.xml,1304,10,430,60
Pseudomonas_stutzeri_KOS6.xml,1429,10,418,92
Staphylococcus_epidermidis_NIH05003.xml,1681,16,620,119
Campylobacter_coli_111_3.xml,1393,14,491,79
Salmonella_enterica_subsp_enterica_serovar_Agona_str_70_E_05.xml,2339,22,777,172
Streptococcus_australis_ERR2221360.xml,922,2,262,27
Helicobacter_canadensis_MIT_98_5491.xml,1054,4,291,54
Salmonella_enterica_subsp_enterica_serovar_Enteritidis_str_CDC_2010K_1457.xml,1878,22,438,103
Erysipelotrichaceae_nov_ERR1203963.xml,949,4,330,29
Campylobacter_jejuni_subsp_jejuni_HB93_13.xml,1273,10,446,55
Escherichia_coli_D9.xml,1930,14,414,103
Enterococcus_faecalis_Pan7.xml,1242,4,331,63
Helicobacter_pylori_Hp_M3.xml,1287,0,452,75
Staphylococcus_vitulinus_F1028.xml,1441,12,449,104
Pseudobutyrivibrio_ruminis_AD2017.xml,1137,4,389,50
Stobaculum_longum_ACC2.xml,865,4,299,40
Raoultella_ornithinolytica_ornithinolytica_strain_S12.xml,1825,18,469,69
Bacteroides_timonensis_AP1.xml,1336,4,383,51
Haemophilus_sputorum_CCUG_13788.xml,1367,8,394,76
Helicobacter_pylori_8A3.xml,1261,8,464,52
Spiroplasma_culicicola_AES_1.xml,658,2,202,9
Bacteroides_vulgatus_ERR2230128.xml,1317,4,329,55
Citrobacter_freundii_GTC_09629.xml,2465,23,814,200
Mycobacterium_abscessus_3A_0930_S.xml,1335,10,480,75
Klebsiella_pneumoniae_VAKPC280.xml,2501,16,801,156
Lactobacillus_iners_AB_1.xml,905,2,382,27
Streptococcus_pneumoniae_GA52306.xml,1098,2,252,56
Helicobacter_pylori_HP250AFiV.xml,1295,0,450,75
Clostridium_innocuum_2959.xml,1192,12,362,85
Helicobacter_pylori_HP116Bi.xml,1303,0,459,81
Pseudoflavonifractor_capillosus_ERR1022447.xml,1114,4,337,40
Enterococcus_faecalis_B1327.xml,1233,4,328,49
Pseudomonas_putida_PC2.xml,1626,18,454,80
Streptococcus_pneumoniae_MNZ41.xml,1081,2,246,55
Melainabacterium_MEL_A1.xml,1061,4,253,33
Ruminococcaceae_nov_ERR2221393.xml,790,4,241,23
Lactobacillus_crispatus_CTV_05.xml,1048,4,419,41
Helicobacter_pylori_P12.xml,1217,0,439,63
Staphylococcus_aureus_M1521.xml,1407,12,348,84
Erysipelotrichaceae_nov_ERR1022464.xml,950,6,329,29
Corynebacterium_variabile_DSM_44702.xml,1093,4,390,48
Clostridium_difficile_R20291.xml,1404,10,351,67
Helicobacter_pylori_NQ4053.xml,1245,2,442,75
Acinetobacter_baumannii_AB_2008_15_34_7.xml,1572,14,470,88
Bifidobacterium_breve_JCM_7017.xml,1046,8,253,39
Anaerostipes_hadrus_ERR1022288.xml,1043,6,386,47
Veillonella_parvula_ACS_068_V_Sch12.xml,1612,4,623,109
Klebsiella_pneumoniae_subsp_pneumoniae_KPNIH12.xml,2598,22,824,183
Salmonella_enterica_subsp_enterica_serovar_Paratyphi_A_str_JX05_19.xml,1876,22,449,103
Enterococcus_faecalis_B1851.xml,1233,4,328,49
Arcobacter_butzleri_RM4018.xml,1113,8,346,64
Brevibacterium_casei_S18.xml,1344,14,466,85
Acinetobacter_baumannii_NIPH_1669.xml,1566,14,461,88
Flavonifractor_plautii_ERR2221213.xml,1099,4,432,39
Acinetobacter_baumannii_48055.xml,1556,14,459,88
Streptococcus_mutans_1SM1.xml,1370,4,482,64
Streptococcus_sanguinis_SK355.xml,1492,6,574,78
Dorea_formicigenerans_ERR1204069.xml,1150,6,319,50
Ruminococcaceae_nov_ERR2221184.xml,915,4,362,24
Yersinia_enterocolitica_subsp_palearctica_105_5Rr.xml,2173,16,755,145
Campylobacter_jejuni_subsp_jejuni_D2600.xml,1391,14,503,88
Salmonella_enterica_subsp_enterica_serovar_Agona_str_52_F_08.xml,2346,22,772,172
Halococcus_morrhuae_DSM1307.xml,938,6,428,51
Noviherbaspirillum_massiliense_JC206.xml,1319,4,474,41
Staphylococcus_aureus_M1544.xml,1407,12,348,84
Lactobacillus_gasseri_CECT_5714.xml,1263,10,455,43
Enterococcus_faecium_H17243.xml,1081,4,315,50
Enterococcus_faecalis_ATCC_35038.xml,1563,4,584,111
Eubacterium_sp_14_2.xml,1028,2,387,36
Fusicatenibacter_saccharivorans_ERR1022400.xml,1023,4,350,40
Lachnospiraceae_nov_ERR1022289.xml,1031,4,387,28
Helicobacter_pylori_Hp_H_36.xml,1285,0,452,75
Corynebacterium_pseudogenitalium_ATCC_33035.xml,989,8,309,35
Salmonella_enterica_subsp_enterica_serovar_Enteritidis_str_SE8a.xml,2324,22,761,163
Bacillus_subtilis_subsp_subtilis_str_SMY.xml,1642,16,469,96
Vibrio_sinaloensis_DSM_21326.xml,1546,10,394,71
Listeria_monocytogenes_M7.xml,1706,8,603,112
Campylobacter_jejuni_jejuni_81_176.xml,1142,16,275,70
Enterococcus_faecium_E1575.xml,1072,4,324,50
Streptococcus_mutans_NV1996.xml,1389,2,489,77
Thermus_scotoductus_SA_01.xml,1114,4,365,40
Streptococcus_pneumoniae_SPN021198.xml,1099,2,265,56
Enterococcus_faecalis_B3053.xml,1233,4,328,49
Staphylococcus_epidermidis_AU12_03.xml,1689,16,615,121
Sneathia_sanguinegens_CCUG41628.xml,888,6,242,19
Bacteroides_fragilis_ERR1203962.xml,1306,4,333,53
Enterobacter_aerogenes_KCTC_2190.xml,2089,24,479,139
Pseudomonas_stutzeri_DSM_4166.xml,1727,18,497,121
Haemophilus_influenzae_PittAA.xml,1343,6,358,79
Collinsella_aerofaciens_ERR2230090.xml,931,4,252,32
Streptococcus_pneumoniae_GA17371.xml,1077,2,268,54
Clostridium_saudiense_JCC.xml,1201,6,437,36
Alistipes_onderdonkii_ERR1022461.xml,1005,2,369,38
Bacillus_thuringiensis_serovar_kurstaki_str_HD73.xml,1518,14,449,108
Erysipelatoclostridium_ramosum_ERR1203924.xml,1093,8,344,43
Achromobacter_xylosoxidans_A8.xml,1854,20,599,122
Helicobacter_pylori_Shi470.xml,1256,2,456,63
Neobacillus_jeddahensis_DSM_28281.xml,1350,6,512,82
Enterococcus_faecium_UAA952.xml,1086,4,327,50
Synergistes_jonesii_78_1.xml,1041,4,385,30
Comamonas_terrigena_NBRC_13299.xml,1386,6,530,48
Streptococcus_pneumoniae_TIGR4.xml,1110,2,245,56
Lachnospiraceae_bacterium_2_1_46FAA.xml,845,4,311,26
Helicobacter_pylori_NQ352.xml,1213,4,414,44
Bacillus_cereus_FORC_005.xml,1492,8,441,84
Eubacterium_oxidoreducens_DSM_3217.xml,1032,6,361,33
Cronobacter_sakazakii_2151.xml,2233,23,757,143
Bacteroides_caccae_ERR2221107.xml,1387,4,324,49
Streptococcus_pneumoniae_GA17719.xml,1094,2,257,56
Alistipes_onderdonkii_ERR1203947.xml,1057,2,355,38
Lactobacillus_paracasei_subsp_paracasei_Lpp226.xml,1493,6,615,101
Citrobacter_koseri_FDAARGOS_164.xml,1781,17,440,67
Coprobacillus_sp_3_3_56FAA.xml,1064,4,364,35
Streptococcus_mutans_TCI_249.xml,1387,2,496,73
Salmonella_enterica_subsp_enterica_serovar_Hadar_str_2011K_0112.xml,2383,22,784,171
Mediterraneibacter_massiliensis_DSM_100837.xml,1002,4,376,63
Yersinia_rohdei_ATCC_43380.xml,1885,18,497,94
Staphylococcus_aureus_subsp_aureus_CIG1612.xml,1410,12,348,84
Xanthomonas_massiliensis_CSUR_P2129.xml,1262,4,540,59
Treponema_denticola_ASLM.xml,1100,8,285,40
Salmonella_enterica_subsp_enterica_serovar_Typhimurium_str_STm10.xml,2375,22,773,169
Streptococcus_oralis_ATCC_35037.xml,1258,2,483,82
Campylobacter_coli_59_2.xml,1392,14,485,81
Porphyromonas_gingivalis_ATCC_33277.xml,1428,8,496,51
Klebsiella_michiganensis_MGH87.xml,1854,16,521,64
Staphylococcus_epidermidis_VCU037.xml,1655,14,614,119
Vibrio_parahaemolyticus_SNUVpS_1.xml,2153,16,764,171
Streptococcus_pneumoniae_NP127.xml,1104,2,254,56
Lactobacillus_kalixensis_DSM_16043.xml,915,4,325,21
Staphylococcus_aureus_M0943.xml,1407,12,348,84
Sinobacterium_caligoides_DSM_100316.xml,1263,8,435,67
Staphylococcus_aureus_M1229.xml,1392,12,348,84
Fusobacterium_nucleatum_subsp_animalis_21_1A.xml,1436,8,518,59
Paeniclostridium_sordellii_VPI_9048.xml,1094,6,401,26
Serratia_rubidaea_NCTC10848.xml,1798,17,446,87
Dialister_microaerophilus_UPII_345_E.xml,833,4,227,15
Thermus_scotoductus_DSM_8553.xml,1078,4,353,38
Staphylococcus_epidermidis_NIHLM015.xml,1686,16,618,123
Lactobacillus_crispatus_FB077_07.xml,1133,4,465,58
Staphylococcus_aureus_M1309.xml,1387,12,356,84
Blautia_nov_ERR2230116.xml,1127,6,392,51
Pseudomonas_aeruginosa_F22031.xml,1637,18,466,88
Enterococcus_faecium_EnGen0305.xml,1418,4,569,86
Staphylococcus_aureus_M0404.xml,1387,12,349,78
Bacillus_thuringiensis_serovar_berliner_ATCC_10792.xml,1546,12,484,104
Bacillus_thuringiensis_BMB171.xml,1537,14,464,102
Stenotrophomonas_maltophilia_ATCC_19867.xml,1838,12,754,141
Streptococcus_parasanguinis_SK236.xml,1278,2,447,70
Eggerthella_lenta_DSM_11863.xml,1155,4,491,71
Enterococcus_faecalis_B84847.xml,1235,4,320,57
Pantoea_sp_YR343.xml,1731,16,475,75
Enterococcus_faecalis_A_2_1.xml,1233,4,315,57
Acinetobacter_baumannii_AB_1536_8.xml,1570,14,453,97
Eubacterium_sulci_ATCC_35585.xml,950,4,407,25
Salmonella_enterica_subsp_enterica_serovar_Hartford_str_2012K_0272.xml,2382,22,783,171
Streptococcus_pneumoniae_SP6_BS73.xml,1090,2,260,51
Methanomassiliicoccus_luminyensis_B10.xml,1023,6,373,28
Alkaliphilus_transvaalensis_ATCC_700919.xml,1058,4,432,19
Sarcina_nov_ERR2221241.xml,1066,4,371,26
Lactonifactor_longoviformis_DSM_17459.xml,1156,4,416,48
Bifidobacterium_animalis_lactis_AD011.xml,809,8,251,42
Mycobacterium_avium_subsp_avium_ATCC_25291.xml,1424,12,444,93
Lachnospiraceae_nov_ERR2230058.xml,945,4,372,30
Streptococcus_mutans_NLML4.xml,1376,4,480,65
Streptococcus_mutans_TCI_152.xml,1375,2,481,73
Campylobacter_jejuni_subsp_jejuni_414.xml,980,10,233,34
Burkholderia_cepacia_GG4.xml,1981,24,500,132
Listeria_monocytogenes_FSL_R2_561.xml,1340,8,324,57
Salmonella_enterica_subsp_enterica_serovar_Typhimurium_str_T000240.xml,2394,24,776,182
Salmonella_enterica_subsp_enterica_serovar_Agona_str_SH08SF124.xml,2340,22,764,172
Bacteroides_rodentium_JCM_16496.xml,1079,4,416,33
Rhodococcus_rhodochrous_ATCC_17895.xml,1370,6,432,65
Lactobacillus_salivarius_HO66_ATCC_11741.xml,927,2,414,49
Eubacterium_dolichum_DSM_3991.xml,780,6,307,72
Enterococcus_faecalis_R712.xml,1553,4,547,109
Listeria_monocytogenes_serotype_1_2a_str_NCCP_No_15743.xml,1633,6,593,100
Bifidobacterium_pseudocatenulatum_ERR1203976.xml,998,6,243,34
Helicobacter_pylori_Hp_A_26.xml,1251,0,461,75
Dorea_longicatena_DSM_13814.xml,1039,8,444,49
Helicobacter_pylori_Hp_H_43.xml,1266,2,453,75
Streptococcus_mitis_SK1073.xml,1232,2,486,68
Staphylococcus_sciuri_subsp_sciuri_Z8.xml,1424,8,447,80
Bacteroides_ovatus_ERR1203959.xml,1484,4,304,56
Ochrobactrum_anthropi_FRAF13.xml,1557,8,528,72
Actinobacillus_pleuropneumoniae_serovar_2_str_4226.xml,1754,6,612,121
Actinomyces_gerencseriae_DSM_6844.xml,1080,8,318,46
Mucispirillum_schaedleri_ASF457.xml,1045,4,356,37
Pseudomonas_stutzeri_28a24.xml,1453,10,445,73
Micrococcus_luteus_trpE16.xml,1080,8,271,54
Bacteroides_stercoris_ERR2230094.xml,1257,4,441,37
Lactobacillus_mindensis_DSM_14500.xml,865,6,255,16
Streptococcus_intermedius_F0413.xml,1249,2,459,77
Lactobacillus_acidipiscis_KCTC_13900.xml,962,6,323,28
Enterococcus_faecalis_SF28073.xml,1244,4,321,59
Butyricimonas_synergistica_DSM_23225.xml,1237,10,410,69
Streptococcus_pneumoniae_SPAR27.xml,1093,2,262,52
Staphylococcus_aureus_subsp_aureus_VRS8.xml,1389,12,345,75
Streptococcus_constellatus_subsp_pharyngis_SK1060.xml,1006,4,348,49
Helicobacter_pylori_R037c.xml,1281,2,460,75
Enterococcus_faecalis_SS_7.xml,1222,4,330,62
Guyana_massiliensis_LF_3.xml,962,6,319,29
Staphylococcus_epidermidis_NIHLM088.xml,1657,14,604,119
Staphylococcus_aureus_M0075.xml,1405,12,346,84
Staphylococcus_aureus_subsp_aureus_TCH130.xml,1390,12,350,82
Clostridium_niameyense_DSM_100441.xml,929,2,400,39
Enterococcus_faecalis_7430315_3.xml,1218,4,331,59
Paenibacillus_tuaregi_DSM_102801.xml,1226,6,478,62
Selenomonas_sputigena_ATCC_35185.xml,1132,4,326,43
Lactobacillus_iners_LactinV_09V1_c.xml,908,2,342,24
Bacillus_thuringiensis_serovar_monterrey_BGSC_4AJ1.xml,1575,14,475,89
Salmonella_enterica_subsp_enterica_serovar_Paratyphi_B_str_SPB7.xml,2398,24,781,182
Streptococcus_pneumoniae_SV36.xml,1106,2,252,56
Lachnospiraceae_nov_ERR171283.xml,1028,4,387,34
Streptococcus_pneumoniae_7533_05.xml,1107,2,255,56
Staphylococcus_aureus_M0547.xml,1409,12,348,84
Klebsiella_pneumoniae_VAKPC254.xml,2610,22,833,190
Pseudomonas_aeruginosa_NCGM2_S1.xml,1861,22,378,110
Bacillus_pseudofirmus_OF4.xml,1535,16,451,111
Alistipes_onderdonkii_ERR1204041.xml,1060,2,354,38
Streptococcus_thermophilus_LMG_18311.xml,977,4,336,58
Clostridium_perfringens_ATCC_13124.xml,1344,6,382,71
Clostridium_scindens_ATCC_35704.xml,1071,10,480,66
Staphylococcus_aureus_subsp_aureus_CM05.xml,1391,12,350,84
Desulfovibrio_desulfuricans_subsp_desulfuricans_DSM_642.xml,1374,6,459,46
Citrobacter_rodentium_ICC168.xml,1802,19,446,79
Enterococcus_faecium_UAA714.xml,1061,4,304,51
Neisseria_mucosa_C102.xml,1500,4,561,105
Kluyvera_cryocrescens_L2.xml,1750,14,485,56
Ruminococcus_obeum_A2_162.xml,1164,8,504,48
Enterococcus_faecium_UAA945.xml,1080,4,324,50
Helicobacter_pylori_35A.xml,1301,6,452,80
Campylobacter_jejuni_subsp_jejuni_110_21.xml,1380,14,487,88
Klebsiella_pneumoniae_G5_2.xml,2550,16,833,161
Paenisporosarcina_sp_HGH0030.xml,1219,4,431,43
Bdellovibrio_bacteriovorus_str_Tiberius.xml,1143,4,378,31
Collinsella_aerofaciens_ERR1204034.xml,935,4,251,32
Acinetobacter_sp_ATCC_27244.xml,1314,8,436,63
Enterococcus_faecium_UAA725.xml,1076,4,317,50
Staphylococcus_aureus_HI010B.xml,1412,12,369,92
Arcanobacterium_haemolyticum_DSM_20595.xml,983,8,347,49
Lactobacillus_fermentum_ATCC_14931.xml,1009,4,519,52
Streptococcus_sanguinis_SK49.xml,1450,4,540,81
Listeria_monocytogenes_Clip80459.xml,1308,6,355,59
Actinomyces_johnsonii_F0510.xml,1059,6,349,44
Lachnospiraceae_nov_ERR1203952.xml,951,2,376,33
Staphylococcus_aureus_subsp_aureus_EMRSA16.xml,1397,12,341,84
Helicobacter_pylori_Hp_H_9.xml,1279,2,451,75
Salmonella_enterica_subsp_enterica_serovar_Enteritidis_str_18569.xml,2332,22,762,164
Streptococcus_mutans_TCI_145.xml,1386,2,502,73
Bacillus_licheniformis_ERR2230107.xml,1527,4,486,85
Campylobacter_jejuni_subsp_jejuni_IA3902.xml,1368,14,470,88
Mycoplasma_hominis_ATCC_23114.xml,517,2,121,19
Streptococcus_mutans_TCI_116.xml,1355,2,472,73
Bifidobacterium_adolescentis_ERR1022366.xml,1045,4,244,31
Enterococcus_faecalis_UAA904.xml,1244,4,335,51
Staphylococcus_aureus_M0622.xml,1406,12,347,84
Staphylococcus_aureus_subsp_aureus_21282.xml,1411,12,349,84
Streptococcus_pneumoniae_GA13224.xml,1103,2,256,56
Streptococcus_parasanguinis_FW213.xml,1336,4,432,86
Citrobacter_amalonaticus_Y19.xml,1976,16,475,108
Prevotellaceae_bacterium_Marseille_P2826.xml,862,4,300,33
Streptococcus_mutans_TCI_294.xml,1387,2,503,73
Bifidobacterium_breve_MCC_1094.xml,1052,8,256,37
Blautia_nov_ERR1022294.xml,1125,6,434,47
Pseudomonas_fluorescens_Q2_87.xml,1794,18,496,107
Staphylococcus_epidermidis_NIHLM049.xml,1687,16,625,121
Streptococcus_pneumoniae_GA08780.xml,1114,2,266,56
Vibrio_mimicus_VM573.xml,1805,6,720,95
Enterococcus_faecalis_B1678.xml,1224,4,341,49
Salmonella_enterica_subsp_enterica_serovar_Enteritidis_str_50_3079.xml,1881,22,440,103
Veillonella_sp_3_1_44.xml,1139,6,430,81
Enterococcus_faecalis_TX4000.xml,1594,4,583,119
Salmonella_enterica_subsp_enterica_serovar_Hartford_str_06_0676.xml,2378,22,772,171
Clostridium_indolis_DSM_755.xml,1393,6,482,63
Enterococcus_faecalis_TX0031.xml,1578,4,581,110
Enterococcus_faecalis_B4672.xml,1233,4,328,49
Bifidobacterium_kashiwanohense_DSM_21854.xml,1108,8,298,41
Actinomyces_odontolyticus_F0309.xml,1282,8,508,100
Aeromonas_jandaei_Riv2.xml,1634,10,443,69
Leuconostoc_pseudomesenteroides_4882.xml,976,2,302,29
Dorea_longicatena_ERR2221186.xml,1029,8,387,40
Staphylococcus_succinus_subsp_succinus_DSM_14617.xml,1307,8,413,68
Corynebacterium_phoceense_DSM_100570.xml,1018,8,346,44
Staphylococcus_aureus_M0408.xml,1394,12,354,76
Clostridium_sp_SS2_1.xml,1111,10,533,60
Helicobacter_pylori_83.xml,1281,6,447,80
Treponema_denticola_ATCC_35404.xml,1099,8,331,37
Salmonella_enterica_subsp_enterica_serovar_Typhimurium_str_STm12.xml,2375,22,773,169
Blautia_luti_ERR2221098.xml,1082,6,386,51
Salmonella_enterica_subsp_enterica_serovar_Paratyphi_A_str_AKU_12601.xml,1893,22,438,111
Streptococcus_mutans_NLML5.xml,1374,4,474,76
Staphylococcus_aureus_subsp_aureus_21283.xml,1410,12,349,81
Clostridium_sp_KLE_1755.xml,1084,6,395,44
Staphylococcus_epidermidis_NIHLM020.xml,1667,14,624,119
Bifidobacterium_longum_ERR2221351.xml,1091,10,272,41
Streptococcus_pneumoniae_GA41410.xml,1078,2,259,53
Klebsiella_pneumoniae_VAKPC278.xml,2562,22,813,179
Blautia_nov_ERR2221270.xml,1074,6,408,43
Prevotella_denticola_CRIS_18C_A.xml,1351,8,523,74
Coprobacillus_cateniformis_D6.xml,951,2,365,52
Campylobacter_fetus_subsp_fetus_82_40.xml,1194,6,390,60
Enterococcus_faecium_HM1072.xml,1093,4,317,48
Haemophilus_influenzae_7P49H1.xml,1364,6,368,68
Klebsiella_pneumoniae_subsp_pneumoniae_KPNIH10.xml,2603,22,826,188
Selenomonas_bovis_8_14_1.xml,1104,6,349,38
Lachnospiraceae_bacterium_1_4_56FAA.xml,961,6,402,33
Roseburia_faecis_ERR1022321.xml,1039,4,367,30
Streptococcus_pneumoniae_GA58771.xml,1113,2,259,56
Streptococcus_mutans_TCI_163.xml,1374,2,488,73
Streptococcus_sobrinus_TCI_50.xml,1021,4,330,24
Solobacterium_moorei_F0204.xml,959,8,301,29
Neisseria_sicca_VK64.xml,1142,4,345,39
Rothia_aeria_F0474.xml,1030,10,324,63
Streptococcus_mutans_N29.xml,1382,4,482,69
Aeromonas_hydrophila_14.xml,2021,17,732,137
Blautia_massiliensis_GD9.xml,1139,6,353,42
Bacillus_thuringiensis_serovar_tochigiensis_BGSC_4Y1.xml,1497,10,480,77
Staphylococcus_aureus_HI049C.xml,1412,12,369,92
Bacteroides_pectinophilus_ATCC_43243.xml,958,4,428,26
Streptococcus_mutans_N34.xml,1372,4,485,69
Staphylococcus_aureus_A9719.xml,1385,12,366,84
Enterococcus_faecalis_ERR2221341.xml,1174,6,341,36
Bacillus_amyloliquefaciens_DSM7.xml,1690,16,504,114
Streptococcus_pneumoniae_GA02270.xml,1097,2,255,56
Streptococcus_mutans_5DC8.xml,1370,4,490,75
Enterococcus_faecalis_UAA902.xml,1244,4,335,51
Actinomyces_odontolyticus_ATCC_17982.xml,839,6,328,56
Cellulosilyticum_lentocellum_DSM_5427.xml,1196,4,384,52
Streptococcus_pneumoniae_1974M1_LZD.xml,1098,2,247,58
Salmonella_enterica_subsp_enterica_serovar_Typhimurium_ATCC_14028.xml,1778,16,464,90
Clostridiales_sp_1_7_47FAA.xml,1205,8,532,63
Streptococcus_intermedius_ATCC_27335.xml,1254,2,468,64
Helicobacter_pylori_Puno135.xml,1295,2,452,78
Ruminococcaceae_nov_ERR1022299.xml,925,2,340,29
Lactobacillus_paracasei_subsp_paracasei_Lpp120.xml,1433,4,551,72
Actinomyces_graevenitzii_C83.xml,983,6,360,74
Lactobacillus_casei_casei_BL23.xml,1122,8,430,71
Pseudomonas_fluorescens_Pf_5.xml,1726,18,563,99
Staphylococcus_intermedius_NCTC_11048.xml,1324,8,395,68
Eubacterium_hallii_L2_7.xml,1088,4,426,57
Oribacterium_sinus_F0268.xml,1093,6,386,73
Enterococcus_flavescens_ERR2221217.xml,1093,4,386,36
Salmonella_enterica_subsp_enterica_serovar_Newport_str_SL317.xml,2368,22,767,166
Streptococcus_mutans_TCI_400.xml,1388,2,494,73
Leuconostoc_gelidum_KCTC_3527.xml,1293,6,557,70
Enterococcus_faecalis_TX0855.xml,1588,4,587,113
Prevotella_oralis_ATCC_33269.xml,1150,6,346,37
Staphylococcus_aureus_subsp_aureus_M899.xml,1383,12,354,82
Staphylococcus_aureus_PPUKM_332_2009.xml,1385,12,348,78
Clostridium_colicanis_DSM_13634.xml,1051,4,370,28
Prevotella_sp_C561.xml,928,4,331,28
Streptococcus_pneumoniae_GA04216.xml,1100,2,257,56
Sphingosinicella_microcystinivorans_B9.xml,1213,6,339,70
Bacillus_atrophaeus_UCMB_5137.xml,1917,14,746,143
Streptococcus_pneumoniae_GA16531.xml,1083,2,248,51
Staphylococcus_aureus_M1109.xml,1401,12,347,84
Enterococcus_faecalis_B5076.xml,1227,4,325,46
Eggerthia_catenaformis_OT_569.xml,1071,8,373,55
Erwinia_rhapontici_BIGb0435.xml,1719,18,424,85
Clostridium_botulinum_CB11_1_1.xml,1625,6,651,132
Bacteroides_faecis_ERR1204043.xml,1261,4,378,47
Salmonella_enterica_subsp_enterica_serovar_Newport_str_CVM_37978.xml,2376,22,772,184
Vibrio_parahaemolyticus_AQ3810.xml,1932,10,751,117
Klebsiella_pneumoniae_subsp_pneumoniae_ST258_K28BO.xml,2482,16,794,164
Campylobacter_jejuni_subsp_jejuni_LMG_23264.xml,1385,16,490,88
Klebsiella_pneumoniae_subsp_pneumoniae_KPNIH14.xml,2508,16,805,174
Acinetobacter_baumannii_Canada_BC1.xml,1556,14,450,89
Prevotella_baroniae_DSM_16972_JCM_13447.xml,930,4,287,25
Helicobacter_pylori_Hp_A_17.xml,1285,0,453,72
Veillonella_atypica_KON.xml,1453,6,562,67
Salmonella_enterica_subsp_enterica_serovar_Agona_str_13_E_05.xml,2348,22,770,172
Lactobacillus_curvatus_JCM_1096_DSM_20019.xml,834,4,285,14
Erysipelotrichaceae_bacterium_21_3.xml,1038,4,334,39
Enterococcus_faecalis_ERV93.xml,1562,4,563,111
Streptococcus_salivarius_K12.xml,1373,2,477,80
Salmonella_enterica_subsp_enterica_serovar_Enteritidis_str_CDC_2010K_1882.xml,1888,22,438,103
Treponema_denticola_ATCC_33520.xml,1091,6,297,40
Bifidobacterium_pullorum_DSM_20433.xml,855,4,246,38
Erysipelotrichaceae_nov_ERR2230108.xml,953,6,331,29
Proteus_vulgaris_KCTC_2579.xml,1460,15,458,57
Dorea_longicatena_ERR1203969.xml,1091,8,368,39
Eikenella_corrodens_ATCC_23834.xml,1142,4,363,47
Klebsiella_pneumoniae_UHKPC40.xml,2608,22,831,186
Blautia_wexlerae_ERR1022425.xml,1081,6,381,50
Ralstonia_pickettii_52.xml,1590,16,482,71
Coprococcus_comes_ERR1022382.xml,1126,8,354,37
Akkermansia_sp_KLE1798.xml,1056,4,363,37
Acaricomes_phytoseiuli_DSM_14247.xml,1064,8,310,39
Afipia_birgiae_34632.xml,1513,12,511,98
Enterococcus_faecalis_TX0635_WH245.xml,1248,4,340,56
Corynebacterium_tuscaniense_DNF00037.xml,990,4,351,42
Acinetobacter_baumannii_Naval_21.xml,1551,14,445,89
Pseudomonas_aeruginosa_C3719.xml,2095,18,738,124
Streptococcus_pneumoniae_GA43264.xml,1103,2,255,56
Enterococcus_mundtii_crl1656.xml,1006,6,356,29
Enterococcus_faecium_7330446_2.xml,1064,4,299,47
Acinetobacter_baumannii_OIFC087.xml,1561,14,464,88
Acinetobacter_baumannii_NIPH_615.xml,1570,14,466,80
Delftia_acidovorans_CCUG_15835.xml,2165,14,898,149
Acinetobacter_baumannii_AYE.xml,1560,16,452,94
Staphylococcus_aureus_M0001.xml,1406,12,380,84
Bacteroides_uniformis_ERR2230139.xml,1305,4,359,37
Moraxella_catarrhalis_7169.xml,1426,10,609,92
Bordetella_hinzii_F582.xml,1451,8,547,56
Staphylococcus_aureus_M1188.xml,1402,12,347,84
Salmonella_enterica_subsp_enterica_serovar_Agona_str_26_F_98.xml,2347,22,763,172
Acinetobacter_baumannii_AB_TG19617.xml,1550,14,459,85
Bacteroides_xylanisolvens_ERR2221366.xml,1229,4,302,54
Listeria_monocytogenes_10403S.xml,1735,8,626,123
Streptococcus_mutans_TCI_82.xml,1375,2,475,73
Fusobacterium_nucleatum_subsp_nucleatum_ATCC_25586.xml,1203,10,417,49
Yersinia_frederiksenii_ATCC_33641.xml,1913,18,473,109
Bacillus_subtilis_subsp_subtilis_str_BAB_1.xml,1598,12,473,89
Moraxella_catarrhalis_103P14B1.xml,1407,10,588,92
Streptococcus_mutans_TCI_196.xml,1380,2,485,73
Enterococcus_faecium_E1626.xml,1086,4,315,50
Lactobacillus_amylolyticus_DSM_11664.xml,759,4,361,34
Kytococcus_sedentarius_1083_KSED.xml,918,6,304,36
Parasporobacterium_paucivorans_DSM_15970.xml,1001,6,356,48
Bacteroides_caecimuris_I48.xml,1175,4,334,37
Enterococcus_faecalis_B1843.xml,1233,4,328,49
Staphylococcus_capitis_CR0101.xml,1381,8,410,87
Prevotella_buccalis_DNF00853.xml,946,4,347,20
Bacteroides_stercoris_ERR2230124.xml,1257,4,441,37
Helicobacter_pylori_GAM249T.xml,1296,0,445,78
Enterococcus_faecium_UAA1025.xml,1082,4,314,50
Salmonella_enterica_subsp_enterica_serovar_Typhimurium_str_TN061786.xml,2275,16,744,158
Streptococcus_pneumoniae_GA43257.xml,1119,2,266,56
Lactobacillus_nov_ERR2221384.xml,1026,4,362,30
Salmonella_enterica_subsp_enterica_serovar_Typhimurium_str_14028S.xml,2345,22,772,162
Lachnospiraceae_bacterium_sp_5_1_63FAA.xml,1121,10,529,60
Corynebacterium_sp_HFH0082.xml,1025,6,373,39
Klebsiella_pneumoniae_VAKPC270.xml,2612,22,835,181
Fusobacterium_mortiferum_ATCC_9817.xml,1361,10,535,65
Ureaplasma_parvum_serovar_1_str_ATCC_27813.xml,522,4,148,22
Staphylococcus_aureus_M1199.xml,1407,12,348,84
Acinetobacter_baumannii_ATCC_19606.xml,1570,14,458,88
Bifidobacterium_coryneforme_DSM_20216.xml,939,4,294,40
Leuconostoc_carnosum_JB16.xml,919,4,266,22
Prevotella_buccae_ATCC_33574.xml,1222,8,388,48
Helicobacter_pylori_Hp_P_41.xml,1276,0,442,72
Bradyrhizobium_yuanmingense_CCBAU_25021.xml,1395,4,500,76
Lactobacillus_helveticus_R0052.xml,1228,4,433,74
Dietzia_cinnamea_NBRC_102147.xml,1107,4,378,58
Helicobacter_pylori_Hp_H_19.xml,1289,0,456,75
Enhydrobacter_aerosaccus_ATCC_27094.xml,1441,6,491,66
Fusobacterium_nucleatum_subsp_animalis_3_1_33.xml,1144,8,457,45
Acinetobacter_baumannii_Canada_BC_5.xml,1559,14,450,89
Enterococcus_faecalis_SF24396.xml,1239,4,332,60
Klebsiella_pneumoniae_342.xml,2551,22,880,199
Helicobacter_pylori_NQ4044.xml,1259,0,455,75
Paenibacillus_graminis_RSA19.xml,1352,8,439,67
Staphylococcus_aureus_M0212.xml,1405,12,346,84
Acinetobacter_baumannii_Naval_2.xml,1555,14,458,88
Mycobacterium_tuberculosis_H37Rv.xml,1199,6,360,56
Lachnospira_pectinoschiza_ERR1022352.xml,930,2,333,27
Lagierella_massiliensis_CSUR_P2012.xml,755,6,281,31
Bacteroides_nordii_CL02T12C05.xml,1400,10,404,76
Bacteroides_thetaiotaomicron_ERR2221312.xml,1571,4,302,52
Helicobacter_pylori_Shi417.xml,1298,2,463,75
Staphylococcus_aureus_subsp_aureus_21189.xml,1412,12,348,84
Streptococcus_pneumoniae_CGSP14.xml,1101,2,245,56
Nocardioides_massiliensis_GD13.xml,1144,4,401,57
Staphylococcus_aureus_subsp_aureus_IS_189.xml,1407,12,352,78
Pseudomonas_stutzeri_RCH2.xml,1561,12,460,100
Coprococcus_sp_HPP0048.xml,976,6,368,31
Dorea_formicigenerans_ERR1203975.xml,1150,6,319,49
Enterococcus_faecalis_UAA903.xml,1244,4,335,51
Aliivibrio_fischeri_ES114.xml,1387,6,422,55
Salmonella_enterica_subsp_enterica_serovar_Paratyphi_C_strain.xml,2351,18,764,178
Streptococcus_pneumoniae_2081074.xml,1104,2,252,60
Streptococcus_pneumoniae_PNI0006.xml,1103,2,254,60
Mobiluncus_curtisii_ATCC_51333.xml,1175,6,469,116
Staphylococcus_aureus_M1036.xml,1392,12,348,84
Salmonella_enterica_subsp_enterica_serovar_Typhimurium_str_STm9.xml,2378,22,773,175
Streptococcus_mitis_SK616.xml,1241,2,503,79
Helicobacter_pylori_NQ4161.xml,1278,0,446,75
Streptococcus_pneumoniae_2071004.xml,1109,2,256,60
Schwartzia_succinivorans_DSM_10502.xml,1068,4,302,42
Streptococcus_mutans_TCI_219.xml,1377,2,478,73
Lachnospiraceae_nov_ERR1022351.xml,979,6,370,36
Christensenellaceae_nov_ERR1022455.xml,907,2,345,26
Streptococcus_pneumoniae_BS457.xml,1091,2,253,56
Staphylococcus_aureus_subsp_aureus_CIG1267.xml,1384,12,343,84
Staphylococcus_epidermidis_VCU041.xml,1672,14,617,121
Vibrio_mimicus_MB_451.xml,1714,18,447,116
Enterococcus_faecalis_ERR2221228.xml,1178,6,337,37
Parascardovia_denticolens_IPLA_20019.xml,810,4,243,19
Campylobacter_jejuni_subsp_jejuni_60004.xml,1394,14,491,90
Ruminococcaceae_nov_ERR1022311.xml,907,4,348,27
Acinetobacter_baumannii_AB_1766_8.xml,1552,14,458,88
Mycoplasma_hyopneumoniae_168_L.xml,734,4,272,11
Bifidobacterium_pseudocatenulatum_IPLA36007.xml,971,6,246,31
Enterococcus_faecalis_D3.xml,1216,4,330,56
Salmonella_enterica_subsp_enterica_serovar_Enteritidis_str_62_1976.xml,1883,22,437,103
Enterococcus_faecalis_B2864.xml,1233,4,328,49
Lactobacillus_jensenii_115_3_CHN.xml,1165,4,438,94
Listeria_monocytogenes_str_Scott_A.xml,1712,10,596,123
Brevibacterium_linens_BL2.xml,1335,10,455,85
Bacillus_amyloliquefaciens_subsp_amyloliquefaciens_DC_12.xml,1644,10,472,90
Enterorhabdus_mucosicola_DSM_19490.xml,919,4,326,40
Mycobacterium_abscessus_M24.xml,1317,10,479,75
Campylobacter_jejuni_subsp_jejuni_ICDCCJ07002.xml,1359,14,472,81
Butyricicoccus_nov_ERR2221182.xml,1026,4,391,40
Cardiobacterium_hominis_612_ETAR_1001_5485_127101.xml,1170,8,297,40
Acinetobacter_baumannii_Naval_78.xml,1553,14,457,88
Bacteroides_vulgatus_ERR2221259.xml,1317,4,329,55
Succinivibrio_dextrinosolvens_H5.xml,1203,6,467,40
Campylobacter_gracilis_RM3268.xml,1035,4,364,69
Staphylococcus_aureus_subsp_aureus_GR1.xml,1391,12,349,82
Blautia_nov_ERR2230110.xml,1074,6,408,43
Anaerobacillus_macyae_DSM_16346.xml,1343,6,430,62
Vibrio_sinaloensis_AD032.xml,1510,10,386,67
Rickettsiella_grylli.xml,838,4,318,19
Paenibacillus_ihuae_GD6.xml,1309,8,422,54
Streptococcus_pneumoniae_GA58981.xml,1108,2,267,56
Bifidobacterium_longum_subsp_longum_35B.xml,1371,8,512,74
Helicobacter_apodemus_SCJK1.xml,975,4,297,33
Flavonifractor_plautii_YL31.xml,1075,4,421,39
Gabonibacter_massiliensis_DSM_101039.xml,1013,4,357,35
Staphylococcus_aureus_subsp_aureus_132.xml,1432,12,348,82
Blautia_luti_DSM_14534.xml,1118,6,384,43
Streptococcus_pneumoniae_GA19101.xml,1096,2,251,56
Dermacoccus_nishinomiyaensis_DSM_20448.xml,1290,8,456,57
Lachnospiraceae_nov_ERR1203972.xml,935,4,378,28
Streptococcus_pneumoniae_GA47283.xml,1072,2,255,56
Bifidobacterium_bifidum_ERR1022335.xml,1031,4,235,40
Bifidobacterium_asteroides_Hma3.xml,919,4,291,41
Bacteroides_caccae_ERR2221357.xml,1416,4,345,49
Listeria_monocytogenes_serotype_7_SLCC_2482.xml,1340,8,321,66
Cronobacter_sakazakii_696.xml,1881,14,767,82
Enterococcus_faecalis_B2277.xml,1233,4,328,49
Bacillus_mojavensis_RO_H_1.xml,1741,16,444,118
Klebsiella_pneumoniae_UHKPC_52.xml,2532,16,811,131
Enterococcus_faecalis_CH570.xml,1232,4,328,47
Staphylococcus_epidermidis_W23144.xml,1651,10,613,115
Lactobacillus_nov_ERR2221311.xml,907,4,348,30
Staphylococcus_aureus_subsp_aureus_CIG290.xml,1397,12,349,86
Staphylococcus_aureus_M0934.xml,1407,12,348,84
Slackia_piriformis_YIT_12062.xml,962,4,372,62
Paeniclostridium_sordellii_R15892.xml,1085,6,383,26
Staphylococcus_aureus_subsp_aureus_58_424.xml,1379,12,355,79
Streptococcus_pneumoniae_23F.xml,1073,2,280,56
Acinetobacter_junii_NIPH_182.xml,1744,10,647,132
Bifidobacterium_asteroides_DSM_20089.xml,914,4,281,40
Acinetobacter_calcoaceticus_RUH2202.xml,1950,16,736,141
Streptococcus_thermophilus_ND03.xml,1344,4,465,83
Staphylococcus_aureus_M1510.xml,1391,12,349,86
Coprococcus_nov_ERR2221394.xml,1026,4,371,35
Staphylococcus_aureus_subsp_aureus_C160.xml,1385,12,344,84
Bacteroides_vulgatus_ERR1022458.xml,1329,4,334,55
Acinetobacter_baumannii_AB31.xml,1503,16,443,70
Proteus_mirabilis_AOUC_001.xml,1468,10,429,61
Salmonella_enterica_subsp_enterica_serovar_Enteritidis_str_CDC_2010K_1884.xml,1887,22,438,103
Lactobacillus_buchneri_ATCC_11577.xml,1142,6,492,59
Bacillus_thuringiensis_MC28.xml,1556,14,476,111
Bacteroides_vulgatus_ERR2221267.xml,1331,4,343,55
Enterococcus_faecium_E1630.xml,1060,4,321,47
Paenibacillus_sp_HGH0039.xml,1376,8,481,51
Agrobacterium_fabrum_str_C58.xml,1606,12,532,73
Flavonifractor_plautii_ERR1022446.xml,1076,4,421,39
Helicobacter_winghamensis_ATCC_BAA_430.xml,992,6,397,51
Bacteroides_uniformis_ERR2230141.xml,1302,4,360,37
Bradyrhizobium_japonicum_USDA_124.xml,1608,10,547,104
Peptoniphilus_phoceensis_SIT15.xml,856,4,331,30
Streptococcus_mutans_U2A.xml,1380,4,477,76
Lactobacillus_saerimneri_30a.xml,820,2,296,21
Lactobacillus_brevis_DSM_20054.xml,1060,6,383,52
Campylobacter_jejuni_jejuni_ICDCCJ07004.xml,1161,16,288,70
Helicobacter_pylori_GAM114Ai.xml,1302,0,439,78
Streptococcus_parasanguinis_ERR2221175.xml,988,4,250,29
Roseburia_nov_ERR2221407.xml,1073,4,407,30
Staphylococcus_epidermidis_41tr.xml,1333,12,354,76
Lactobacillus_delbrueckii_subsp_bulgaricus_CNCM_I_1632.xml,1236,4,490,61
Campylobacter_jejuni_subsp_jejuni_51037.xml,1305,14,455,82
Clostridium_botulinum_D_str_1873.xml,1133,6,304,60
Bittarella_massiliensis_GD6.xml,915,4,301,23
Bifidobacterium_breve_MCC_0121.xml,1044,8,250,39
Bacteroidetes_oral_taxon_274_str_F0058.xml,904,4,304,20
Helicobacter_pylori_26695.xml,1139,6,460,59
Anaerostipes_hadrus_ERR1022326.xml,1047,6,383,47
Acinetobacter_lwoffii_NCTC_5866.xml,1736,12,662,132
Acinetobacter_baumannii_WC_348.xml,1566,14,457,88
Dermacoccus_sp_Ellin185.xml,1060,6,369,46
Streptococcus_pneumoniae_GA47360.xml,1095,2,256,60
Serratia_rubidaea_NBRC_103169.xml,1802,19,452,96
Lactobacillus_oris_F0423.xml,1142,6,421,63
Klebsiella_pneumoniae_ERR2221118.xml,1968,16,430,102
Staphylococcus_aureus_M1007.xml,1411,12,348,84
Clostridium_botulinum_E3_str_Alaska_E43.xml,1680,6,679,138
Staphylococcus_aureus_M0367.xml,1392,12,348,84
Streptococcus_sanguinis_SK36.xml,1273,8,388,61
Enterococcus_faecium_EnGen0316.xml,1393,4,543,90
Bifidobacterium_bifidum_ATCC_29521.xml,996,4,231,40
Streptococcus_mutans_11SSST2.xml,1387,2,497,71
Mycobacterium_abscessus_M152.xml,1311,10,465,78
Helicobacter_pylori_Puno120.xml,1301,6,476,77
Enterobacter_cloacae_subsp_cloacae_ENHKU01.xml,2392,25,793,177
Bacteroides_pyogenes_DSM20611.xml,1235,4,356,40
Campylobacter_jejuni_subsp_jejuni_129_258.xml,1333,14,462,81
Salmonella_enterica_subsp_enterica_serovar_Agona_str_72_A_52.xml,2342,22,763,172
Pelomonas_saccharophila_DSM_654.xml,1472,6,470,63
Gordonia_terrae_C_6.xml,1461,12,512,94
Campylobacter_rectus_RM3267.xml,1100,8,425,67
Helicobacter_pylori_Lithuania75.xml,1264,0,456,70
Streptococcus_pneumoniae_2072047.xml,1054,2,232,53
Helicobacter_pylori_GAMchJs124i.xml,1300,0,462,81
Lactobacillus_plantarum_WCFS1.xml,1245,4,555,72
Pediococcus_pentosaceus_IE_3.xml,1154,4,471,66
Helicobacter_pylori_GAM239Bi.xml,1311,2,459,81
Listeria_monocytogenes_J0161_FSL_R2_499.xml,1344,8,323,57
Enterococcus_saccharolyticus_DSM8903.xml,1095,4,387,21
Streptococcus_pneumoniae_gamPNI0373.xml,1078,2,271,62
Enterobacter_cloacae_ERR2221194.xml,1765,19,408,80
Selenomonas_noxia_ATCC_43541.xml,1075,4,280,41
Alistipes_shahii_ERR2221103.xml,962,4,331,40
Kluyvera_ascorbata_ATCC_33433.xml,1927,12,526,82
Bacteroides_vulgatus_ERR2230134.xml,1314,4,329,55
Enterococcus_faecalis_T20.xml,1235,4,324,57
Rikenella_microfusus_DSM_15922.xml,1046,4,315,39
Yersinia_enterocolitica_FORC_002.xml,1623,12,404,51
Lachnospiraceae_nov_ERR1022481.xml,1040,4,414,28
Staphylococcus_aureus_M0197.xml,1409,12,348,84
Butyricimonas_sp_Marseille_P2440.xml,1001,6,380,50
Eubacterium_limosum_ERR2221373.xml,1196,8,389,70
Haemophilus_influenzae_10810.xml,1379,8,385,67
Variovorax_paradoxus_NBRC_15149.xml,1609,10,486,74
Salmonella_enterica_subsp_enterica_serovar_Typhimurium_str_STm3.xml,2377,22,773,169
Salmonella_enterica_subsp_enterica_serovar_Enteritidis_str_CHS4.xml,2320,22,755,164
Bacteroides_uniformis_ERR1022271.xml,1354,4,387,37
Salmonella_enterica_subsp_enterica_serovar_Agona_str_59_F_08.xml,2345,22,769,172
Acinetobacter_baumannii_OIFC109.xml,1566,14,462,88
Cellulomonas_massiliensis_JC225.xml,1142,6,352,46
Bradyrhizobium_yuanmingense_CCBAU_05623.xml,1468,6,523,76
Veillonella_sp_HPA0037.xml,1119,6,329,31
Staphylococcus_aureus_M0999.xml,1407,12,348,84
Enterococcus_faecalis_B939.xml,1233,4,328,49
Mycoplasma_hyopneumoniae_232.xml,731,4,266,9
Staphylococcus_aureus_subsp_aureus_IS_99.xml,1382,12,345,78
Bacillus_toyonensis_BAG1O_2.xml,1553,10,496,107
Streptococcus_mutans_21.xml,1394,4,501,76
Bacteroides_acidifaciens_ERR2221208.xml,1024,4,328,44
Bacillus_amyloliquefaciens_Y2.xml,1527,14,468,75
Helicobacter_pylori_Hp_P_4c.xml,1286,0,463,75
Salmonella_enterica_subsp_enterica_serovar_Enteritidis_str_CDC_2010K_1575.xml,1878,22,437,103
Acinetobacter_baumannii_MDR_TJ.xml,1562,16,468,88
Helicobacter_pylori_2018.xml,1287,0,459,75
Streptococcus_mutans_TCI_78.xml,1385,2,492,73
Staphylococcus_hominis_subsp_hominis_ZBW5.xml,1604,12,633,114
Moraxella_catarrhalis_25240.xml,1082,6,379,47
Enterococcus_faecium_E1050.xml,1093,4,332,50
Lactobacillus_casei_ERR2221303.xml,1126,6,325,32
Listeria_monocytogenes_SLCC_2540.xml,1349,8,321,66
Acinetobacter_sp_WC_141.xml,1547,14,439,95
Campylobacter_jejuni_RM1221.xml,1344,14,470,82
Mobiluncus_holmesii_ATCC_35242.xml,1014,6,297,47
Clostridium_sp_AT4.xml,869,2,362,54
Enterococcus_faecalis_TX1322.xml,1202,6,478,81
Staphylococcus_epidermidis_NIHLM040.xml,1684,12,616,119
Salmonella_enterica_subsp_enterica_serovar_Agona_str_SH10GFN094.xml,2348,22,763,172
Helicobacter_pylori_Aklavik86.xml,1256,2,448,79
Acinetobacter_baumannii_Naval_113.xml,1555,14,459,88
Bifidobacterium_breve_NCFB_2258.xml,1034,8,250,42
Longibaculum_muris_DSM_29487.xml,1011,4,370,32
Parabacteroides_distasonis_ERR1022415.xml,1359,4,355,53
Erysipelotrichaceae_nov_ERR1022332.xml,943,4,348,25
Salmonella_enterica_subsp_enterica_serovar_Enteritidis_str_607308_16.xml,1880,22,438,101
Streptococcus_pneumoniae_NP070.xml,1094,2,248,56
Klebsiella_pneumoniae_subsp_pneumoniae_KPNIH2.xml,2602,22,825,188
Slackia_equolifaciens_DSM_24851.xml,899,4,349,38
Streptococcus_sanguinis_ATCC_49296.xml,1263,2,477,81
Staphylococcus_aureus_subsp_aureus_21264.xml,1386,12,345,84
Aerococcus_christensenii_CCUG28831.xml,775,2,300,22
Bacillus_megaterium_DSM319.xml,1727,22,522,96
Lactococcus_lactis_subsp_cremoris_A76.xml,1130,8,330,29
Enterococcus_faecalis_UAA769.xml,1238,4,325,51
Helicobacter_pylori_Hp_P_26.xml,1285,0,441,75
Helicobacter_pylori_B38.xml,1283,0,451,75
Streptococcus_pneumoniae_GA49138.xml,1085,2,258,51
Staphylococcus_aureus_M0900.xml,1390,12,347,84
Streptococcus_sanguinis_SK72.xml,1482,4,558,81
Collinsella_aerofaciens_ERR2230145.xml,931,4,252,32
Enterobacter_mori_LMG_25706.xml,1745,13,464,53
Streptococcus_pneumoniae_SPN072838.xml,1103,2,249,56
Listeria_innocua_Clip11262.xml,1202,4,351,40
Bacteroides_thetaiotaomicron_ERR1022459.xml,1546,4,284,53
Streptococcus_mitis_B6.xml,1168,2,420,77
Staphylococcus_aureus_subsp_aureus_IS_250.xml,1348,12,373,78
Succinatimonas_hippei_YIT_12066.xml,1166,12,487,63
Pseudomonas_aeruginosa_2_1_26.xml,1675,6,513,94
Streptococcus_mutans_NLML8.xml,1391,4,489,76
Bifidobacterium_longum_ERR2230133.xml,1090,10,274,41
Enterococcus_faecalis_YI6_1.xml,1230,4,332,62
Turicibacter_sanguinis_ERR2230131.xml,985,4,373,23
Staphylococcus_aureus_M0468.xml,1411,12,348,84
Staphylococcus_aureus_subsp_aureus_LGA251.xml,1430,12,352,82
Eggerthella_sp_YY7918.xml,967,8,350,73
Staphylococcus_aureus_O11.xml,1385,14,345,82
Enterococcus_faecalis_E1Sol.xml,1572,4,575,112
Citrobacter_amalonaticus_FDAARGOS_166.xml,1791,17,448,78
Staphylococcus_aureus_subsp_aureus_str_Newman.xml,1412,12,349,84
Sarcina_nov_ERR1204026.xml,1053,4,370,26
Tannerella_forsythia_ATCC_43037.xml,1079,6,364,34
Staphylococcus_aureus_subsp_aureus_Mu3.xml,1376,12,347,76
Staphylococcus_aureus_M0235.xml,1392,12,348,84
Staphylococcus_epidermidis_NIHLM001.xml,1680,16,622,125
Acinetobacter_baumannii_OIFC180.xml,1564,14,468,88
Listeria_monocytogenes_ATCC_19117.xml,1739,10,624,120
Campylobacter_coli_Z156.xml,1393,14,486,84
Campylobacter_curvus_DSM_6644.xml,1298,10,519,85
Clostridium_sporogenes_ATCC_15579.xml,1407,12,337,62
Paeniclostridium_sordellii_AM370.xml,1070,6,391,24
Rothia_mucilaginosa_M508.xml,1301,6,555,76
Enterobacter_nov_ERR2221289.xml,1840,14,528,64
Brachyspira_aalborgi_PC4580III.xml,1102,4,347,27
Lactobacillus_animalis_KCTC_3501.xml,1065,6,405,52
Yersinia_pseudotuberculosis_B_7195.xml,2116,18,742,131
Staphylococcus_aureus_M0334.xml,1409,12,348,84
Streptococcus_pneumoniae_GA14688.xml,1108,2,253,56
Streptococcus_salivarius_ERR2221359.xml,1012,4,267,24
Clostridium_paraputrificum_AGR2156.xml,1269,4,421,60
Bacteroides_vulgatus_ERR2221254.xml,1317,4,329,55
Propionibacterium_freudenreichii_ERR2221306.xml,1157,12,353,42
Staphylococcus_aureus_M1216.xml,1410,12,354,79
Kocuria_palustris_CD07_3.xml,1107,6,380,48
Streptococcus_pneumoniae_GA60190.xml,1106,2,251,56
Cutibacterium_granulosum_TM11.xml,1014,6,350,34
Helicobacter_pylori_GAM103Bi.xml,1295,0,461,78
Haemophilus_aegyptius_ATCC_11116.xml,1179,6,400,32
Enterococcus_faecium_UAA210.xml,1084,4,311,50
Salmonella_enterica_subsp_enterica_serovar_Agona_str_01_O_05.xml,2243,14,738,158
Enterococcus_faecalis_ERR1203927.xml,1163,6,316,37
Brachyspira_aalborgi_PC5587_p.xml,1090,4,350,27
Haemophilus_pittmaniae_HK_85.xml,1185,4,434,42
Mycobacterium_abscessus_3A_0122_S.xml,1335,10,480,75
Streptococcus_pneumoniae_5652_06.xml,1108,2,255,56
Staphylococcus_aureus_subsp_aureus_VRS6.xml,1387,12,349,78
Moraxella_catarrhalis_O35E.xml,1416,10,593,90
Acinetobacter_baumannii_AB_TG2028.xml,1560,14,455,94
Coprococcus_catus_GD_7.xml,1198,10,423,75
Bacteroides_stercoris_ERR2230062.xml,1255,4,446,37
Yersinia_pseudotuberculosis_IP_32953.xml,2126,18,744,138
Pseudomonas_aeruginosa_LESB58.xml,2245,22,798,163
Ruminococcus_bicirculans_ERR1022485.xml,941,2,314,22
Streptococcus_pneumoniae_GA49194.xml,1105,2,247,58
Bradyrhizobium_japonicum_E109.xml,1544,6,559,76
Enterococcus_faecalis_ERR2221203.xml,1176,6,342,36
Streptococcus_pneumoniae_MNZ11b.xml,1099,2,250,60
Staphylococcus_aureus_M0994.xml,1390,12,346,78
Staphylococcus_capitis_VCU116.xml,1648,16,654,135
Helicobacter_rodentium_ATCC_700285.xml,921,8,244,29
Pseudomonas_aeruginosa_SJTD_1.xml,2260,24,798,181
Klebsiella_pneumoniae_KP_11.xml,2631,22,848,173
Salmonella_enterica_subsp_enterica_serovar_Enteritidis_str_CDC_2010K_1559.xml,1882,22,437,103
Corynebacterium_durum_F0235.xml,1160,6,396,79
Enterococcus_faecium_A17_Sv1.xml,1060,4,299,47
Alistipes_onderdonkii_ERR2230093.xml,1017,4,374,38
Blautia_nov_ERR1022340.xml,1062,6,400,43
Enterococcus_faecalis_ERR2230123.xml,1132,6,302,39
Staphylococcus_aureus_subsp_aureus_USA300.xml,1414,12,350,92
Enterococcus_faecium_ERR2221216.xml,1009,6,343,27
Aeromonas_dhakensis_277.xml,2116,23,726,160
Klebsiella_sp_1_1_55.xml,2116,16,546,124
Coprococcus_eutactus_ERR1022477.xml,1030,4,352,30
Bacteroides_acidifaciens_ERR2221211.xml,1002,4,318,38
Micrococcus_luteus_NDB3Y10.xml,1116,8,317,51
Helicobacter_pylori_HP260Bi.xml,1304,0,462,78
Streptococcus_agalactiae_ERR2221173.xml,1056,6,273,24
Staphylococcus_aureus_M0045.xml,1404,12,367,84
Helicobacter_pylori_HP250BSi.xml,1294,0,446,75
Sutterella_parvirubra_YIT_11816.xml,1075,6,414,21
Porphyromonas_asaccharolytica_PR426713P_I.xml,1296,6,507,48
Clostridium_sp_DL_VIII.xml,1297,8,475,38
Eubacterium_biforme_DSM_3989.xml,849,6,345,51
Bacteroides_vulgatus_ERR2221256.xml,1314,4,329,55
Ruminococcaceae_nov_ERR1022448.xml,835,2,304,20
Lachnospiraceae_nov_ERR1022381.xml,1180,6,437,44
Anaerococcus_hydrogenalis_DSM_7454.xml,858,8,372,45
Pseudomonas_aeruginosa_MRW44_1.xml,2225,24,791,166
Microvirga_massiliensis_JC119.xml,1489,6,557,66
Staphylococcus_aureus_M0529.xml,1409,12,348,84
Coprobacillus_sp_D7.xml,995,2,449,41
Mycobacterium_abscessus_M156.xml,1306,10,503,69
Anaerotruncus_colihominis_ERR1022453.xml,1075,6,395,35
Staphylococcus_aureus_subsp_aureus_VRS2.xml,1396,12,358,78
Pseudomonas_aeruginosa_ATCC_14886.xml,2247,24,796,178
Helicobacter_pylori_NQ1671.xml,1272,2,451,73
Staphylococcus_aureus_M0006.xml,1401,12,366,84
Enorma_massiliensis_phI.xml,856,4,334,29
Acinetobacter_baumannii_IS_143.xml,1553,14,457,89
Staphylococcus_aureus_M0831.xml,1411,12,348,84
Clostridium_bolteae_90B8.xml,1713,4,687,124
Eubacterium_rectale_ERR1204052.xml,1143,6,335,47
Enterococcus_faecalis_Com7.xml,1241,4,321,60
Streptococcus_pneumoniae_SP3_BS71.xml,1082,2,250,56
Ochrobactrum_intermedium_LMG_3301.xml,1673,18,522,105
Morganella_morganii_FDAARGOS_63.xml,1490,10,434,49
Streptococcus_sanguinis_SK408.xml,1476,4,561,79
Clostridium_bolteae_WAL_14578.xml,1170,8,449,72
Pseudomonas_aeruginosa_9BR.xml,2253,22,828,176
Ureaplasma_urealyticum_serovar_13_str_ATCC_33698.xml,523,2,162,4
Mycobacterium_abscessus_3A_0810_R.xml,1335,10,480,75
Mobilicoccus_massiliensis_DSM_29065.xml,1248,6,467,86
Eggerthella_lenta_A2.xml,1143,4,485,67
Haemophilus_parainfluenzae_215035_2_ISO5.xml,1298,8,371,48
Enterococcus_faecalis_B1005.xml,1233,4,328,49
Staphylococcus_aureus_M1578.xml,1392,12,348,84
Enterococcus_faecalis_TX1346.xml,1559,4,577,112
Pseudomonas_sp_HPB0071.xml,1550,6,581,78
Staphylococcus_aureus_M0351.xml,1406,12,348,81
Bacteroides_thetaiotaomicron_ERR2221264.xml,1509,4,317,52
Klebsiella_michiganensis_FDAARGOS_66.xml,1849,14,515,66
Shigella_sonnei_FDAARGOS_71.xml,1770,12,432,86
Staphylococcus_aureus_subsp_aureus_TW20.xml,1410,12,351,78
Bacteroides_acidifaciens_1e8A.xml,1072,4,381,41
Streptococcus_mutans_AC4446.xml,1361,4,469,67
Blautia_torques_ERR1022479.xml,1257,6,379,51
Staphylococcus_aureus_subsp_aureus_CIG1605.xml,1384,12,343,84
Lactobacillus_apodemi_DSM_16634_JCM_16172.xml,964,8,344,27
Acinetobacter_nosocomialis_NIPH_2119.xml,1496,16,440,64
Escherichia_sp_1_1_43.xml,1268,12,454,50
Blautia_nov_ERR1022378.xml,1062,6,403,40
Fusobacterium_perfoetens_ATCC_29250.xml,1166,4,404,30
Clostridium_mediterraneense_Marseille_P2434.xml,919,4,333,28
Bacillus_subtilis_ERR2221132.xml,1551,10,489,90
Streptococcus_infantarius_subsp_infantarius_CJ18.xml,1281,2,474,93
Rahnella_aquatilis_DLL7529.xml,1547,17,449,61
Clostridium_sporosphaeroides_DSM_1294.xml,1154,8,398,68
Micrococcus_luteus_RIT304.xml,1070,8,264,52
Corynebacterium_ammoniagenes_DSM_20306.xml,1297,12,427,83
Enterococcus_faecalis_HIP11704.xml,1597,4,588,113
Gottschalkia_acidurici_9a.xml,936,4,349,28
Streptococcus_mutans_TCI_169.xml,1359,4,476,75
Enterococcus_faecium_E0045.xml,1049,4,302,50
Salmonella_enterica_subsp_enterica_serovar_Enteritidis_str_607307_2.xml,1882,22,437,103
Bifidobacterium_bifidum_BGN4.xml,1088,8,259,66
Actinomyces_timonensis_DSM_23838.xml,1064,4,343,48
Staphylococcus_aureus_subsp_aureus_M1015.xml,1380,12,355,82
Escherichia_coli_MS_79_10.xml,1932,16,407,98
Pseudomonas_mendocina_EGD_AQ5.xml,1526,4,549,68
Bartonella_quintana_RM_11.xml,1098,2,478,68
Lachnospiraceae_nov_ERR1022402.xml,980,6,350,40
Lactobacillus_agilis_UMNLA4.xml,968,4,278,30
Streptococcus_pneumoniae_EU_NP01.xml,1102,2,257,60
Streptococcus_mutans_TCI_399.xml,1374,2,475,73
Streptococcus_pneumoniae_2070531.xml,1115,2,266,56
Flaviflexus_massiliensis_SIT4.xml,997,6,382,39
Aeromonas_media_WS.xml,1761,18,480,112
Prevotella_sp_oral_taxon_473_str_F0040.xml,887,4,304,16
Salmonella_enterica_subsp_enterica_serovar_Dublin_str_CT_02021853.xml,2369,24,765,177
Streptococcus_timonensis_CSUR_P2915.xml,765,2,293,29
Staphylococcus_epidermidis_NIH06004.xml,1691,14,627,119
Streptococcus_pneumoniae_GA18523.xml,1104,2,257,56
Porphyromonas_bennonis_DSM_23058_JCM_16335.xml,1028,4,334,19
Bacteroides_cellulosilyticus_ERR2230100.xml,1481,4,389,42
Ruminococcus_bromii_ERR1022486.xml,856,6,220,35
Parabacteroides_distasonis_ERR1022462.xml,1301,4,372,53
Bacillus_thuringiensis_serovar_andalousiensis_BGSC_4AW1.xml,1555,14,474,104
Dorea_formicigenerans_ERR2230157.xml,1151,6,345,51
Fusobacterium_ulcerans_12_1B.xml,1767,8,742,90
Helicobacter_pylori_Hp_A_16.xml,1284,0,451,75
Enterococcus_faecium_E1185.xml,1084,4,318,48
Staphylococcus_aureus_M1248.xml,1407,12,348,84
Bacteroides_uniformis_ERR1022360.xml,1345,4,374,37
Acinetobacter_baumannii_WC_A_92.xml,1547,14,465,88
Dialister_succinatiphilus_YIT_11850.xml,1193,6,434,61
Leclercia_adecarboxylata_ATCC_23216_NBRC_102595.xml,1729,14,477,61
Acinetobacter_baumannii_AA_014.xml,1561,14,455,88
Mycobacterium_abscessus_5S_0708.xml,1327,10,480,73
Bacillus_atrophaeus_C89.xml,1961,16,775,150
Capnocytophaga_sp_oral_taxon_326_str_F0382.xml,1041,2,296,24
Staphylococcus_aureus_subsp_aureus_DR10.xml,1392,12,346,81
Laribacter_hongkongensis_HLHK9.xml,1335,16,364,72
Klebsiella_oxytoca_ERR2221399.xml,1886,19,525,67
Campylobacter_showae_CSUNSWCD.xml,1104,10,418,72
Aeromonas_hydrophila_187.xml,2031,17,748,131
Blautia_torques_ERR2221100.xml,1165,6,326,51
Paeniclostridium_sordellii_E204.xml,1090,6,394,26
Aliivibrio_fischeri_MJ11.xml,1406,6,433,55
Streptococcus_mutans_KK23.xml,1404,4,508,69
Salmonella_enterica_subsp_enterica_serovar_Enteritidis_str_640631.xml,2332,22,767,164
Anaerovorax_odorimutans_DSM_5092.xml,930,4,329,28
Turicibacter_sanguinis_ERR2221386.xml,973,4,361,23
Staphylococcus_aureus_M0692.xml,1405,12,346,84
Enterococcus_gilvus_ATCC_BAA_350.xml,1167,8,362,44
Staphylococcus_aureus_subsp_aureus_NN50.xml,1409,12,348,82
Actinobacillus_pleuropneumoniae_S8.xml,1744,6,605,122
Alistipes_onderdonkii_ERR2230089.xml,1017,4,374,38
Klebsiella_pneumoniae_ERR2221368.xml,1952,16,423,118
Blautia_torques_ERR2221189.xml,1039,6,297,48
Bacteroides_acidifaciens_JCM_10556.xml,1072,4,304,38
Pseudomonas_putida_B6_2.xml,1735,18,493,106
Myroides_odoratimimus_CCUG_12700.xml,1210,6,389,49
Mobiluncus_mulieris_ATCC_35239.xml,844,6,238,33
Salmonella_enterica_subsp_enterica_serovar_Dublin_str_SL1438.xml,2372,22,764,179
Staphylococcus_aureus_M0427.xml,1407,12,348,84
Staphylococcus_aureus_subsp_aureus_CIG1114.xml,1411,12,348,86
Enterococcus_faecalis_B594.xml,1233,4,328,49
Eubacterium_cylindroides_T2_87.xml,940,6,307,33
Lactobacillus_salivarius_salivarius_UCC118.xml,962,2,378,66
Helicobacter_pylori_R055a.xml,1283,6,471,77
Collinsella_aerofaciens_ERR2221153.xml,923,6,234,68
Enterococcus_faecalis_ERR2221223.xml,1172,6,331,39
Providencia_stuartii_MRSN_2154.xml,2133,18,785,132
Victivallis_vadensis_MGYG_HGUT_02473.xml,1050,4,323,39
Streptococcus_pneumoniae_GA17971.xml,1092,2,252,60
Peptoniphilus_lacrimalis_DSM_7455.xml,990,8,410,42
Clostridium_cellobioparum_DSM_1351.xml,1312,6,469,40
Eubacterium_plexicaudatum_ASF492.xml,1079,6,370,41
Acinetobacter_baumannii_ABNIH23.xml,1552,14,455,88
Staphylococcus_aureus_M0144.xml,1409,12,348,84
Mycobacterium_abscessus_9808.xml,1326,10,474,78
Lactobacillus_plantarum_subsp_plantarum_ST_III.xml,1567,4,602,102
Staphylococcus_aureus_M1359.xml,1407,12,348,84
Staphylococcus_aureus_M1531.xml,1388,12,350,78
Staphylococcus_epidermidis_M0881.xml,1684,14,632,121
Helicobacter_pylori_F57.xml,1297,6,455,80
Staphylococcus_aureus_subsp_aureus_VRS1.xml,1383,12,344,84
Prevotella_multisaccharivorax_DSM_17128.xml,1004,4,297,31
Lactobacillus_ultunensis_DSM_16047.xml,922,2,425,36
Streptococcus_mutans_TCI_85.xml,1358,4,478,75
Enterococcus_faecalis_V583.xml,1265,6,327,67
Salmonella_enterica_subsp_enterica_serovar_Newport_str_CVM_N18486.xml,2381,22,776,184
Vibrio_furnissii_CIP_102972.xml,2073,10,741,144
Enterococcus_faecalis_ATCC_6055.xml,1546,4,577,108
Enterococcus_faecalis_FA2_2.xml,1254,4,325,62
Comamonas_aquatica_NBRC_14918.xml,1271,6,445,47
Staphylococcus_epidermidis_BVS058A4.xml,1667,16,607,121
Bacteroides_sp_HPS0048.xml,1260,4,359,49
Enterococcus_faecium_E4215.xml,1070,4,312,50
Neisseria_sicca_C2010005502.xml,1131,4,338,39
Staphylococcus_aureus_M0252.xml,1406,12,347,84
Helicobacter_pylori_GAM265BSii.xml,1302,0,452,78
Klebsiella_pneumoniae_subsp_pneumoniae_WGLW5.xml,2535,16,822,164
Salmonella_enterica_subsp_enterica_serovar_Newport_str_CVM_19536.xml,2373,22,775,179
Streptococcus_gallolyticus_subsp_gallolyticus_ATCC_43143.xml,1204,4,386,80
Micromonospora_aurantiaca_ATCC_27029.xml,1413,10,467,98
Salmonella_enterica_subsp_enterica_serovar_Thompson_str_2010K_1863.xml,1919,22,449,103
Porphyromonas_gingivicanis_JCM_15907.xml,857,4,260,15
Acinetobacter_baumannii_NIPH_70.xml,1552,14,449,86
